feature,hits,rounds,hit_rate,p,confirmed
rel_premium,20.0,20,1.0,1.0,False
rel_premium_z,20.0,20,1.0,0.010254084985282207,False
log_age,20.0,20,1.0,5.2617832469731884e-43,True
log_boss_kills,20.0,20,1.0,0.00047042524578911753,False
log_kills_pp,20.0,20,1.0,1.35806625604378e-39,True
log_players_online_avg,20.0,20,1.0,2.4342207498311746e-23,True
mom7,20.0,20,1.0,1.0,False
ret_sd7,20.0,20,1.0,1.35806625604378e-39,True
doy_sin,20.0,20,1.0,0.010254084985282207,False
doy_cos,20.0,20,1.0,0.14310588565839868,False
ret_mean7,20.0,20,1.0,5.2617832469731884e-43,True
turnover_7,20.0,20,1.0,5.2617832469731884e-43,True
dist_ma90,20.0,20,1.0,1.0,False
dist_ma30,20.0,20,1.0,1.0,False
premium_x_disp,20.0,20,1.0,5.2617832469731884e-43,True
ret_lag1,20.0,20,1.0,5.2617832469731884e-43,True
px_z30,20.0,20,1.0,1.0,False
xw_med_logp,20.0,20,1.0,1.0,False
ret_ew7,20.0,20,1.0,1.0,False
ret_ew3,20.0,20,1.0,1.0,False
ret_ew14,20.0,20,1.0,1.0,False
boss_share,20.0,20,1.0,1.0,False
ret_sd30,19.0,20,0.95,1.0,False
mom14,19.0,20,0.95,1.35806625604378e-39,True
ret_mean14,19.0,20,0.95,1.0,False
xw_ret,19.0,20,0.95,1.0,False
world_age,19.0,20,0.95,1.0,False
days_since_battleye,19.0,20,0.95,0.14310588565839868,False
days_to_update,19.0,20,0.95,1.0,False
g30_boss_kills,19.0,20,0.95,1.4222650935446162e-12,True
ret_skew30,18.0,20,0.9,1.0,False
log_monsters_killed,18.0,20,0.9,1.0,False
xw_disp,18.0,20,0.9,0.14310588565839868,False
top10_share,17.0,20,0.85,1.0,False
vol_x_breadth,16.0,20,0.8,1.0,False
vol_ew14,15.0,20,0.75,1.0,False
log_races_hunted,15.0,20,0.75,1.0,False
w_engagement,14.0,20,0.7,1.0,False
hunt_hhi,14.0,20,0.7,9.427636044136806e-26,True
log_day_sold,13.0,20,0.65,7.3204644747904395e-09,True
days_since_merge,13.0,20,0.65,1.0,False
ret_mean30,13.0,20,0.65,1.2493847338989056e-16,True
idx_premium_demand,10.0,20,0.5,1.467368686286535e-14,True
w_log_activity_year,10.0,20,0.5,1.0,False
idx_premium_demand_7,9.0,20,0.45,1.0,False
rel_kills,9.0,20,0.45,1.0,False
ret_sd14,8.0,20,0.4,1.0,False
g7_boss_kills,8.0,20,0.4,1.0,False
mom30,7.0,20,0.35,5.2617832469731884e-43,True
idx_activity,6.0,20,0.3,5.2617832469731884e-43,True
vol_ew7,5.0,20,0.25,1.0,False
xw_kills,4.0,20,0.2,2.4342207498311746e-23,True
vol_ew3,3.0,20,0.15,5.2617832469731884e-43,True
breadth_up,3.0,20,0.15,1.6650234315007797e-36,True
beta_gap,2.0,20,0.1,0.010254084985282207,False
death_ratio,2.0,20,0.1,5.2617832469731884e-43,True
log_players_killed,2.0,20,0.1,2.9213122481621506e-28,True
ret_lag5,1.0,20,0.05,1.0,False
g7_players_killed,1.0,20,0.05,1.35806625604378e-39,True
ret_lag14,1.0,20,0.05,1.1316336753166514e-10,True
deaths_pp,1.0,20,0.05,5.2617832469731884e-43,True
g30_players_online_avg,1.0,20,0.05,1.0,False
ret_lag3,0.0,20,0.0,1.0,False
w_log_population,0.0,20,0.0,1.0,False
w_log_people_in_guilds,0.0,20,0.0,1.0,False
w_log_guilds,0.0,20,0.0,1.0,False
w_log_active_chars,0.0,20,0.0,1.0,False
w_log_ach_points,0.0,20,0.0,1.0,False
ret_lag2,0.0,20,0.0,1.0,False
ret_lag21,0.0,20,0.0,1.0,False
w_premium_share,0.0,20,0.0,1.0,False
ret_lag7,0.0,20,0.0,5.2617832469731884e-43,True
w_log_record_online,0.0,20,0.0,1.0,False
update_release,0.0,20,0.0,1.0,False
turnover_imb,0.0,20,0.0,1.0,False
w_mean_level,0.0,20,0.0,1.0,False
w_pct_lvl100,0.0,20,0.0,5.2617832469731884e-43,True
xfer_regular,0.0,20,0.0,1.0,False
xfer_locked,0.0,20,0.0,1.0,False
xfer_blocked,0.0,20,0.0,1.0,False
w_premium_only,0.0,20,0.0,1.467368686286535e-14,True
w_log_premium_accounts,0.0,20,0.0,5.2617832469731884e-43,True
battleye,0.0,20,0.0,5.2617832469731884e-43,True
region_south,0.0,20,0.0,5.2617832469731884e-43,True
g30_kills_pp,0.0,20,0.0,5.2617832469731884e-43,True
has_day_bought,0.0,20,0.0,5.2617832469731884e-43,True
has_active_traders,0.0,20,0.0,5.2617832469731884e-43,True
g7_races_hunted,0.0,20,0.0,0.14310588565839868,False
g7_players_online_avg,0.0,20,0.0,1.0,False
g7_monsters_killed,0.0,20,0.0,1.0,False
g7_kills_pp,0.0,20,0.0,1.0,False
g30_races_hunted,0.0,20,0.0,0.14310588565839868,False
g30_players_killed,0.0,20,0.0,1.0,False
g30_monsters_killed,0.0,20,0.0,1.35806625604378e-39,True
event_soon,0.0,20,0.0,2.4342207498311746e-23,True
region_north,0.0,20,0.0,5.2617832469731884e-43,True
ev_xp_skill,0.0,20,0.0,1.4222650935446162e-12,True
ev_rapid_respawn,0.0,20,0.0,1.35806625604378e-39,True
ev_loot,0.0,20,0.0,5.2617832469731884e-43,True
ev_exaltation,0.0,20,0.0,1.6650234315007797e-36,True
ev_double_reward,0.0,20,0.0,1.2893420161309263e-33,True
ev_any,0.0,20,0.0,5.2617832469731884e-43,True
dow_sin,0.0,20,0.0,1.0,False
dow_cos,0.0,20,0.0,1.0,False
days_to_event,0.0,20,0.0,2.9213122481621506e-28,True
has_day_sold,0.0,20,0.0,0.00047042524578911753,False
idx_inflation_pressure,0.0,20,0.0,3.792172016093432e-07,True
is_merge_dest,0.0,20,0.0,7.072582532635909e-31,True
is_weekend,0.0,20,0.0,9.427636044136806e-26,True
region_europe,0.0,20,0.0,1.0,False
pvp_retro,0.0,20,0.0,1.0,False
pvp_optional,0.0,20,0.0,1.2493847338989056e-16,True
pvp_open,0.0,20,0.0,1.0,False
pvp_hardcore,0.0,20,0.0,1.0,False
pre_update_7,0.0,20,0.0,1.0,False
pre_update_30,0.0,20,0.0,1.0,False
pre_update_14,0.0,20,0.0,1.0,False
post_update_30,0.0,20,0.0,1.0,False
post_update_14,0.0,20,0.0,1.0,False
optional_pvp,0.0,20,0.0,1.0,False
never_battleye,0.0,20,0.0,1.0,False
n_events,0.0,20,0.0,1.35806625604378e-39,True
month,0.0,20,0.0,1.0,False
merged_recently,0.0,20,0.0,1.0,False
log_day_bought,0.0,20,0.0,1.0,False
log_active_traders,0.0,20,0.0,1.6650234315007797e-36,True
kills_x_pvp,0.0,20,0.0,1.5371304417346002e-05,True
kills_x_event,0.0,20,0.0,5.2617832469731884e-43,True
never_merged,0.0,20,0.0,1.35806625604378e-39,True
