date,event
2023-01-30,The First Dragon
2023-01-31,The First Dragon
2023-02-01,The First Dragon
2023-02-02,The First Dragon
2023-02-03,Rapid Respawn
2023-02-03,The First Dragon
2023-02-04,Rapid Respawn
2023-02-04,The First Dragon
2023-02-05,Rapid Respawn
2023-02-05,The First Dragon
2023-02-06,Rapid Respawn
2023-02-06,The First Dragon
2023-02-07,The First Dragon
2023-02-08,The First Dragon
2023-02-09,The First Dragon
2023-02-10,The First Dragon
2023-02-11,The First Dragon
2023-02-12,The First Dragon
2023-02-12,Full Moon
2023-02-13,Full Moon
2023-02-14,Valentine's Day
2023-02-14,Full Moon
2023-02-15,Valentine's Day
2023-02-15,Full Moon
2023-02-20,Last Creep Standing
2023-02-21,A Piece of Cake
2023-02-21,Last Creep Standing
2023-02-22,A Piece of Cake
2023-02-22,Last Creep Standing
2023-02-23,A Piece of Cake
2023-02-23,Last Creep Standing
2023-02-24,A Piece of Cake
2023-02-24,Last Creep Standing
2023-02-25,A Piece of Cake
2023-02-25,Last Creep Standing
2023-02-26,A Piece of Cake
2023-03-03,XP/Skill Event
2023-03-04,XP/Skill Event
2023-03-05,XP/Skill Event
2023-03-06,XP/Skill Event
2023-03-10,Orcsoberfest
2023-03-11,Orcsoberfest
2023-03-12,Orcsoberfest
2023-03-12,Full Moon
2023-03-13,Orcsoberfest
2023-03-13,Full Moon
2023-03-14,Orcsoberfest
2023-03-14,Full Moon
2023-03-15,Orcsoberfest
2023-03-15,Colours of Magic
2023-03-15,Full Moon
2023-03-16,Orcsoberfest
2023-03-16,Colours of Magic
2023-03-17,Orcsoberfest
2023-03-17,Colours of Magic
2023-03-18,Colours of Magic
2023-03-19,Colours of Magic
2023-03-20,Colours of Magic
2023-03-21,Colours of Magic
2023-03-22,Colours of Magic
2023-03-23,Colours of Magic
2023-04-06,Loot Event
2023-04-07,Loot Event
2023-04-08,Loot Event
2023-04-09,Loot Event
2023-04-10,Loot Event
2023-04-12,Full Moon
2023-04-13,Full Moon
2023-04-14,Full Moon
2023-04-15,Full Moon
2023-04-16,Spring into Life
2023-04-17,Spring into Life
2023-04-18,Spring into Life
2023-04-19,Spring into Life
2023-04-20,Spring into Life
2023-04-20,Last Creep Standing
2023-04-21,Spring into Life
2023-04-21,Last Creep Standing
2023-04-22,Spring into Life
2023-04-22,Last Creep Standing
2023-04-23,Spring into Life
2023-04-23,Last Creep Standing
2023-04-24,Last Creep Standing
2023-04-25,Last Creep Standing
2023-05-05,XP/Skill Event
2023-05-06,XP/Skill Event
2023-05-07,XP/Skill Event
2023-05-07,Demon's Lullaby
2023-05-08,XP/Skill Event
2023-05-08,Demon's Lullaby
2023-05-09,Demon's Lullaby
2023-05-10,Demon's Lullaby
2023-05-11,Demon's Lullaby
2023-05-12,Demon's Lullaby
2023-05-12,Full Moon
2023-05-13,Demon's Lullaby
2023-05-13,Full Moon
2023-05-14,Demon's Lullaby
2023-05-14,Full Moon
2023-05-15,Full Moon
2023-05-20,Last Creep Standing
2023-05-21,Last Creep Standing
2023-05-22,Last Creep Standing
2023-05-23,Last Creep Standing
2023-05-24,Last Creep Standing
2023-05-25,Last Creep Standing
2023-06-02,Loot Event
2023-06-02,XP/Skill Event
2023-06-03,Loot Event
2023-06-03,XP/Skill Event
2023-06-04,Loot Event
2023-06-04,XP/Skill Event
2023-06-05,Loot Event
2023-06-05,XP/Skill Event
2023-06-12,Full Moon
2023-06-13,Full Moon
2023-06-14,Full Moon
2023-06-15,Full Moon
2023-06-20,Last Creep Standing
2023-06-21,Bewitched
2023-06-21,Last Creep Standing
2023-06-22,Bewitched
2023-06-22,Last Creep Standing
2023-06-23,Bewitched
2023-06-23,Last Creep Standing
2023-06-24,Bewitched
2023-06-24,Last Creep Standing
2023-06-25,Bewitched
2023-06-25,Last Creep Standing
2023-07-07,XP/Skill Event
2023-07-08,XP/Skill Event
2023-07-09,XP/Skill Event
2023-07-10,XP/Skill Event
2023-07-12,Full Moon
2023-07-13,Full Moon
2023-07-14,Full Moon
2023-07-15,Full Moon
2023-07-20,Last Creep Standing
2023-07-21,Last Creep Standing
2023-07-22,Last Creep Standing
2023-07-23,Last Creep Standing
2023-07-24,Last Creep Standing
2023-07-25,Last Creep Standing
2023-08-01,Rise of Devovorga
2023-08-04,Rapid Respawn
2023-08-05,Rapid Respawn
2023-08-06,Rapid Respawn
2023-08-07,Rapid Respawn
2023-08-12,Full Moon
2023-08-13,Full Moon
2023-08-14,Full Moon
2023-08-15,Full Moon
2023-08-20,Last Creep Standing
2023-08-21,Last Creep Standing
2023-08-22,Last Creep Standing
2023-08-23,Last Creep Standing
2023-08-24,Last Creep Standing
2023-08-25,Last Creep Standing
2023-09-01,Annual Autumn Vintage
2023-09-02,Rise of Devovorga
2023-09-03,Rise of Devovorga
2023-09-04,Rise of Devovorga
2023-09-05,Rise of Devovorga
2023-09-06,Rise of Devovorga
2023-09-07,Rise of Devovorga
2023-09-08,XP/Skill Event
2023-09-09,XP/Skill Event
2023-09-10,XP/Skill Event
2023-09-11,XP/Skill Event
2023-09-12,Full Moon
2023-09-13,Full Moon
2023-09-14,Full Moon
2023-09-15,Colours of Magic
2023-09-15,Full Moon
2023-09-16,Colours of Magic
2023-09-17,Colours of Magic
2023-09-18,Colours of Magic
2023-09-19,Colours of Magic
2023-09-20,Colours of Magic
2023-09-21,Colours of Magic
2023-09-22,Colours of Magic
2023-09-23,Colours of Magic
2023-10-01,Annual Autumn Vintage
2023-10-02,Annual Autumn Vintage
2023-10-03,Annual Autumn Vintage
2023-10-04,Annual Autumn Vintage
2023-10-05,Annual Autumn Vintage
2023-10-06,Loot Event
2023-10-06,Annual Autumn Vintage
2023-10-07,Loot Event
2023-10-07,Annual Autumn Vintage
2023-10-08,Loot Event
2023-10-08,Annual Autumn Vintage
2023-10-09,Loot Event
2023-10-12,Full Moon
2023-10-13,Orcsoberfest
2023-10-13,Full Moon
2023-10-14,Orcsoberfest
2023-10-14,Full Moon
2023-10-15,Orcsoberfest
2023-10-15,Full Moon
2023-10-16,Orcsoberfest
2023-10-17,Orcsoberfest
2023-10-17,Annual Autumn Vintage
2023-10-18,Orcsoberfest
2023-10-18,Annual Autumn Vintage
2023-10-19,Orcsoberfest
2023-10-19,Annual Autumn Vintage
2023-10-20,Orcsoberfest
2023-10-20,Annual Autumn Vintage
2023-10-21,Annual Autumn Vintage
2023-10-22,Annual Autumn Vintage
2023-10-23,Annual Autumn Vintage
2023-10-24,Annual Autumn Vintage
2023-10-31,Halloween Event
2023-11-01,Halloween Event
2023-11-02,Halloween Event
2023-11-03,XP/Skill Event
2023-11-03,Halloween Event
2023-11-04,XP/Skill Event
2023-11-05,XP/Skill Event
2023-11-06,XP/Skill Event
2023-11-11,Lightbearer
2023-11-12,Lightbearer
2023-11-12,Full Moon
2023-11-13,Lightbearer
2023-11-13,Full Moon
2023-11-14,Lightbearer
2023-11-14,Full Moon
2023-11-15,Lightbearer
2023-11-15,Full Moon
2023-11-20,Last Creep Standing
2023-11-21,Last Creep Standing
2023-11-22,Last Creep Standing
2023-11-23,Last Creep Standing
2023-11-24,Last Creep Standing
2023-11-25,Last Creep Standing
2023-12-01,New Year
2023-12-01,Winterlight Solstice
2023-12-02,Rapid Respawn
2023-12-03,Rapid Respawn
2023-12-04,Rapid Respawn
2023-12-12,Christmas
2023-12-12,Full Moon
2023-12-13,Christmas
2023-12-13,Full Moon
2023-12-14,Christmas
2023-12-14,Full Moon
2023-12-15,Christmas
2023-12-15,Full Moon
2023-12-16,Christmas
2023-12-17,Christmas
2023-12-18,Christmas
2023-12-19,Christmas
2023-12-20,Christmas
2023-12-20,Last Creep Standing
2023-12-21,Christmas
2023-12-21,Last Creep Standing
2023-12-22,Christmas
2023-12-22,Last Creep Standing
2023-12-22,XP/Skill Event
2023-12-22,Winterlight Solstice
2023-12-23,Christmas
2023-12-23,Last Creep Standing
2023-12-23,XP/Skill Event
2023-12-23,Winterlight Solstice
2023-12-24,Christmas
2023-12-24,Last Creep Standing
2023-12-24,XP/Skill Event
2023-12-24,Winterlight Solstice
2023-12-27,Christmas
2023-12-27,XP/Skill Event
2023-12-27,Winterlight Solstice
2023-12-27,New Year
2023-12-28,Christmas
2023-12-28,Winterlight Solstice
2023-12-28,New Year
2023-12-29,Christmas
2023-12-29,Winterlight Solstice
2023-12-29,New Year
2023-12-30,Christmas
2023-12-30,Winterlight Solstice
2023-12-30,New Year
2023-12-31,Christmas
2023-12-31,Winterlight Solstice
2023-12-31,New Year
2024-01-01,Winterlight Solstice
2024-01-01,New Year
2024-01-02,Winterlight Solstice
2024-01-02,New Year
2024-01-03,Winterlight Solstice
2024-01-03,New Year
2024-01-04,Winterlight Solstice
2024-01-05,Winterlight Solstice
2024-01-06,Winterlight Solstice
2024-01-07,Winterlight Solstice
2024-01-07,Tibia Anniversary
2024-01-08,Winterlight Solstice
2024-01-08,Tibia Anniversary
2024-01-09,Winterlight Solstice
2024-01-09,Tibia Anniversary
2024-01-10,Winterlight Solstice
2024-01-10,Tibia Anniversary
2024-01-12,Full Moon
2024-01-13,Full Moon
2024-01-14,Full Moon
2024-01-14,The First Dragon
2024-01-15,Full Moon
2024-01-15,The First Dragon
2024-01-16,The First Dragon
2024-01-17,The First Dragon
2024-01-18,The First Dragon
2024-01-19,The First Dragon
2024-01-20,The First Dragon
2024-01-20,Last Creep Standing
2024-01-21,The First Dragon
2024-01-21,Last Creep Standing
2024-01-22,The First Dragon
2024-01-22,Last Creep Standing
2024-01-23,The First Dragon
2024-01-23,Last Creep Standing
2024-01-24,The First Dragon
2024-01-24,Last Creep Standing
2024-01-25,The First Dragon
2024-01-25,Last Creep Standing
2024-01-26,The First Dragon
2024-01-27,The First Dragon
2024-01-28,The First Dragon
2024-01-29,The First Dragon
2024-01-30,The First Dragon
2024-01-31,The First Dragon
2024-02-01,The First Dragon
2024-02-01,Carnival Month
2024-02-02,The First Dragon
2024-02-02,Carnival Month
2024-02-02,Rapid Respawn
2024-02-03,The First Dragon
2024-02-03,Carnival Month
2024-02-03,Rapid Respawn
2024-02-04,The First Dragon
2024-02-04,Carnival Month
2024-02-04,Rapid Respawn
2024-02-05,The First Dragon
2024-02-05,Carnival Month
2024-02-05,Rapid Respawn
2024-02-06,The First Dragon
2024-02-06,Carnival Month
2024-02-07,The First Dragon
2024-02-07,Carnival Month
2024-02-08,The First Dragon
2024-02-08,Carnival Month
2024-02-09,The First Dragon
2024-02-09,Carnival Month
2024-02-10,The First Dragon
2024-02-10,Carnival Month
2024-02-11,The First Dragon
2024-02-11,Carnival Month
2024-02-12,The First Dragon
2024-02-12,Carnival Month
2024-02-12,Full Moon
2024-02-13,Carnival Month
2024-02-13,Full Moon
2024-02-14,Carnival Month
2024-02-14,Full Moon
2024-02-14,Valentine's Day
2024-02-15,Carnival Month
2024-02-15,Full Moon
2024-02-15,Valentine's Day
2024-02-16,Carnival Month
2024-02-17,Carnival Month
2024-02-18,Carnival Month
2024-02-19,Carnival Month
2024-02-20,Carnival Month
2024-02-20,Last Creep Standing
2024-02-21,Carnival Month
2024-02-21,Last Creep Standing
2024-02-21,A Piece of Cake
2024-02-22,Carnival Month
2024-02-22,Last Creep Standing
2024-02-22,A Piece of Cake
2024-02-23,Carnival Month
2024-02-23,Last Creep Standing
2024-02-23,A Piece of Cake
2024-02-24,Carnival Month
2024-02-24,Last Creep Standing
2024-02-24,A Piece of Cake
2024-02-25,Carnival Month
2024-02-25,Last Creep Standing
2024-02-25,A Piece of Cake
2024-02-26,Carnival Month
2024-02-26,A Piece of Cake
2024-02-27,Carnival Month
2024-02-28,Carnival Month
2024-02-29,Carnival Month
2024-03-01,Carnival Month
2024-03-01,XP/Skill Event
2024-03-01,Double Daily Reward Month
2024-03-02,XP/Skill Event
2024-03-02,Double Daily Reward Month
2024-03-03,XP/Skill Event
2024-03-03,Double Daily Reward Month
2024-03-04,Double Daily Reward Month
2024-03-04,XP/Skill Event
2024-03-05,Double Daily Reward Month
2024-03-06,Double Daily Reward Month
2024-03-07,Double Daily Reward Month
2024-03-08,Double Daily Reward Month
2024-03-08,Orcsoberfest
2024-03-08,XP/Skill Event
2024-03-09,Double Daily Reward Month
2024-03-09,Orcsoberfest
2024-03-09,XP/Skill Event
2024-03-10,Double Daily Reward Month
2024-03-10,Orcsoberfest
2024-03-10,XP/Skill Event
2024-03-11,Double Daily Reward Month
2024-03-11,Orcsoberfest
2024-03-11,XP/Skill Event
2024-03-12,Double Daily Reward Month
2024-03-12,Orcsoberfest
2024-03-12,Full Moon
2024-03-13,Double Daily Reward Month
2024-03-13,Orcsoberfest
2024-03-13,Full Moon
2024-03-14,Double Daily Reward Month
2024-03-14,Orcsoberfest
2024-03-14,Full Moon
2024-03-15,Double Daily Reward Month
2024-03-15,Orcsoberfest
2024-03-15,Full Moon
2024-03-15,Colours of Magic
2024-03-16,Double Daily Reward Month
2024-03-16,Colours of Magic
2024-03-17,Double Daily Reward Month
2024-03-17,Colours of Magic
2024-03-18,Double Daily Reward Month
2024-03-18,Colours of Magic
2024-03-19,Double Daily Reward Month
2024-03-19,Colours of Magic
2024-03-20,Double Daily Reward Month
2024-03-20,Colours of Magic
2024-03-21,Double Daily Reward Month
2024-03-21,Colours of Magic
2024-03-22,Double Daily Reward Month
2024-03-22,Colours of Magic
2024-03-23,Double Daily Reward Month
2024-03-23,Colours of Magic
2024-03-24,Double Daily Reward Month
2024-03-25,Double Daily Reward Month
2024-03-26,Double Daily Reward Month
2024-03-27,Double Daily Reward Month
2024-03-28,Double Daily Reward Month
2024-03-29,Double Daily Reward Month
2024-03-30,Double Daily Reward Month
2024-03-31,Double Daily Reward Month
2024-04-01,Prank Month
2024-04-01,Chyllfroest
2024-04-02,Prank Month
2024-04-02,Chyllfroest
2024-04-03,Prank Month
2024-04-03,Chyllfroest
2024-04-04,Prank Month
2024-04-04,Chyllfroest
2024-04-05,Prank Month
2024-04-05,Chyllfroest
2024-04-05,Rapid Respawn
2024-04-06,Prank Month
2024-04-06,Chyllfroest
2024-04-06,Rapid Respawn
2024-04-07,Prank Month
2024-04-07,Chyllfroest
2024-04-07,Rapid Respawn
2024-04-08,Prank Month
2024-04-08,Chyllfroest
2024-04-08,Rapid Respawn
2024-04-09,Prank Month
2024-04-09,Chyllfroest
2024-04-10,Prank Month
2024-04-10,Chyllfroest
2024-04-11,Prank Month
2024-04-11,Chyllfroest
2024-04-12,Chyllfroest
2024-04-12,Prank Month
2024-04-12,Full Moon
2024-04-12,Exaltation Overload
2024-04-13,Chyllfroest
2024-04-13,Prank Month
2024-04-13,Full Moon
2024-04-13,Exaltation Overload
2024-04-14,Chyllfroest
2024-04-14,Prank Month
2024-04-14,Full Moon
2024-04-14,Exaltation Overload
2024-04-15,Chyllfroest
2024-04-15,Prank Month
2024-04-15,Full Moon
2024-04-15,Exaltation Overload
2024-04-16,Chyllfroest
2024-04-16,Prank Month
2024-04-16,Spring into Life
2024-04-17,Chyllfroest
2024-04-17,Prank Month
2024-04-17,Spring into Life
2024-04-18,Chyllfroest
2024-04-18,Prank Month
2024-04-18,Spring into Life
2024-04-19,Chyllfroest
2024-04-19,Prank Month
2024-04-19,Spring into Life
2024-04-20,Chyllfroest
2024-04-20,Prank Month
2024-04-20,Spring into Life
2024-04-20,Last Creep Standing
2024-04-21,Chyllfroest
2024-04-21,Prank Month
2024-04-21,Spring into Life
2024-04-21,Last Creep Standing
2024-04-22,Chyllfroest
2024-04-22,Prank Month
2024-04-22,Spring into Life
2024-04-22,Last Creep Standing
2024-04-23,Chyllfroest
2024-04-23,Prank Month
2024-04-23,Spring into Life
2024-04-23,Last Creep Standing
2024-04-24,Chyllfroest
2024-04-24,Prank Month
2024-04-24,Last Creep Standing
2024-04-25,Chyllfroest
2024-04-25,Prank Month
2024-04-25,Last Creep Standing
2024-04-26,Chyllfroest
2024-04-26,Prank Month
2024-04-27,Chyllfroest
2024-04-27,Prank Month
2024-04-28,Chyllfroest
2024-04-28,Prank Month
2024-04-29,Chyllfroest
2024-04-29,Prank Month
2024-04-30,Chyllfroest
2024-04-30,Prank Month
2024-05-01,Chyllfroest
2024-05-01,Prank Month
2024-05-03,XP/Skill Event
2024-05-04,XP/Skill Event
2024-05-05,XP/Skill Event
2024-05-06,XP/Skill Event
2024-05-07,Demon's Lullaby
2024-05-08,Demon's Lullaby
2024-05-09,Demon's Lullaby
2024-05-10,Demon's Lullaby
2024-05-11,Demon's Lullaby
2024-05-12,Demon's Lullaby
2024-05-12,Full Moon
2024-05-13,Demon's Lullaby
2024-05-13,Full Moon
2024-05-14,Demon's Lullaby
2024-05-14,Full Moon
2024-05-15,Full Moon
2024-05-20,Last Creep Standing
2024-05-21,Last Creep Standing
2024-05-22,Last Creep Standing
2024-05-23,Last Creep Standing
2024-05-24,Last Creep Standing
2024-05-25,Last Creep Standing
2024-06-01,Flower Month
2024-06-02,Flower Month
2024-06-03,Flower Month
2024-06-04,Flower Month
2024-06-05,Flower Month
2024-06-06,Flower Month
2024-06-07,Flower Month
2024-06-07,Rapid Respawn
2024-06-07,Skill Event
2024-06-08,Flower Month
2024-06-08,Rapid Respawn
2024-06-08,Skill Event
2024-06-09,Flower Month
2024-06-09,Rapid Respawn
2024-06-09,Skill Event
2024-06-10,Flower Month
2024-06-10,Rapid Respawn
2024-06-10,Skill Event
2024-06-11,Flower Month
2024-06-12,Flower Month
2024-06-12,Full Moon
2024-06-13,Flower Month
2024-06-13,Full Moon
2024-06-14,Flower Month
2024-06-14,Full Moon
2024-06-15,Flower Month
2024-06-15,Full Moon
2024-06-16,Flower Month
2024-06-17,Flower Month
2024-06-18,Flower Month
2024-06-19,Flower Month
2024-06-20,Flower Month
2024-06-20,Last Creep Standing
2024-06-21,Flower Month
2024-06-21,Last Creep Standing
2024-06-21,Bewitched
2024-06-22,Flower Month
2024-06-22,Last Creep Standing
2024-06-22,Bewitched
2024-06-23,Flower Month
2024-06-23,Last Creep Standing
2024-06-23,Bewitched
2024-06-24,Flower Month
2024-06-24,Last Creep Standing
2024-06-24,Bewitched
2024-06-25,Flower Month
2024-06-25,Last Creep Standing
2024-06-25,Bewitched
2024-06-26,Flower Month
2024-06-27,Flower Month
2024-06-28,Flower Month
2024-06-29,Flower Month
2024-06-30,Flower Month
2024-07-01,Flower Month
2024-07-12,Full Moon
2024-07-12,XP/Skill Event
2024-07-13,Full Moon
2024-07-13,XP/Skill Event
2024-07-14,Full Moon
2024-07-14,XP/Skill Event
2024-07-15,Full Moon
2024-07-15,XP/Skill Event
2024-07-20,Last Creep Standing
2024-07-21,Last Creep Standing
2024-07-22,Last Creep Standing
2024-07-23,Last Creep Standing
2024-07-24,Last Creep Standing
2024-07-25,Last Creep Standing
2024-08-01,Hot Cuisine Month
2024-08-02,Hot Cuisine Month
2024-08-02,Rapid Respawn
2024-08-03,Hot Cuisine Month
2024-08-03,Rapid Respawn
2024-08-04,Hot Cuisine Month
2024-08-04,Rapid Respawn
2024-08-05,Hot Cuisine Month
2024-08-05,Rapid Respawn
2024-08-06,Hot Cuisine Month
2024-08-07,Hot Cuisine Month
2024-08-08,Hot Cuisine Month
2024-08-09,Hot Cuisine Month
2024-08-10,Hot Cuisine Month
2024-08-11,Hot Cuisine Month
2024-08-12,Hot Cuisine Month
2024-08-12,Full Moon
2024-08-13,Hot Cuisine Month
2024-08-13,Full Moon
2024-08-14,Hot Cuisine Month
2024-08-14,Full Moon
2024-08-15,Hot Cuisine Month
2024-08-15,Full Moon
2024-08-16,Hot Cuisine Month
2024-08-17,Hot Cuisine Month
2024-08-21,Hot Cuisine Month
2024-08-21,Last Creep Standing
2024-08-22,Hot Cuisine Month
2024-08-22,Last Creep Standing
2024-08-23,Hot Cuisine Month
2024-08-23,Last Creep Standing
2024-08-24,Hot Cuisine Month
2024-08-24,Last Creep Standing
2024-08-25,Hot Cuisine Month
2024-08-25,Last Creep Standing
2024-08-26,Hot Cuisine Month
2024-08-27,Hot Cuisine Month
2024-09-01,Hot Cuisine Month
2024-09-01,Rise of Devovorga
2024-09-02,Rise of Devovorga
2024-09-03,Rise of Devovorga
2024-09-04,Rise of Devovorga
2024-09-05,Rise of Devovorga
2024-09-06,Rise of Devovorga
2024-09-06,XP/Skill Event
2024-09-07,Rise of Devovorga
2024-09-07,XP/Skill Event
2024-09-08,XP/Skill Event
2024-09-09,XP/Skill Event
2024-09-12,Full Moon
2024-09-13,Full Moon
2024-09-14,Full Moon
2024-09-15,Full Moon
2024-09-15,Colours of Magic
2024-09-16,Colours of Magic
2024-09-17,Colours of Magic
2024-09-18,Colours of Magic
2024-09-19,Colours of Magic
2024-09-20,Colours of Magic
2024-09-21,Colours of Magic
2024-09-22,Colours of Magic
2024-09-23,Colours of Magic
2024-10-01,Annual Autumn Vintage
2024-10-02,Annual Autumn Vintage
2024-10-03,Annual Autumn Vintage
2024-10-04,Annual Autumn Vintage
2024-10-04,Loot Event
2024-10-05,Annual Autumn Vintage
2024-10-05,Loot Event
2024-10-06,Annual Autumn Vintage
2024-10-06,Loot Event
2024-10-07,Annual Autumn Vintage
2024-10-07,Loot Event
2024-10-08,Annual Autumn Vintage
2024-10-11,Orcsoberfest
2024-10-12,Orcsoberfest
2024-10-12,Full Moon
2024-10-13,Orcsoberfest
2024-10-13,Full Moon
2024-10-14,Orcsoberfest
2024-10-14,Full Moon
2024-10-15,Orcsoberfest
2024-10-15,Full Moon
2024-10-16,Orcsoberfest
2024-10-17,Orcsoberfest
2024-10-17,Annual Autumn Vintage
2024-10-18,Orcsoberfest
2024-10-18,Annual Autumn Vintage
2024-10-19,Annual Autumn Vintage
2024-10-20,Annual Autumn Vintage
2024-10-21,Annual Autumn Vintage
2024-10-22,Annual Autumn Vintage
2024-10-23,Annual Autumn Vintage
2024-10-24,Annual Autumn Vintage
2024-10-25,XP/Skill Event
2024-10-26,XP/Skill Event
2024-10-27,XP/Skill Event
2024-10-28,XP/Skill Event
2024-10-31,Halloween Event
2024-11-01,Halloween Event
2024-11-01,Exaltation Overload
2024-11-02,Halloween Event
2024-11-02,Exaltation Overload
2024-11-03,Halloween Event
2024-11-03,Exaltation Overload
2024-11-04,Exaltation Overload
2024-11-11,Lightbearer
2024-11-12,Lightbearer
2024-11-12,Full Moon
2024-11-13,Lightbearer
2024-11-13,Full Moon
2024-11-14,Lightbearer
2024-11-14,Full Moon
2024-11-15,Lightbearer
2024-11-15,Full Moon
2024-11-20,Last Creep Standing
2024-11-21,Last Creep Standing
2024-11-22,Last Creep Standing
2024-11-23,Last Creep Standing
2024-11-24,Last Creep Standing
2024-11-25,Last Creep Standing
2024-12-06,Rapid Respawn
2024-12-07,Rapid Respawn
2024-12-08,Rapid Respawn
2024-12-09,Rapid Respawn
2024-12-12,Christmas
2024-12-12,Full Moon
2024-12-13,Christmas
2024-12-13,Full Moon
2024-12-14,Christmas
2024-12-14,Full Moon
2024-12-15,Christmas
2024-12-15,Full Moon
2024-12-16,Christmas
2024-12-17,Christmas
2024-12-18,Christmas
2024-12-19,Christmas
2024-12-20,Christmas
2024-12-20,Last Creep Standing
2024-12-21,Christmas
2024-12-21,Last Creep Standing
2024-12-22,Christmas
2024-12-22,Last Creep Standing
2024-12-22,Winterlight Solstice
2024-12-23,Christmas
2024-12-23,Last Creep Standing
2024-12-23,Winterlight Solstice
2024-12-23,XP/Skill Event
2024-12-24,Christmas
2024-12-24,Last Creep Standing
2024-12-24,Winterlight Solstice
2024-12-24,XP/Skill Event
2024-12-25,Christmas
2024-12-25,Last Creep Standing
2024-12-25,Winterlight Solstice
2024-12-25,XP/Skill Event
2024-12-26,Christmas
2024-12-26,Winterlight Solstice
2024-12-26,XP/Skill Event
2024-12-27,Christmas
2024-12-27,Winterlight Solstice
2024-12-27,XP/Skill Event
2024-12-27,New Year
2024-12-28,Christmas
2024-12-28,Winterlight Solstice
2024-12-28,New Year
2024-12-29,Christmas
2024-12-29,Winterlight Solstice
2024-12-29,New Year
2024-12-30,Christmas
2024-12-30,Winterlight Solstice
2024-12-30,New Year
2024-12-31,Christmas
2024-12-31,Winterlight Solstice
2024-12-31,New Year
2025-01-01,Winterlight Solstice
2025-01-01,New Year
2025-01-02,Winterlight Solstice
2025-01-02,New Year
2025-01-03,Winterlight Solstice
2025-01-03,New Year
2025-01-04,Winterlight Solstice
2025-01-05,Winterlight Solstice
2025-01-06,Winterlight Solstice
2025-01-07,Winterlight Solstice
2025-01-07,Tibia Anniversary
2025-01-09,Winterlight Solstice
2025-01-09,Tibia Anniversary
2025-01-10,Winterlight Solstice
2025-01-10,Tibia Anniversary
2025-01-12,Full Moon
2025-01-13,Full Moon
2025-01-14,Full Moon
2025-01-14,The First Dragon
2025-01-15,Full Moon
2025-01-15,The First Dragon
2025-01-16,The First Dragon
2025-01-17,The First Dragon
2025-01-17,Exaltation Overload
2025-01-18,The First Dragon
2025-01-18,Exaltation Overload
2025-01-19,The First Dragon
2025-01-19,Exaltation Overload
2025-01-20,The First Dragon
2025-01-20,Exaltation Overload
2025-01-20,Last Creep Standing
2025-01-21,The First Dragon
2025-01-21,Last Creep Standing
2025-01-22,The First Dragon
2025-01-22,Last Creep Standing
2025-01-23,The First Dragon
2025-01-23,Last Creep Standing
2025-01-24,The First Dragon
2025-01-24,Last Creep Standing
2025-01-25,The First Dragon
2025-01-25,Last Creep Standing
2025-01-26,The First Dragon
2025-01-27,The First Dragon
2025-01-28,The First Dragon
2025-01-29,The First Dragon
2025-01-30,The First Dragon
2025-01-31,The First Dragon
2025-02-01,The First Dragon
2025-02-01,Carnival Month
2025-02-02,The First Dragon
2025-02-02,Carnival Month
2025-02-03,The First Dragon
2025-02-03,Carnival Month
2025-02-04,The First Dragon
2025-02-04,Carnival Month
2025-02-05,The First Dragon
2025-02-05,Carnival Month
2025-02-06,The First Dragon
2025-02-06,Carnival Month
2025-02-07,The First Dragon
2025-02-07,Carnival Month
2025-02-07,Rapid Respawn
2025-02-08,The First Dragon
2025-02-08,Carnival Month
2025-02-08,Rapid Respawn
2025-02-09,The First Dragon
2025-02-09,Carnival Month
2025-02-09,Rapid Respawn
2025-02-10,The First Dragon
2025-02-10,Carnival Month
2025-02-10,Rapid Respawn
2025-02-11,The First Dragon
2025-02-11,Carnival Month
2025-02-12,The First Dragon
2025-02-12,Carnival Month
2025-02-12,Full Moon
2025-02-13,Carnival Month
2025-02-13,Full Moon
2025-02-14,Carnival Month
2025-02-14,Full Moon
2025-02-14,Valentine's Day
2025-02-15,Carnival Month
2025-02-15,Full Moon
2025-02-15,Valentine's Day
2025-02-16,Carnival Month
2025-02-17,Carnival Month
2025-02-18,Carnival Month
2025-02-19,Carnival Month
2025-02-20,Carnival Month
2025-02-20,Last Creep Standing
2025-02-21,Carnival Month
2025-02-21,Last Creep Standing
2025-02-21,A Piece of Cake
2025-02-22,Carnival Month
2025-02-22,Last Creep Standing
2025-02-22,A Piece of Cake
2025-02-23,Carnival Month
2025-02-23,Last Creep Standing
2025-02-23,A Piece of Cake
2025-02-24,Carnival Month
2025-02-24,Last Creep Standing
2025-02-24,A Piece of Cake
2025-02-25,Carnival Month
2025-02-25,Last Creep Standing
2025-02-25,A Piece of Cake
2025-02-26,Carnival Month
2025-02-26,A Piece of Cake
2025-02-27,Carnival Month
2025-02-28,Carnival Month
2025-03-01,Carnival Month
2025-03-01,Double Daily Reward Month
2025-03-02,Double Daily Reward Month
2025-03-03,Double Daily Reward Month
2025-03-04,Double Daily Reward Month
2025-03-05,Double Daily Reward Month
2025-03-06,Double Daily Reward Month
2025-03-07,Double Daily Reward Month
2025-03-07,XP/Skill Event
2025-03-08,Double Daily Reward Month
2025-03-08,XP/Skill Event
2025-03-09,Double Daily Reward Month
2025-03-09,XP/Skill Event
2025-03-10,Double Daily Reward Month
2025-03-10,XP/Skill Event
2025-03-11,Double Daily Reward Month
2025-03-12,Double Daily Reward Month
2025-03-12,Full Moon
2025-03-13,Double Daily Reward Month
2025-03-13,Full Moon
2025-03-14,Double Daily Reward Month
2025-03-14,Full Moon
2025-03-14,Orcsoberfest
2025-03-15,Double Daily Reward Month
2025-03-15,Full Moon
2025-03-15,Orcsoberfest
2025-03-15,Colours of Magic
2025-03-16,Double Daily Reward Month
2025-03-16,Orcsoberfest
2025-03-16,Colours of Magic
2025-03-17,Double Daily Reward Month
2025-03-17,Orcsoberfest
2025-03-17,Colours of Magic
2025-03-18,Double Daily Reward Month
2025-03-18,Orcsoberfest
2025-03-18,Colours of Magic
2025-03-19,Double Daily Reward Month
2025-03-19,Orcsoberfest
2025-03-19,Colours of Magic
2025-03-20,Double Daily Reward Month
2025-03-20,Orcsoberfest
2025-03-20,Colours of Magic
2025-03-21,Double Daily Reward Month
2025-03-21,Orcsoberfest
2025-03-21,Colours of Magic
2025-03-22,Double Daily Reward Month
2025-03-22,Colours of Magic
2025-03-23,Double Daily Reward Month
2025-03-23,Colours of Magic
2025-03-24,Double Daily Reward Month
2025-03-25,Double Daily Reward Month
2025-03-26,Double Daily Reward Month
2025-03-27,Double Daily Reward Month
2025-03-28,Double Daily Reward Month
2025-03-29,Double Daily Reward Month
2025-03-30,Double Daily Reward Month
2025-03-31,Double Daily Reward Month
2025-04-01,Prank Month
2025-04-01,Chyllfroest
2025-04-04,Chyllfroest
2025-04-04,Prank Month
2025-04-04,Exaltation Overload
2025-04-05,Chyllfroest
2025-04-05,Prank Month
2025-04-05,Exaltation Overload
2025-04-06,Chyllfroest
2025-04-06,Prank Month
2025-04-06,Exaltation Overload
2025-04-07,Chyllfroest
2025-04-07,Prank Month
2025-04-07,Exaltation Overload
2025-04-08,Chyllfroest
2025-04-08,Prank Month
2025-04-09,Chyllfroest
2025-04-09,Prank Month
2025-04-10,Chyllfroest
2025-04-10,Prank Month
2025-04-11,Prank Month
2025-04-11,Chyllfroest
2025-04-12,Prank Month
2025-04-12,Chyllfroest
2025-04-12,Full Moon
2025-04-13,Prank Month
2025-04-13,Chyllfroest
2025-04-13,Full Moon
2025-04-14,Prank Month
2025-04-14,Chyllfroest
2025-04-14,Full Moon
2025-04-15,Prank Month
2025-04-15,Chyllfroest
2025-04-15,Full Moon
2025-04-16,Prank Month
2025-04-16,Chyllfroest
2025-04-16,Spring into Life
2025-04-17,Prank Month
2025-04-17,Chyllfroest
2025-04-17,Spring into Life
2025-04-18,Prank Month
2025-04-18,Chyllfroest
2025-04-18,Spring into Life
2025-04-19,Prank Month
2025-04-19,Chyllfroest
2025-04-19,Spring into Life
2025-04-20,Prank Month
2025-04-20,Chyllfroest
2025-04-20,Spring into Life
2025-04-20,Last Creep Standing
2025-04-21,Prank Month
2025-04-21,Chyllfroest
2025-04-21,Spring into Life
2025-04-21,Last Creep Standing
2025-04-22,Prank Month
2025-04-22,Chyllfroest
2025-04-22,Spring into Life
2025-04-22,Last Creep Standing
2025-04-23,Prank Month
2025-04-23,Chyllfroest
2025-04-23,Spring into Life
2025-04-23,Last Creep Standing
2025-04-24,Prank Month
2025-04-24,Chyllfroest
2025-04-24,Last Creep Standing
2025-04-25,Prank Month
2025-04-25,Chyllfroest
2025-04-25,Last Creep Standing
2025-04-26,Prank Month
2025-04-26,Chyllfroest
2025-04-27,Prank Month
2025-04-27,Chyllfroest
2025-04-28,Prank Month
2025-04-28,Chyllfroest
2025-04-29,Prank Month
2025-04-29,Chyllfroest
2025-04-30,Prank Month
2025-04-30,Chyllfroest
2025-05-01,Prank Month
2025-05-01,Chyllfroest
2025-05-02,XP/Skill Event
2025-05-03,XP/Skill Event
2025-05-04,XP/Skill Event
2025-05-05,XP/Skill Event
2025-05-07,Demon's Lullaby
2025-05-08,Demon's Lullaby
2025-05-09,Demon's Lullaby
2025-05-10,Demon's Lullaby
2025-05-11,Demon's Lullaby
2025-05-12,Demon's Lullaby
2025-05-12,Full Moon
2025-05-13,Demon's Lullaby
2025-05-13,Full Moon
2025-05-14,Demon's Lullaby
2025-05-14,Full Moon
2025-05-15,Full Moon
2025-05-20,Last Creep Standing
2025-05-21,Last Creep Standing
2025-05-22,Last Creep Standing
2025-05-23,Last Creep Standing
2025-05-24,Last Creep Standing
2025-05-25,Last Creep Standing
2025-06-01,Flower Month
2025-06-02,Flower Month
2025-06-03,Flower Month
2025-06-04,Flower Month
2025-06-05,Flower Month
2025-06-06,Flower Month
2025-06-06,Rapid Respawn
2025-06-06,Skill Event
2025-06-07,Flower Month
2025-06-07,Rapid Respawn
2025-06-07,Skill Event
2025-06-08,Flower Month
2025-06-08,Rapid Respawn
2025-06-08,Skill Event
2025-06-09,Flower Month
2025-06-09,Rapid Respawn
2025-06-09,Skill Event
2025-06-10,Flower Month
2025-06-11,Flower Month
2025-06-12,Flower Month
2025-06-12,Full Moon
2025-06-13,Flower Month
2025-06-13,Full Moon
2025-06-14,Flower Month
2025-06-14,Full Moon
2025-06-15,Flower Month
2025-06-15,Full Moon
2025-06-16,Flower Month
2025-06-17,Flower Month
2025-06-18,Flower Month
2025-06-19,Flower Month
2025-06-20,Flower Month
2025-06-20,Last Creep Standing
2025-06-21,Flower Month
2025-06-21,Last Creep Standing
2025-06-21,Bewitched
2025-06-22,Flower Month
2025-06-22,Last Creep Standing
2025-06-22,Bewitched
2025-06-28,Flower Month
2025-06-29,Flower Month
2025-06-30,Flower Month
2025-07-01,Flower Month
2025-07-04,XP/Skill Event
2025-07-05,XP/Skill Event
2025-07-06,XP/Skill Event
2025-07-07,XP/Skill Event
2025-07-12,Full Moon
2025-07-13,Full Moon
2025-07-14,Full Moon
2025-07-15,Full Moon
2025-07-20,Last Creep Standing
2025-07-21,Last Creep Standing
2025-07-22,Last Creep Standing
2025-07-23,Last Creep Standing
2025-07-24,Last Creep Standing
2025-07-25,Last Creep Standing
2025-08-01,Rapid Respawn
2025-08-01,Hot Cuisine Month
2025-08-02,Rapid Respawn
2025-08-02,Hot Cuisine Month
2025-08-03,Rapid Respawn
2025-08-03,Hot Cuisine Month
2025-08-04,Rapid Respawn
2025-08-04,Hot Cuisine Month
2025-08-05,Hot Cuisine Month
2025-08-06,Hot Cuisine Month
2025-08-07,Hot Cuisine Month
2025-08-08,Hot Cuisine Month
2025-08-09,Hot Cuisine Month
2025-08-10,Hot Cuisine Month
2025-08-11,Hot Cuisine Month
2025-08-12,Hot Cuisine Month
2025-08-12,Full Moon
2025-08-13,Hot Cuisine Month
2025-08-13,Full Moon
2025-08-14,Hot Cuisine Month
2025-08-14,Full Moon
2025-08-15,Hot Cuisine Month
2025-08-15,Full Moon
2025-08-16,Hot Cuisine Month
2025-08-17,Hot Cuisine Month
2025-08-18,Hot Cuisine Month
2025-08-19,Hot Cuisine Month
2025-08-20,Hot Cuisine Month
2025-08-20,Last Creep Standing
2025-08-21,Hot Cuisine Month
2025-08-21,Last Creep Standing
2025-08-22,Hot Cuisine Month
2025-08-22,Last Creep Standing
2025-08-23,Hot Cuisine Month
2025-08-23,Last Creep Standing
2025-08-24,Hot Cuisine Month
2025-08-24,Last Creep Standing
2025-08-25,Hot Cuisine Month
2025-08-25,Last Creep Standing
2025-08-26,Hot Cuisine Month
2025-08-27,Hot Cuisine Month
2025-08-28,Hot Cuisine Month
2025-08-29,Hot Cuisine Month
2025-08-30,Hot Cuisine Month
2025-08-31,Hot Cuisine Month
2025-09-01,Hot Cuisine Month
2025-09-01,Rise of Devovorga
2025-09-02,Rise of Devovorga
2025-09-03,Rise of Devovorga
2025-09-04,Rise of Devovorga
2025-09-05,Rise of Devovorga
2025-09-05,XP/Skill Event
2025-09-06,Rise of Devovorga
2025-09-06,XP/Skill Event
2025-09-07,Rise of Devovorga
2025-09-07,XP/Skill Event
2025-09-08,XP/Skill Event
2025-09-12,Full Moon
2025-09-13,Full Moon
2025-09-14,Full Moon
2025-09-15,Full Moon
2025-09-15,Colours of Magic
2025-09-16,Colours of Magic
2025-09-17,Colours of Magic
2025-09-18,Colours of Magic
2025-09-19,Colours of Magic
2025-09-20,Colours of Magic
2025-09-21,Colours of Magic
2025-09-22,Colours of Magic
2025-09-23,Colours of Magic
2025-10-01,Annual Autumn Vintage
2025-10-02,Annual Autumn Vintage
2025-10-03,Annual Autumn Vintage
2025-10-03,Exaltation Overload
2025-10-04,Annual Autumn Vintage
2025-10-04,Exaltation Overload
2025-10-05,Annual Autumn Vintage
2025-10-05,Exaltation Overload
2025-10-06,Annual Autumn Vintage
2025-10-06,Exaltation Overload
2025-10-07,Annual Autumn Vintage
2025-10-08,Annual Autumn Vintage
2025-10-10,Orcsoberfest
2025-10-11,Orcsoberfest
2025-10-12,Orcsoberfest
2025-10-12,Full Moon
2025-10-13,Orcsoberfest
2025-10-13,Full Moon
2025-10-14,Orcsoberfest
2025-10-14,Full Moon
2025-10-15,Orcsoberfest
2025-10-15,Full Moon
2025-10-16,Orcsoberfest
2025-10-17,Orcsoberfest
2025-10-17,Annual Autumn Vintage
2025-10-18,Annual Autumn Vintage
2025-10-19,Annual Autumn Vintage
2025-10-20,Annual Autumn Vintage
2025-10-21,Annual Autumn Vintage
2025-10-22,Annual Autumn Vintage
2025-10-23,Annual Autumn Vintage
2025-10-24,Annual Autumn Vintage
2025-10-31,Halloween Event
2025-11-01,Halloween Event
2025-11-02,Halloween Event
2025-11-03,Halloween Event
2025-11-07,XP/Skill Event
2025-11-08,XP/Skill Event
2025-11-09,XP/Skill Event
2025-11-10,XP/Skill Event
2025-11-11,Lightbearer
2025-11-12,Lightbearer
2025-11-12,Full Moon
2025-11-13,Lightbearer
2025-11-13,Full Moon
2025-11-14,Lightbearer
2025-11-14,Full Moon
2025-11-15,Lightbearer
2025-11-15,Full Moon
2025-11-20,Last Creep Standing
2025-11-21,Last Creep Standing
2025-11-22,Last Creep Standing
2025-11-23,Last Creep Standing
2025-11-24,Last Creep Standing
2025-11-25,Last Creep Standing
2025-12-05,Rapid Respawn
2025-12-06,Rapid Respawn
2025-12-07,Rapid Respawn
2025-12-08,Rapid Respawn
2025-12-12,Christmas
2025-12-12,Full Moon
2025-12-13,Christmas
2025-12-13,Full Moon
2025-12-14,Christmas
2025-12-14,Full Moon
2025-12-15,Christmas
2025-12-15,Full Moon
2025-12-16,Christmas
2025-12-17,Christmas
2025-12-18,Christmas
2025-12-19,Christmas
2025-12-20,Christmas
2025-12-20,Last Creep Standing
2025-12-21,Christmas
2025-12-21,Last Creep Standing
2025-12-22,Christmas
2025-12-22,Last Creep Standing
2025-12-22,Winterlight Solstice
2025-12-23,Christmas
2025-12-23,Last Creep Standing
2025-12-23,Winterlight Solstice
2025-12-23,XP/Skill Event
2025-12-24,Christmas
2025-12-24,Last Creep Standing
2025-12-24,Winterlight Solstice
2025-12-24,XP/Skill Event
2025-12-25,Christmas
2025-12-25,Last Creep Standing
2025-12-25,Winterlight Solstice
2025-12-25,XP/Skill Event
2025-12-26,Christmas
2025-12-26,Winterlight Solstice
2025-12-26,XP/Skill Event
2025-12-27,Christmas
2025-12-27,Winterlight Solstice
2025-12-27,XP/Skill Event
2025-12-27,New Year
2025-12-28,Christmas
2025-12-28,Winterlight Solstice
2025-12-28,XP/Skill Event
2025-12-28,New Year
2025-12-29,Christmas
2025-12-29,Winterlight Solstice
2025-12-29,XP/Skill Event
2025-12-29,New Year
2025-12-30,Christmas
2025-12-30,Winterlight Solstice
2025-12-30,New Year
2025-12-31,Christmas
2025-12-31,Winterlight Solstice
2025-12-31,New Year
2026-01-02,Winterlight Solstice
2026-01-02,New Year
2026-01-03,Winterlight Solstice
2026-01-03,New Year
2026-01-04,Winterlight Solstice
2026-01-05,Winterlight Solstice
2026-01-06,Winterlight Solstice
2026-01-07,Winterlight Solstice
2026-01-07,Tibia Anniversary
2026-01-08,Winterlight Solstice
2026-01-08,Tibia Anniversary
2026-01-09,Winterlight Solstice
2026-01-09,Tibia Anniversary
2026-01-10,Winterlight Solstice
2026-01-10,Tibia Anniversary
2026-01-12,Full Moon
2026-01-13,Full Moon
2026-01-14,Full Moon
2026-01-14,The First Dragon
2026-01-15,Full Moon
2026-01-15,The First Dragon
2026-01-16,The First Dragon
2026-01-16,Exaltation Overload
2026-01-17,The First Dragon
2026-01-17,Exaltation Overload
2026-01-18,The First Dragon
2026-01-18,Exaltation Overload
2026-01-19,The First Dragon
2026-01-19,Exaltation Overload
2026-01-20,The First Dragon
2026-01-20,Last Creep Standing
2026-01-21,The First Dragon
2026-01-21,Last Creep Standing
2026-01-22,The First Dragon
2026-01-22,Last Creep Standing
2026-01-23,The First Dragon
2026-01-23,Last Creep Standing
2026-01-24,The First Dragon
2026-01-24,Last Creep Standing
2026-01-25,The First Dragon
2026-01-25,Last Creep Standing
2026-01-26,The First Dragon
2026-01-27,The First Dragon
2026-01-28,The First Dragon
2026-01-29,The First Dragon
2026-01-30,The First Dragon
2026-01-31,The First Dragon
2026-02-01,The First Dragon
2026-02-01,Carnival Month
2026-02-02,The First Dragon
2026-02-02,Carnival Month
2026-02-03,The First Dragon
2026-02-03,Carnival Month
2026-02-04,The First Dragon
2026-02-04,Carnival Month
2026-02-05,The First Dragon
2026-02-05,Carnival Month
2026-02-06,The First Dragon
2026-02-06,Carnival Month
2026-02-06,Rapid Respawn
2026-02-07,The First Dragon
2026-02-07,Carnival Month
2026-02-07,Rapid Respawn
2026-02-08,The First Dragon
2026-02-08,Carnival Month
2026-02-08,Rapid Respawn
2026-02-09,The First Dragon
2026-02-09,Carnival Month
2026-02-09,Rapid Respawn
2026-02-10,The First Dragon
2026-02-10,Carnival Month
2026-02-11,The First Dragon
2026-02-11,Carnival Month
2026-02-12,The First Dragon
2026-02-12,Carnival Month
2026-02-12,Full Moon
2026-02-13,Carnival Month
2026-02-13,Full Moon
2026-02-14,Carnival Month
2026-02-14,Full Moon
2026-02-14,Valentine's Day
2026-02-15,Carnival Month
2026-02-15,Full Moon
2026-02-15,Valentine's Day
2026-02-16,Carnival Month
2026-02-17,Carnival Month
2026-02-18,Carnival Month
2026-02-19,Carnival Month
2026-02-20,Carnival Month
2026-02-20,Last Creep Standing
2026-02-21,Carnival Month
2026-02-21,Last Creep Standing
2026-02-21,A Piece of Cake
2026-02-22,Carnival Month
2026-02-22,Last Creep Standing
2026-02-22,A Piece of Cake
2026-02-23,Carnival Month
2026-02-23,Last Creep Standing
2026-02-23,A Piece of Cake
2026-02-24,Carnival Month
2026-02-24,Last Creep Standing
2026-02-24,A Piece of Cake
2026-02-25,Carnival Month
2026-02-25,Last Creep Standing
2026-02-25,A Piece of Cake
2026-02-26,Carnival Month
2026-02-26,A Piece of Cake
2026-02-27,Carnival Month
2026-02-28,Carnival Month
2026-03-01,Carnival Month
2026-03-01,Double Daily Reward Month
2026-03-02,Double Daily Reward Month
2026-03-03,Double Daily Reward Month
2026-03-04,Double Daily Reward Month
2026-03-05,Double Daily Reward Month
2026-03-06,Double Daily Reward Month
2026-03-06,XP/Skill Event
2026-03-07,Double Daily Reward Month
2026-03-07,XP/Skill Event
2026-03-08,Double Daily Reward Month
2026-03-08,XP/Skill Event
2026-03-09,Double Daily Reward Month
2026-03-09,XP/Skill Event
2026-03-10,Double Daily Reward Month
2026-03-11,Double Daily Reward Month
2026-03-12,Double Daily Reward Month
2026-03-12,Full Moon
2026-03-13,Double Daily Reward Month
2026-03-13,Full Moon
2026-03-13,Orcsoberfest
2026-03-14,Double Daily Reward Month
2026-03-14,Full Moon
2026-03-14,Orcsoberfest
2026-03-15,Double Daily Reward Month
2026-03-15,Full Moon
2026-03-15,Orcsoberfest
2026-03-15,Colours of Magic
2026-03-16,Double Daily Reward Month
2026-03-16,Orcsoberfest
2026-03-16,Colours of Magic
2026-03-17,Double Daily Reward Month
2026-03-17,Orcsoberfest
2026-03-17,Colours of Magic
2026-03-18,Double Daily Reward Month
2026-03-18,Orcsoberfest
2026-03-18,Colours of Magic
2026-03-19,Double Daily Reward Month
2026-03-19,Orcsoberfest
2026-03-19,Colours of Magic
2026-03-20,Double Daily Reward Month
2026-03-20,Orcsoberfest
2026-03-20,Colours of Magic
2026-03-21,Double Daily Reward Month
2026-03-21,Colours of Magic
2026-03-22,Double Daily Reward Month
2026-03-22,Colours of Magic
2026-03-23,Double Daily Reward Month
2026-03-23,Colours of Magic
2026-03-24,Double Daily Reward Month
2026-03-25,Double Daily Reward Month
2026-03-26,Double Daily Reward Month
2026-03-27,Double Daily Reward Month
2026-03-28,Double Daily Reward Month
2026-03-29,Double Daily Reward Month
2026-03-30,Double Daily Reward Month
2026-03-31,Double Daily Reward Month
2026-04-01,Chyllfroest
2026-04-01,Prank Month
2026-04-02,Chyllfroest
2026-04-02,Prank Month
2026-04-03,Chyllfroest
2026-04-03,Prank Month
2026-04-03,Exaltation Overload
2026-04-04,Chyllfroest
2026-04-04,Prank Month
2026-04-04,Exaltation Overload
2026-04-05,Chyllfroest
2026-04-05,Prank Month
2026-04-05,Exaltation Overload
2026-04-06,Chyllfroest
2026-04-06,Prank Month
2026-04-06,Exaltation Overload
2026-04-07,Chyllfroest
2026-04-07,Prank Month
2026-04-08,Chyllfroest
2026-04-08,Prank Month
2026-04-09,Chyllfroest
2026-04-09,Prank Month
2026-04-10,Prank Month
2026-04-10,Chyllfroest
2026-04-11,Prank Month
2026-04-11,Chyllfroest
2026-04-12,Prank Month
2026-04-12,Chyllfroest
2026-04-12,Full Moon
2026-04-13,Prank Month
2026-04-13,Chyllfroest
2026-04-13,Full Moon
2026-04-14,Prank Month
2026-04-14,Chyllfroest
2026-04-14,Full Moon
2026-04-15,Prank Month
2026-04-15,Chyllfroest
2026-04-15,Full Moon
2026-04-16,Prank Month
2026-04-16,Chyllfroest
2026-04-16,Spring into Life
2026-04-17,Prank Month
2026-04-17,Chyllfroest
2026-04-17,Spring into Life
2026-04-18,Prank Month
2026-04-18,Chyllfroest
2026-04-18,Spring into Life
2026-04-19,Prank Month
2026-04-19,Chyllfroest
2026-04-19,Spring into Life
2026-04-20,Prank Month
2026-04-20,Chyllfroest
2026-04-20,Spring into Life
2026-04-20,Last Creep Standing
2026-04-21,Prank Month
2026-04-21,Chyllfroest
2026-04-21,Spring into Life
2026-04-21,Last Creep Standing
2026-04-22,Prank Month
2026-04-22,Chyllfroest
2026-04-22,Spring into Life
2026-04-22,Last Creep Standing
2026-04-23,Prank Month
2026-04-23,Chyllfroest
2026-04-23,Spring into Life
2026-04-23,Last Creep Standing
2026-04-24,Prank Month
2026-04-24,Chyllfroest
2026-04-24,Last Creep Standing
2026-04-25,Prank Month
2026-04-25,Chyllfroest
2026-04-25,Last Creep Standing
2026-04-26,Prank Month
2026-04-26,Chyllfroest
2026-04-27,Prank Month
2026-04-27,Chyllfroest
2026-04-28,Prank Month
2026-04-28,Chyllfroest
2026-04-29,Chyllfroest
2026-04-29,Prank Month
2026-04-30,Chyllfroest
2026-04-30,Prank Month
2026-05-01,Prank Month
2026-05-01,Chyllfroest
2026-05-01,XP/Skill Event
2026-05-02,XP/Skill Event
2026-05-03,XP/Skill Event
2026-05-04,XP/Skill Event
2026-05-07,Demon's Lullaby
2026-05-08,Demon's Lullaby
2026-05-09,Demon's Lullaby
2026-05-10,Demon's Lullaby
2026-05-11,Demon's Lullaby
2026-05-12,Demon's Lullaby
2026-05-12,Full Moon
2026-05-13,Demon's Lullaby
2026-05-13,Full Moon
2026-05-14,Demon's Lullaby
2026-05-14,Full Moon
2026-05-15,Full Moon
2026-05-20,Last Creep Standing
2026-05-21,Last Creep Standing
2026-05-22,Last Creep Standing
2026-05-23,Last Creep Standing
2026-05-24,Last Creep Standing
2026-05-25,Last Creep Standing
2026-06-01,Flower Month
2026-06-02,Flower Month
2026-06-03,Flower Month
2026-06-04,Flower Month
2026-06-05,Flower Month
2026-06-05,Skill Event
2026-06-05,Rapid Respawn
2026-06-06,Flower Month
2026-06-06,Skill Event
2026-06-06,Rapid Respawn
2026-06-07,Flower Month
2026-06-07,Skill Event
2026-06-07,Rapid Respawn
2026-06-08,Flower Month
2026-06-08,Skill Event
2026-06-08,Rapid Respawn
2026-06-09,Flower Month
2026-06-10,Flower Month
2026-06-11,Flower Month
2026-06-12,Flower Month
2026-06-12,Full Moon
2026-06-13,Flower Month
2026-06-13,Full Moon
2026-06-14,Flower Month
2026-06-14,Full Moon
2026-06-15,Flower Month
2026-06-15,Full Moon
2026-06-16,Flower Month
2026-06-17,Flower Month
2026-06-18,Flower Month
2026-06-19,Flower Month
2026-06-20,Flower Month
2026-06-20,Last Creep Standing
2026-06-21,Flower Month
2026-06-21,Last Creep Standing
2026-06-21,Bewitched
2026-06-22,Flower Month
2026-06-22,Last Creep Standing
2026-06-22,Bewitched
2026-06-23,Flower Month
2026-06-23,Last Creep Standing
2026-06-23,Bewitched
2026-06-24,Flower Month
2026-06-24,Last Creep Standing
2026-06-24,Bewitched
2026-06-25,Flower Month
2026-06-25,Last Creep Standing
2026-06-25,Bewitched
2026-06-26,Flower Month
2026-06-27,Flower Month
2026-06-28,Flower Month
2026-06-29,Flower Month
2026-06-30,Flower Month
2026-07-01,Flower Month
2026-07-03,XP/Skill Event
2026-07-04,XP/Skill Event
2026-07-05,XP/Skill Event
2026-07-06,XP/Skill Event
2026-07-12,Full Moon
2026-07-13,Full Moon
2026-07-14,Full Moon
2026-07-15,Full Moon
2026-07-20,Last Creep Standing
2026-07-21,Last Creep Standing
2026-07-22,Last Creep Standing
2026-07-23,Last Creep Standing
2026-07-24,Last Creep Standing
2026-07-25,Last Creep Standing
