world,origin,h,actual,model,rw,snaive,is_sa,in80,in90
Antica,2026-01-11,2w,38204.0,37727.37387857682,37664.5,37980.0,False,True,True
Antica,2026-01-11,1m,38113.0,37732.903364025966,37664.5,37980.0,False,True,True
Antica,2026-01-11,3m,37665.0,37952.58885104445,37664.5,37980.0,False,True,True
Antica,2026-01-11,6m,37412.5,38259.74969007048,37664.5,37980.0,False,True,True
Antica,2025-12-02,2w,39793.5,39842.23215033499,39821.5,39534.0,False,True,True
Antica,2025-12-02,1m,38581.5,39842.98474832059,39821.5,39534.0,False,True,True
Antica,2025-12-02,3m,38025.0,39929.8871101868,39821.5,39534.0,False,True,True
Antica,2025-12-02,6m,36660.0,40001.94646130558,39821.5,39534.0,False,True,True
Antica,2025-10-23,2w,39141.0,39507.25646930022,39513.0,39258.0,False,True,True
Antica,2025-10-23,1m,40101.5,39528.30316359914,39513.0,39258.0,False,True,True
Antica,2025-10-23,3m,38388.5,39567.000893759876,39513.0,39258.0,False,True,True
Antica,2025-10-23,6m,37060.5,39729.188943812565,39513.0,39258.0,False,True,True
Antica,2025-09-13,2w,37633.0,36280.5031401288,36391.0,35664.0,False,True,True
Antica,2025-09-13,1m,39238.5,36194.13979155068,36391.0,35664.0,False,False,False
Antica,2025-09-13,3m,39775.5,35949.4292112575,36391.0,35664.0,False,False,True
Antica,2025-09-13,6m,37230.5,35596.50777633649,36391.0,35664.0,False,True,True
Antica,2025-08-04,2w,36061.5,34086.714434749636,34161.5,33564.0,False,False,False
Antica,2025-08-04,1m,35458.0,34037.577897385025,34161.5,33564.0,False,True,True
Antica,2025-08-04,3m,39638.5,34051.36233700987,34161.5,33564.0,False,False,False
Antica,2025-08-04,6m,37990.0,33895.97795989705,34161.5,33564.0,False,True,True
Antica,2025-06-25,2w,32602.5,32559.4235015866,32553.0,32719.5,False,True,True
Antica,2025-06-25,1m,33379.5,32586.6772465267,32553.0,32719.5,False,True,True
Antica,2025-06-25,3m,36664.0,32899.07985563464,32553.0,32719.5,False,True,True
Antica,2025-06-25,6m,38659.5,33396.48954333104,32553.0,32719.5,False,True,True
Antica,2025-05-16,2w,34038.0,34764.03271223135,34737.0,35627.5,False,True,True
Antica,2025-05-16,1m,33345.0,34751.260999857855,34737.0,35627.5,False,True,True
Antica,2025-05-16,3m,35940.0,34863.18445253988,34737.0,35627.5,False,True,True
Antica,2025-05-16,6m,40003.5,34873.65003267167,34737.0,35627.5,False,True,True
Antica,2025-04-06,2w,35714.0,36263.20509968549,36203.5,37224.5,False,True,True
Antica,2025-04-06,1m,35284.5,36238.28413617161,36203.5,37224.5,False,True,True
Antica,2025-04-06,3m,32635.5,36464.938834673376,36203.5,37224.5,False,True,True
Antica,2025-04-06,6m,38073.5,36564.54754455465,36203.5,37224.5,False,True,True
Antica,2025-02-25,2w,36704.5,38801.12310634891,38721.5,38881.0,False,False,True
Antica,2025-02-25,1m,36485.5,38825.29654698831,38721.5,38881.0,False,False,True
Antica,2025-02-25,3m,34338.0,39113.29559519774,38721.5,38881.0,False,False,True
Antica,2025-02-25,6m,35918.5,39618.065221043275,38721.5,38881.0,False,True,True
Antica,2025-01-16,2w,38224.5,37301.68668605786,37227.0,38586.0,False,True,True
Antica,2025-01-16,1m,38370.5,37271.389527595704,37227.0,38586.0,False,True,True
Antica,2025-01-16,3m,36477.5,37493.07724308288,37227.0,38586.0,False,True,True
Antica,2025-01-16,6m,32927.5,37778.320310507595,37227.0,38586.0,False,True,True
Antica,2024-12-07,2w,39243.5,38773.542771075256,38704.5,38711.5,False,True,True
Antica,2024-12-07,1m,37648.0,38770.55970700049,38704.5,38711.5,False,True,True
Antica,2024-12-07,3m,36867.5,39114.617167954624,38704.5,38711.5,False,True,True
Antica,2024-12-07,6m,34039.0,39417.60901419999,38704.5,38711.5,False,True,True
Antica,2024-10-28,2w,38667.0,39360.235545244424,39350.5,39094.0,False,True,True
Antica,2024-10-28,1m,38752.5,39358.50037750154,39350.5,39094.0,False,True,True
Antica,2024-10-28,3m,38112.0,39394.08218754605,39350.5,39094.0,False,True,True
Antica,2024-10-28,6m,35503.0,39147.58704364041,39350.5,39094.0,False,True,True
Antica,2024-09-18,2w,37827.5,34651.40568120903,34655.0,33901.0,False,False,False
Antica,2024-09-18,1m,39207.5,34720.89118138935,34655.0,33901.0,False,False,False
Antica,2024-09-18,3m,38911.5,34541.02009990599,34655.0,33901.0,False,False,True
Antica,2024-09-18,6m,35629.0,34240.39813764735,34655.0,33901.0,False,True,True
Antica,2024-08-09,2w,33049.0,31358.15558912301,31359.5,29967.5,False,False,False
Antica,2024-08-09,1m,33678.0,31259.157641252517,31359.5,29967.5,False,False,False
Antica,2024-08-09,3m,39042.0,30721.566430886218,31359.5,29967.5,False,False,False
Antica,2024-08-09,6m,38429.5,29929.239848867186,31359.5,29967.5,False,False,False
Astera,2026-01-11,2w,40872.5,41508.3313237651,41393.0,41697.0,False,True,True
Astera,2026-01-11,1m,42530.5,41570.98143920193,41393.0,41697.0,False,True,True
Astera,2026-01-11,3m,41423.5,41866.46316381176,41393.0,41697.0,False,True,True
Astera,2026-01-11,6m,41730.0,42237.97679508262,41393.0,41697.0,False,True,True
Astera,2025-12-02,2w,43429.5,44732.15137196174,44675.0,44386.0,False,True,True
Astera,2025-12-02,1m,42279.5,44695.460858288825,44675.0,44386.0,False,False,True
Astera,2025-12-02,3m,41178.5,44784.08913180442,44675.0,44386.0,False,True,True
Astera,2025-12-02,6m,41034.0,44795.50108820407,44675.0,44386.0,False,True,True
Astera,2025-10-23,2w,44463.5,44311.632893228925,44264.0,43261.0,False,True,True
Astera,2025-10-23,1m,42696.0,44299.76980286576,44264.0,43261.0,False,True,True
Astera,2025-10-23,3m,41744.5,44166.73753995574,44264.0,43261.0,False,True,True
Astera,2025-10-23,6m,41275.0,44024.96760892959,44264.0,43261.0,False,True,True
Astera,2025-09-13,2w,41730.0,40843.831384735284,40892.5,40862.5,False,True,True
Astera,2025-09-13,1m,41670.0,40817.65582506047,40892.5,40862.5,False,True,True
Astera,2025-09-13,3m,43316.0,40606.19566897066,40892.5,40862.5,False,True,True
Astera,2025-09-13,6m,40718.0,40308.77733080054,40892.5,40862.5,False,True,True
Astera,2025-08-04,2w,40949.5,40407.3931840703,40427.5,40092.0,False,True,True
Astera,2025-08-04,1m,40525.5,40281.97475259626,40427.5,40092.0,False,True,True
Astera,2025-08-04,3m,44553.5,40187.66519204092,40427.5,40092.0,False,True,True
Astera,2025-08-04,6m,41654.0,39901.34277547087,40427.5,40092.0,False,True,True
Astera,2025-06-25,2w,39939.0,39207.85271746577,39172.5,39121.5,False,True,True
Astera,2025-06-25,1m,40660.5,39151.017679635814,39172.5,39121.5,False,True,True
Astera,2025-06-25,3m,41539.5,39100.22377930679,39172.5,39121.5,False,True,True
Astera,2025-06-25,6m,42952.0,39243.86454940896,39172.5,39121.5,False,True,True
Astera,2025-05-16,2w,39230.5,39124.19267347061,39058.5,39378.5,False,True,True
Astera,2025-05-16,1m,39591.0,39128.03116643917,39058.5,39378.5,False,True,True
Astera,2025-05-16,3m,40852.0,39222.94976489382,39058.5,39378.5,False,True,True
Astera,2025-05-16,6m,44310.0,39573.9268791116,39058.5,39378.5,False,True,True
Astera,2025-04-06,2w,40442.0,41010.40822263199,40993.5,41090.5,False,True,True
Astera,2025-04-06,1m,39060.5,41028.68657449529,40993.5,41090.5,False,True,True
Astera,2025-04-06,3m,39163.0,41263.50124596835,40993.5,41090.5,False,True,True
Astera,2025-04-06,6m,41932.0,41374.94968321328,40993.5,41090.5,False,True,True
Astera,2025-02-25,2w,41445.0,41687.68365188965,41608.0,41432.5,False,True,True
Astera,2025-02-25,1m,40901.5,41606.79097044811,41608.0,41432.5,False,True,True
Astera,2025-02-25,3m,39048.5,41757.2940809837,41608.0,41432.5,False,True,True
Astera,2025-02-25,6m,39690.0,41802.83767228977,41608.0,41432.5,False,True,True
Astera,2025-01-16,2w,40550.0,40949.80570503434,40827.0,41003.0,False,True,True
Astera,2025-01-16,1m,42063.5,40899.679281143224,40827.0,41003.0,False,True,True
Astera,2025-01-16,3m,39675.5,41153.38930236344,40827.0,41003.0,False,True,True
Astera,2025-01-16,6m,39353.0,41493.285246917825,40827.0,41003.0,False,True,True
Belobra,2026-01-11,2w,42161.0,41354.70721158772,41263.0,41656.5,True,True,True
Belobra,2026-01-11,1m,41941.5,41411.071734110126,41263.0,41656.5,True,True,True
Belobra,2026-01-11,3m,40646.0,41446.34043410691,41263.0,41656.5,True,True,True
Belobra,2026-01-11,6m,41712.5,41680.53425548172,41263.0,41656.5,True,True,True
Belobra,2025-12-02,2w,44815.0,45208.605111415396,45186.5,44591.5,True,True,True
Belobra,2025-12-02,1m,42438.5,45190.32228657461,45186.5,44591.5,True,False,False
Belobra,2025-12-02,3m,40561.5,45086.87116391532,45186.5,44591.5,True,False,False
Belobra,2025-12-02,6m,39950.5,44930.937209911586,45186.5,44591.5,True,False,True
Belobra,2025-10-23,2w,44750.0,43792.28331644257,43772.5,43325.0,True,True,True
Belobra,2025-10-23,1m,44160.0,43874.955179612014,43772.5,43325.0,True,True,True
Belobra,2025-10-23,3m,41554.0,44029.092052816,43772.5,43325.0,True,True,True
Belobra,2025-10-23,6m,41327.0,43901.31435737616,43772.5,43325.0,True,True,True
Belobra,2025-09-13,2w,42224.0,39044.526111336396,38966.0,41171.0,True,False,False
Belobra,2025-09-13,1m,42850.0,39172.875694108676,38966.0,41171.0,True,False,False
Belobra,2025-09-13,3m,45043.5,39597.85701925606,38966.0,41171.0,True,False,False
Belobra,2025-09-13,6m,39774.5,40205.74347129053,38966.0,41171.0,True,True,True
Belobra,2025-08-04,2w,40842.0,40580.26089191002,40612.5,40194.0,True,True,True
Belobra,2025-08-04,1m,41396.5,40520.2876819419,40612.5,40194.0,True,True,True
Belobra,2025-08-04,3m,44346.0,40469.74722143618,40612.5,40194.0,True,True,True
Belobra,2025-08-04,6m,42367.0,40453.43338453898,40612.5,40194.0,True,True,True
Belobra,2025-06-25,2w,40042.0,39885.33475815927,39853.5,39800.5,True,True,True
Belobra,2025-06-25,1m,40310.5,40000.30821676596,39853.5,39800.5,True,True,True
Belobra,2025-06-25,3m,42024.0,39923.962228840785,39853.5,39800.5,True,True,True
Belobra,2025-06-25,6m,42748.5,40158.03436580006,39853.5,39800.5,True,True,True
Belobra,2025-05-16,2w,40326.5,40690.864993976546,40697.0,39619.5,True,True,True
Belobra,2025-05-16,1m,39839.0,40599.18865199124,40697.0,39619.5,True,True,True
Belobra,2025-05-16,3m,40007.0,40432.42382777487,40697.0,39619.5,True,True,True
Belobra,2025-05-16,6m,44151.0,40131.9255909042,40697.0,39619.5,True,True,True
Belobra,2025-04-06,2w,40647.5,41844.46754815102,41832.0,40863.0,True,True,True
Belobra,2025-04-06,1m,40217.0,41704.61119971807,41832.0,40863.0,True,True,True
Belobra,2025-04-06,3m,39876.0,41580.09229262945,41832.0,40863.0,True,True,True
Belobra,2025-04-06,6m,42755.5,41147.26482365212,41832.0,40863.0,True,True,True
Belobra,2025-02-25,2w,40450.0,42412.788225348384,42384.5,42357.5,True,True,True
Belobra,2025-02-25,1m,41548.0,42490.551287928945,42384.5,42357.5,True,True,True
Belobra,2025-02-25,3m,40297.0,42635.821260460456,42384.5,42357.5,True,True,True
Belobra,2025-02-25,6m,41081.0,42668.12838928036,42384.5,42357.5,True,True,True
Belobra,2025-01-16,2w,42327.0,41102.45913931595,41037.0,41918.5,True,True,True
Belobra,2025-01-16,1m,42347.0,41224.535226549444,41037.0,41918.5,True,True,True
Belobra,2025-01-16,3m,40737.5,41276.90831137856,41037.0,41918.5,True,True,True
Belobra,2025-01-16,6m,40420.5,41461.45420317337,41037.0,41918.5,True,True,True
Belobra,2024-12-07,1m,41412.5,43129.34700154983,42914.975,44556.0,True,True,True
Belobra,2024-12-07,3m,41224.0,43369.35142320212,42914.975,44556.0,True,True,True
Belobra,2024-12-07,6m,39809.5,43772.85863256111,42914.975,44556.0,True,True,True
Belobra,2024-10-28,2w,42268.0,43317.18591427647,43271.5,42867.0,True,True,True
Belobra,2024-10-28,3m,41263.5,43302.62893639713,43271.5,42867.0,True,True,True
Belobra,2024-10-28,6m,40196.0,43239.19640027975,43271.5,42867.0,True,True,True
Belobra,2024-09-18,2w,43001.5,41689.55606255271,41683.5,41086.5,True,True,True
Belobra,2024-09-18,1m,43845.5,41723.64249061332,41683.5,41086.5,True,True,True
Belobra,2024-09-18,6m,41402.5,41425.63601554421,41683.5,41086.5,True,True,True
Bona,2026-01-11,2w,41218.0,41771.14134697288,41748.5,41743.0,False,True,True
Bona,2026-01-11,1m,40643.0,41795.000020168605,41748.5,41743.0,False,True,True
Bona,2026-01-11,3m,40935.5,41667.68270605998,41748.5,41743.0,False,True,True
Bona,2026-01-11,6m,41998.0,41582.11855165371,41748.5,41743.0,False,True,True
Bona,2025-12-02,2w,44083.0,45140.64903529571,45166.0,43258.5,False,True,True
Bona,2025-12-02,1m,40946.5,45239.7961408868,45166.0,43258.5,False,False,False
Bona,2025-12-02,3m,41561.5,45261.636220391294,45166.0,43258.5,False,False,True
Bona,2025-12-02,6m,40774.5,45520.89183515639,45166.0,43258.5,False,False,True
Bona,2025-10-23,2w,43542.5,43604.27309261612,43604.5,42697.5,False,True,True
Bona,2025-10-23,1m,43236.5,43650.733589790296,43604.5,42697.5,False,True,True
Bona,2025-10-23,3m,41126.5,43768.54128464525,43604.5,42697.5,False,True,True
Bona,2025-10-23,6m,40683.0,44028.06291451481,43604.5,42697.5,False,True,True
Bona,2025-09-13,2w,41352.5,41187.945770276856,41227.5,40607.5,False,True,True
Bona,2025-09-13,1m,42634.0,41184.66416483934,41227.5,40607.5,False,True,True
Bona,2025-09-13,3m,44702.5,41073.36328802858,41227.5,40607.5,False,False,True
Bona,2025-09-13,6m,39649.0,40886.3730373236,41227.5,40607.5,False,True,True
Bona,2025-08-04,2w,40518.0,39731.92218330551,39665.5,39905.5,False,True,True
Bona,2025-08-04,1m,40031.0,39751.516539216165,39665.5,39905.5,False,True,True
Bona,2025-08-04,3m,44469.0,39947.86684961547,39665.5,39905.5,False,False,False
Bona,2025-08-04,6m,39999.0,40263.99547328263,39665.5,39905.5,False,True,True
Calmera,2026-01-11,2w,41291.5,41769.88592147635,41754.0,42850.5,False,True,True
Calmera,2026-01-11,1m,41718.5,41833.60061420004,41754.0,42850.5,False,True,True
Calmera,2026-01-11,3m,40790.5,41860.13488348901,41754.0,42850.5,False,True,True
Calmera,2026-01-11,6m,41673.0,41906.914311151435,41754.0,42850.5,False,True,True
Calmera,2025-12-02,2w,44756.0,44314.63444042851,44278.5,44241.5,False,True,True
Calmera,2025-12-02,1m,43299.5,44366.21716674819,44278.5,44241.5,False,True,True
Calmera,2025-12-02,3m,41050.0,44071.75432759107,44278.5,44241.5,False,True,True
Calmera,2025-12-02,6m,41098.5,43901.97652352067,44278.5,44241.5,False,True,True
Calmera,2025-10-23,2w,44904.0,44156.37017081567,44111.0,42847.0,False,True,True
Calmera,2025-10-23,1m,43667.0,44151.47143465841,44111.0,42847.0,False,True,True
Calmera,2025-10-23,3m,42053.5,44166.305560883,44111.0,42847.0,False,True,True
Calmera,2025-10-23,6m,40689.0,44215.69750103313,44111.0,42847.0,False,True,True
Calmera,2025-09-13,2w,41373.5,39887.40908118637,39862.5,39487.5,False,True,True
Calmera,2025-09-13,1m,43352.5,39853.81061291894,39862.5,39487.5,False,False,False
Calmera,2025-09-13,3m,43770.0,39829.795024261606,39862.5,39487.5,False,False,True
Calmera,2025-09-13,6m,40906.0,39650.56307583535,39862.5,39487.5,False,True,True
Calmera,2025-08-04,2w,39901.0,39983.17331285546,39925.0,39370.5,False,True,True
Calmera,2025-08-04,1m,39847.0,39984.83049387185,39925.0,39370.5,False,True,True
Calmera,2025-08-04,3m,44767.0,40169.9927396043,39925.0,39370.5,False,False,True
Calmera,2025-08-04,6m,42268.5,40069.783527489606,39925.0,39370.5,False,True,True
Calmera,2025-06-25,2w,39533.5,39257.494493674894,39161.0,39444.0,False,True,True
Calmera,2025-06-25,1m,39397.0,39289.55773949936,39161.0,39444.0,False,True,True
Calmera,2025-06-25,3m,41386.5,39330.701189287654,39161.0,39444.0,False,True,True
Calmera,2025-06-25,6m,42688.5,39414.74015356199,39161.0,39444.0,False,True,True
Calmera,2025-05-16,2w,40449.5,40246.918179545435,40166.0,39755.5,False,True,True
Calmera,2025-05-16,1m,38998.5,40278.44449754001,40166.0,39755.5,False,True,True
Calmera,2025-05-16,3m,40058.5,40222.33218817719,40166.0,39755.5,False,True,True
Calmera,2025-05-16,6m,43877.0,40267.21230971236,40166.0,39755.5,False,True,True
Calmera,2025-04-06,2w,40224.0,40526.03639155104,40391.5,41274.0,False,True,True
Calmera,2025-04-06,1m,39980.0,40650.04164905405,40391.5,41274.0,False,True,True
Calmera,2025-04-06,3m,38937.5,40845.78598279598,40391.5,41274.0,False,True,True
Calmera,2025-04-06,6m,42066.5,41414.24762806155,40391.5,41274.0,False,True,True
Calmera,2025-02-25,2w,41311.5,42414.4403002116,42269.5,42166.5,False,True,True
Calmera,2025-02-25,1m,41244.0,42486.75363830894,42269.5,42166.5,False,True,True
Calmera,2025-02-25,3m,39701.5,42573.16100818835,42269.5,42166.5,False,True,True
Calmera,2025-02-25,6m,40380.5,42757.74112972618,42269.5,42166.5,False,True,True
Calmera,2025-01-16,2w,42250.0,40944.817547123464,40883.5,40610.5,False,True,True
Calmera,2025-01-16,1m,42260.0,41067.11388261769,40883.5,40610.5,False,True,True
Calmera,2025-01-16,3m,40438.0,41202.6307423161,40883.5,40610.5,False,True,True
Calmera,2025-01-16,6m,39735.0,41348.360527915924,40883.5,40610.5,False,True,True
Calmera,2024-12-07,2w,41125.0,42923.31084728084,42826.0,42652.5,False,True,True
Calmera,2024-12-07,1m,39873.0,42978.52178688243,42826.0,42652.5,False,False,True
Calmera,2024-12-07,3m,41491.0,43091.33175968315,42826.0,42652.5,False,True,True
Calmera,2024-12-07,6m,39374.5,43387.89176288656,42826.0,42652.5,False,True,True
Calmera,2024-10-28,2w,41415.0,42082.07087293368,41970.0,41782.0,False,True,True
Calmera,2024-10-28,1m,42691.0,42245.4371129599,41970.0,41782.0,False,True,True
Calmera,2024-10-28,3m,41978.5,42461.667794193476,41970.0,41782.0,False,True,True
Calmera,2024-10-28,6m,40025.0,42933.4959488345,41970.0,41782.0,False,True,True
Celesta,2026-01-11,2w,40799.0,41619.90782198943,41605.0,41663.5,False,True,True
Celesta,2026-01-11,1m,41116.5,41638.10418318804,41605.0,41663.5,False,True,True
Celesta,2026-01-11,3m,41788.5,41733.33001071075,41605.0,41663.5,False,True,True
Celesta,2026-01-11,6m,41440.5,41848.01330528445,41605.0,41663.5,False,True,True
Celesta,2025-12-02,2w,43684.0,45193.638222500784,45203.0,44725.0,False,False,True
Celesta,2025-12-02,1m,43188.0,45286.88930428384,45203.0,44725.0,False,False,True
Celesta,2025-12-02,3m,41440.5,45503.925804048275,45203.0,44725.0,False,False,True
Celesta,2025-12-02,6m,40872.0,45903.15579035836,45203.0,44725.0,False,False,True
Celesta,2025-10-23,2w,44308.5,42954.66671800537,42933.0,41851.5,False,False,True
Celesta,2025-10-23,1m,44636.5,42931.00227743839,42933.0,41851.5,False,True,True
Celesta,2025-10-23,3m,41141.5,42924.21579949322,42933.0,41851.5,False,True,True
Celesta,2025-10-23,6m,41010.0,42907.44516449316,42933.0,41851.5,False,True,True
Celesta,2025-09-13,2w,42002.5,40720.60237337232,40713.0,40107.5,False,False,True
Celesta,2025-09-13,1m,42534.0,40749.51179533641,40713.0,40107.5,False,False,True
Celesta,2025-09-13,3m,44001.0,40762.75413500966,40713.0,40107.5,False,False,True
Celesta,2025-09-13,6m,40576.5,40783.16685425225,40713.0,40107.5,False,True,True
Celesta,2025-08-04,2w,39934.0,40134.319563943965,40165.0,39162.0,False,True,True
Celesta,2025-08-04,1m,40365.5,40105.02856919287,40165.0,39162.0,False,True,True
Celesta,2025-08-04,3m,44484.0,40055.186138706515,40165.0,39162.0,False,False,False
Celesta,2025-08-04,6m,41200.0,39978.97128787068,40165.0,39162.0,False,True,True
Descubra,2026-01-11,2w,38509.5,40141.44481845977,40091.0,40329.0,True,False,True
Descubra,2026-01-11,1m,39316.0,40217.37240111578,40091.0,40329.0,True,True,True
Descubra,2026-01-11,3m,38495.5,40188.34198435406,40091.0,40329.0,True,True,True
Descubra,2026-01-11,6m,37672.5,40163.95671791735,40091.0,40329.0,True,True,True
Descubra,2025-12-02,2w,41515.5,43197.092717713655,43218.5,42385.0,True,False,True
Descubra,2025-12-02,1m,40350.5,43199.90084722276,43218.5,42385.0,True,False,False
Descubra,2025-12-02,3m,38053.0,43057.383199397314,43218.5,42385.0,True,False,False
Descubra,2025-12-02,6m,37286.5,42968.49520994249,43218.5,42385.0,True,False,True
Descubra,2025-10-23,2w,41639.5,43137.59593488013,43148.5,42995.0,True,True,True
Descubra,2025-10-23,1m,43126.0,43078.90004839219,43148.5,42995.0,True,True,True
Descubra,2025-10-23,3m,39789.0,42880.78250434779,43148.5,42995.0,True,True,True
Descubra,2025-10-23,6m,36947.0,42539.08684523114,43148.5,42995.0,True,False,True
Descubra,2025-09-13,2w,40525.5,39180.22195317493,39240.0,38359.0,True,False,True
Descubra,2025-09-13,1m,41914.5,39139.30017823522,39240.0,38359.0,True,False,False
Descubra,2025-09-13,3m,42078.0,38684.0211670424,39240.0,38359.0,True,True,True
Descubra,2025-09-13,6m,38223.0,38109.08983381017,39240.0,38359.0,True,True,True
Descubra,2025-08-04,2w,38602.5,38060.023229785525,38103.5,37725.5,True,True,True
Descubra,2025-08-04,1m,37566.5,37942.02045025022,38103.5,37725.5,True,True,True
Descubra,2025-08-04,3m,43607.5,37553.33331055092,38103.5,37725.5,True,False,False
Descubra,2025-08-04,6m,39923.5,36909.09288621521,38103.5,37725.5,True,True,True
Gentebra,2026-01-11,2w,41652.5,41511.89134273841,41430.0,41749.5,True,True,True
Gentebra,2026-01-11,1m,41970.5,41618.25874653799,41430.0,41749.5,True,True,True
Gentebra,2026-01-11,3m,41012.0,41790.55365398376,41430.0,41749.5,True,True,True
Gentebra,2026-01-11,6m,41975.5,42025.83335319212,41430.0,41749.5,True,True,True
Gentebra,2025-12-02,2w,44811.0,45053.95331432223,45040.0,44329.5,True,True,True
Gentebra,2025-12-02,1m,43249.5,45042.77672937117,45040.0,44329.5,True,False,True
Gentebra,2025-12-02,3m,41130.0,44999.5251089351,45040.0,44329.5,True,False,False
Gentebra,2025-12-02,6m,41672.5,45015.11880291285,45040.0,44329.5,True,True,True
Gentebra,2025-10-23,2w,43888.5,44345.87569249032,44383.0,43533.0,True,True,True
Gentebra,2025-10-23,1m,44724.0,44352.11549929579,44383.0,43533.0,True,True,True
Gentebra,2025-10-23,3m,42372.0,44235.89789756894,44383.0,43533.0,True,True,True
Gentebra,2025-10-23,6m,40178.5,44009.01832514284,44383.0,43533.0,True,False,True
Gentebra,2025-09-13,2w,41799.5,41758.43877768707,41825.5,40698.0,True,True,True
Gentebra,2025-09-13,1m,43477.0,41705.533903577,41825.5,40698.0,True,False,False
Gentebra,2025-09-13,3m,44075.5,41439.373996750845,41825.5,40698.0,True,False,True
Gentebra,2025-09-13,6m,41053.5,41097.48491072336,41825.5,40698.0,True,True,True
Gentebra,2025-08-04,2w,40207.5,39565.40162944814,39576.5,40262.5,True,True,True
Gentebra,2025-08-04,1m,40895.0,39551.49868467498,39576.5,40262.5,True,False,True
Gentebra,2025-08-04,3m,43942.0,39551.487013234524,39576.5,40262.5,True,False,False
Gentebra,2025-08-04,6m,41256.5,39517.49338928935,39576.5,40262.5,True,True,True
Gladera,2026-01-11,2w,41235.5,40534.55094518915,40439.5,39987.0,False,True,True
Gladera,2026-01-11,1m,42234.0,40587.434228858125,40439.5,39987.0,False,True,True
Gladera,2026-01-11,3m,41433.5,40487.16580648669,40439.5,39987.0,False,True,True
Gladera,2026-01-11,6m,41868.0,40390.7049123781,40439.5,39987.0,False,True,True
Gladera,2025-12-02,2w,44314.5,44316.831465093215,44269.0,44110.0,False,True,True
Gladera,2025-12-02,1m,40399.0,44439.42363561185,44269.0,44110.0,False,False,False
Gladera,2025-12-02,3m,39874.0,44500.11906877035,44269.0,44110.0,False,False,True
Gladera,2025-12-02,6m,40457.0,44604.26773659386,44269.0,44110.0,False,True,True
Gladera,2025-10-23,2w,44519.5,43610.98167547015,43584.5,43572.5,False,True,True
Gladera,2025-10-23,1m,43116.0,43657.48887378922,43584.5,43572.5,False,True,True
Gladera,2025-10-23,3m,39547.0,43677.34492717944,43584.5,43572.5,False,False,True
Gladera,2025-10-23,6m,40232.0,43843.50064374496,43584.5,43572.5,False,True,True
Gladera,2025-09-13,2w,41771.0,41288.950567176085,41325.5,40658.0,False,True,True
Gladera,2025-09-13,1m,42972.5,41304.77677604009,41325.5,40658.0,False,True,True
Gladera,2025-09-13,3m,43988.0,41369.55632369028,41325.5,40658.0,False,True,True
Gladera,2025-09-13,6m,36940.0,41336.87131964049,41325.5,40658.0,False,True,True
Gladera,2025-08-04,2w,40850.5,38366.17395587894,38349.0,39021.5,False,False,True
Gladera,2025-08-04,1m,41101.0,38372.62836052461,38349.0,39021.5,False,True,True
Gladera,2025-08-04,3m,44959.0,38913.201857835906,38349.0,39021.5,False,False,True
Gladera,2025-08-04,6m,39538.5,39707.20034571168,38349.0,39021.5,False,True,True
Gladera,2025-06-25,2w,39821.5,39125.14087519482,39166.0,38975.0,False,True,True
Gladera,2025-06-25,1m,39402.0,39013.505625104546,39166.0,38975.0,False,True,True
Gladera,2025-06-25,3m,41514.5,38898.46545121589,39166.0,38975.0,False,True,True
Gladera,2025-06-25,6m,42639.0,38706.45726193188,39166.0,38975.0,False,True,True
Gladera,2025-05-16,2w,39477.5,38728.91351618291,38858.0,37621.0,False,True,True
Gladera,2025-05-16,1m,38894.5,38707.120975839905,38858.0,37621.0,False,True,True
Gladera,2025-05-16,3m,40283.5,38464.3697447075,38858.0,37621.0,False,True,True
Gladera,2025-05-16,6m,43118.5,38211.07213494651,38858.0,37621.0,False,True,True
Gladera,2025-04-06,2w,40359.5,40050.060859045596,40122.5,40370.0,False,True,True
Gladera,2025-04-06,1m,39388.5,39874.15225776178,40122.5,40370.0,False,True,True
Gladera,2025-04-06,3m,39602.0,39958.502110548536,40122.5,40370.0,False,True,True
Gladera,2025-04-06,6m,42581.0,39738.361278425786,40122.5,40370.0,False,True,True
Gladera,2025-02-25,2w,40916.0,40378.936601215406,40394.0,41861.0,False,True,True
Gladera,2025-02-25,1m,40648.0,40405.59056794391,40394.0,41861.0,False,True,True
Gladera,2025-02-25,3m,39588.0,40502.634948639374,40394.0,41861.0,False,True,True
Gladera,2025-02-25,6m,41075.0,40675.6629748818,40394.0,41861.0,False,True,True
Gladera,2025-01-16,2w,41797.0,41938.026457943866,41934.42105263158,40935.0,False,True,True
Gladera,2025-01-16,1m,41491.5,41785.81868454658,41934.42105263158,40935.0,False,True,True
Gladera,2025-01-16,3m,40284.0,41575.04438488952,41934.42105263158,40935.0,False,True,True
Gladera,2025-01-16,6m,39535.5,41150.656756628356,41934.42105263158,40935.0,False,True,True
Gladera,2024-12-07,3m,40661.0,40665.786312363765,41005.0,40735.5,False,True,True
Gladera,2024-12-07,6m,38700.5,40489.80432503349,41005.0,40735.5,False,True,True
Gladera,2024-10-28,2w,41608.5,40650.66282994147,40718.5,42126.0,False,True,True
Gladera,2024-10-28,1m,42574.5,40700.19453343506,40718.5,42126.0,False,True,True
Gladera,2024-10-28,3m,41057.5,40724.69216020312,40718.5,42126.0,False,True,True
Gladera,2024-10-28,6m,39941.0,41037.03379174975,40718.5,42126.0,False,True,True
Gladera,2024-09-18,2w,42093.5,38053.41720517416,38146.0,38658.5,False,False,False
Gladera,2024-09-18,1m,42424.0,37938.663278139444,38146.0,38658.5,False,False,True
Gladera,2024-09-18,6m,40445.5,37572.895555765506,38146.0,38658.5,False,True,True
Harmonia,2026-01-11,2w,41035.0,41469.79258917076,41331.5,41303.5,False,True,True
Harmonia,2026-01-11,1m,41251.5,41481.75214960615,41331.5,41303.5,False,True,True
Harmonia,2026-01-11,3m,40954.0,41534.00245332351,41331.5,41303.5,False,True,True
Harmonia,2026-01-11,6m,41049.0,41714.83242099038,41331.5,41303.5,False,True,True
Harmonia,2025-12-02,2w,41536.5,44165.32873204959,44049.5,43966.0,False,False,False
Harmonia,2025-12-02,1m,40959.0,44177.953349228526,44049.5,43966.0,False,False,False
Harmonia,2025-12-02,3m,41094.5,44260.04417843538,44049.5,43966.0,False,True,True
Harmonia,2025-12-02,6m,41035.0,44151.869664234735,44049.5,43966.0,False,True,True
Harmonia,2025-10-23,2w,44480.5,43152.72314768256,43101.5,43384.0,False,True,True
Harmonia,2025-10-23,1m,43899.5,43252.230627796765,43101.5,43384.0,False,True,True
Harmonia,2025-10-23,3m,40842.0,43326.11801710506,43101.5,43384.0,False,True,True
Harmonia,2025-10-23,6m,40915.5,43331.01890689343,43101.5,43384.0,False,True,True
Harmonia,2025-09-13,2w,41465.5,40554.05071319787,40522.5,40004.5,False,True,True
Harmonia,2025-09-13,1m,42752.0,40515.412592240784,40522.5,40004.5,False,False,True
Harmonia,2025-09-13,3m,43984.0,40374.79564528259,40522.5,40004.5,False,False,True
Harmonia,2025-09-13,6m,40260.5,40306.23007761811,40522.5,40004.5,False,True,True
Harmonia,2025-08-04,2w,40120.5,40317.69416068354,40262.5,39253.0,False,True,True
Harmonia,2025-08-04,1m,40484.5,40345.821901946256,40262.5,39253.0,False,True,True
Harmonia,2025-08-04,3m,44109.5,40327.77709038585,40262.5,39253.0,False,True,True
Harmonia,2025-08-04,6m,41252.5,40399.9524560072,40262.5,39253.0,False,True,True
Harmonia,2025-06-25,2w,40316.5,39554.609241365586,39486.5,39865.0,False,True,True
Harmonia,2025-06-25,1m,40142.5,39647.41790295554,39486.5,39865.0,False,True,True
Harmonia,2025-06-25,3m,41098.0,39724.3954705096,39486.5,39865.0,False,True,True
Harmonia,2025-06-25,6m,41225.0,39919.457086482886,39486.5,39865.0,False,True,True
Harmonia,2025-05-16,2w,39990.0,39032.54080222302,38940.5,40423.5,False,True,True
Harmonia,2025-05-16,1m,39536.0,39098.58394389007,38940.5,40423.5,False,True,True
Harmonia,2025-05-16,3m,39748.0,39400.770239589256,38940.5,40423.5,False,True,True
Harmonia,2025-05-16,6m,43548.0,39770.651056059214,38940.5,40423.5,False,True,True
Harmonia,2025-04-06,2w,39807.0,40927.372971426244,40833.0,40811.5,False,True,True
Harmonia,2025-04-06,1m,39058.0,40938.93287354046,40833.0,40811.5,False,True,True
Harmonia,2025-04-06,3m,38293.0,41153.11317116118,40833.0,40811.5,False,True,True
Harmonia,2025-04-06,6m,41659.0,41730.328441654055,40833.0,40811.5,False,True,True
Harmonia,2025-02-25,2w,40817.5,42384.268399784814,42313.0,42210.0,False,True,True
Harmonia,2025-02-25,1m,40874.0,42453.22274068701,42313.0,42210.0,False,True,True
Harmonia,2025-02-25,3m,40057.5,42850.66360565084,42313.0,42210.0,False,True,True
Harmonia,2025-02-25,6m,40236.0,43528.10702274543,42313.0,42210.0,False,True,True
Harmonia,2025-01-16,2w,41456.0,40891.58204425609,40845.5,41664.5,False,True,True
Harmonia,2025-01-16,1m,42306.5,41107.87083177176,40845.5,41664.5,False,True,True
Harmonia,2025-01-16,3m,39954.5,41453.77654893143,40845.5,41664.5,False,True,True
Harmonia,2025-01-16,6m,38926.0,42349.77727779494,40845.5,41664.5,False,True,True
Honbra,2026-01-11,2w,38558.0,38317.20155450619,38284.5,39267.5,True,True,True
Honbra,2026-01-11,1m,38758.5,38359.563712964366,38284.5,39267.5,True,True,True
Honbra,2026-01-11,3m,37387.0,38550.5212389176,38284.5,39267.5,True,True,True
Honbra,2026-01-11,6m,36967.0,39020.3260005651,38284.5,39267.5,True,True,True
Honbra,2025-12-02,2w,40265.0,40968.05283401167,40947.5,40162.0,True,True,True
Honbra,2025-12-02,1m,39316.0,40990.47017838386,40947.5,40162.0,True,True,True
Honbra,2025-12-02,3m,37863.0,40994.065234158246,40947.5,40162.0,True,True,True
Honbra,2025-12-02,6m,36967.5,41094.39647501602,40947.5,40162.0,True,True,True
Honbra,2025-10-23,2w,40322.5,40894.63966494637,40898.0,40175.0,True,True,True
Honbra,2025-10-23,1m,40183.5,40921.18983223547,40898.0,40175.0,True,True,True
Honbra,2025-10-23,3m,38048.5,40995.07973611866,40898.0,40175.0,True,True,True
Honbra,2025-10-23,6m,37223.5,41092.575408024626,40898.0,40175.0,True,True,True
Honbra,2025-09-13,2w,36730.5,37187.02587502806,37249.5,36045.5,True,True,True
Honbra,2025-09-13,1m,40248.0,37202.045263085325,37249.5,36045.5,True,False,False
Honbra,2025-09-13,3m,40641.5,37159.57708830196,37249.5,36045.5,True,True,True
Honbra,2025-09-13,6m,37016.5,37123.44083917128,37249.5,36045.5,True,True,True
Honbra,2025-08-04,2w,36364.0,34624.18363774897,34781.0,33995.5,True,False,False
Honbra,2025-08-04,1m,36720.0,34522.01324633736,34781.0,33995.5,True,False,False
Honbra,2025-08-04,3m,41044.5,33899.190574830805,34781.0,33995.5,True,False,False
Honbra,2025-08-04,6m,38268.5,32979.72206907956,34781.0,33995.5,True,False,True
Inabra,2026-01-11,2w,39263.0,38164.43044297677,38178.5,38057.5,True,True,True
Inabra,2026-01-11,1m,39132.5,38208.440468829634,38178.5,38057.5,True,True,True
Inabra,2026-01-11,3m,38006.0,38215.536573512174,38178.5,38057.5,True,True,True
Inabra,2026-01-11,6m,38044.0,38335.31991411255,38178.5,38057.5,True,True,True
Inabra,2025-12-02,2w,39742.5,40317.17753225831,40353.5,40398.5,True,True,True
Inabra,2025-12-02,1m,39019.0,40295.562756910105,40353.5,40398.5,True,True,True
Inabra,2025-12-02,3m,36895.5,40141.65275390263,40353.5,40398.5,True,True,True
Inabra,2025-12-02,6m,37497.0,39887.05073460441,40353.5,40398.5,True,True,True
Inabra,2025-10-23,2w,39873.5,40338.50577546188,40376.5,40012.5,True,True,True
Inabra,2025-10-23,1m,40354.0,40264.88449993025,40376.5,40012.5,True,True,True
Inabra,2025-10-23,3m,39304.0,40103.17296787834,40376.5,40012.5,True,True,True
Inabra,2025-10-23,6m,37432.0,39855.82445714181,40376.5,40012.5,True,True,True
Inabra,2025-09-13,2w,37806.5,36811.37227398457,36951.5,36228.5,True,True,True
Inabra,2025-09-13,1m,39793.5,36806.470979885125,36951.5,36228.5,True,False,True
Inabra,2025-09-13,3m,40670.5,36697.00485900631,36951.5,36228.5,True,True,True
Inabra,2025-09-13,6m,36809.5,36722.777749753324,36951.5,36228.5,True,True,True
Inabra,2025-08-04,2w,35511.5,33192.672296583536,33222.0,33980.5,True,False,True
Inabra,2025-08-04,1m,36164.0,33215.99896768666,33222.0,33980.5,True,False,True
Inabra,2025-08-04,3m,40768.0,33457.19061264175,33222.0,33980.5,True,False,False
Inabra,2025-08-04,6m,38172.5,33703.445660887315,33222.0,33980.5,True,True,True
Inabra,2025-06-25,2w,33315.0,32774.24998017198,32776.5,33841.5,True,True,True
Inabra,2025-06-25,1m,34164.5,32746.552459166458,32776.5,33841.5,True,True,True
Inabra,2025-06-25,3m,37208.0,33094.94197999583,32776.5,33841.5,True,True,True
Inabra,2025-06-25,6m,39069.0,33170.89681716991,32776.5,33841.5,True,True,True
Inabra,2025-05-16,2w,34745.0,34318.57520097344,34330.0,35114.5,True,True,True
Inabra,2025-05-16,1m,33356.0,34346.2973366466,34330.0,35114.5,True,True,True
Inabra,2025-05-16,3m,35988.5,34502.11929745126,34330.0,35114.5,True,True,True
Inabra,2025-05-16,6m,40007.5,34789.9116609624,34330.0,35114.5,True,True,True
Inabra,2025-04-06,2w,36261.5,37214.96033103671,37221.5,36790.5,True,True,True
Inabra,2025-04-06,1m,36019.0,37184.589144752084,37221.5,36790.5,True,True,True
Inabra,2025-04-06,3m,33013.0,37291.96649790113,37221.5,36790.5,True,True,True
Inabra,2025-04-06,6m,39102.5,37363.23082833728,37221.5,36790.5,True,True,True
Inabra,2025-02-25,2w,37639.0,39198.02115006293,39127.0,38961.5,True,True,True
Inabra,2025-02-25,1m,37551.0,39249.16048068571,39127.0,38961.5,True,True,True
Inabra,2025-02-25,3m,34785.0,39679.44749543784,39127.0,38961.5,True,True,True
Inabra,2025-02-25,6m,35839.5,39926.73797019501,39127.0,38961.5,True,True,True
Inabra,2025-01-16,2w,39411.5,39175.68229358722,39123.0,38329.5,True,True,True
Inabra,2025-01-16,1m,38991.0,39234.123475562534,39123.0,38329.5,True,True,True
Inabra,2025-01-16,3m,37614.0,39386.17870449829,39123.0,38329.5,True,True,True
Inabra,2025-01-16,6m,33508.5,39760.40651609683,39123.0,38329.5,True,True,True
Inabra,2024-12-07,1m,39014.5,39768.68388862538,39588.0,38567.5,True,True,True
Inabra,2024-12-07,3m,38306.0,40094.697893366705,39588.0,38567.5,True,True,True
Inabra,2024-12-07,6m,33658.5,40516.59915831493,39588.0,38567.5,True,True,True
Inabra,2024-10-28,2w,39739.0,40139.14295238332,40044.0,39883.0,True,True,True
Inabra,2024-10-28,1m,40671.5,40177.983120370496,40044.0,39883.0,True,True,True
Inabra,2024-10-28,3m,38870.0,40559.04142769633,40044.0,39883.0,True,True,True
Inabra,2024-10-28,6m,36000.5,41086.14841451621,40044.0,39883.0,True,True,True
Inabra,2024-09-18,2w,37779.5,35199.3403872888,35119.5,34769.0,True,False,True
Inabra,2024-09-18,1m,39598.0,35176.28289032076,35119.5,34769.0,True,False,False
Inabra,2024-09-18,6m,37455.0,35523.0796108229,35119.5,34769.0,True,True,True
Karmeya,2026-01-11,2w,37456.5,38912.83381899682,38839.0,39150.0,False,True,True
Karmeya,2026-01-11,1m,38742.0,38941.12649789275,38839.0,39150.0,False,True,True
Karmeya,2026-01-11,3m,38337.0,38905.000975249466,38839.0,39150.0,False,True,True
Karmeya,2026-01-11,6m,36977.0,39182.35218231611,38839.0,39150.0,False,True,True
Karmeya,2025-12-02,2w,41249.0,42853.45449244113,42774.0,42111.5,False,True,True
Karmeya,2025-12-02,1m,40825.0,42873.2510334319,42774.0,42111.5,False,True,True
Karmeya,2025-12-02,3m,38008.0,42788.07859767882,42774.0,42111.5,False,False,True
Karmeya,2025-12-02,6m,36951.5,42663.00251970989,42774.0,42111.5,False,False,True
Karmeya,2025-10-23,2w,41689.5,42504.43735240708,42452.5,41684.0,False,True,True
Karmeya,2025-10-23,1m,41765.0,42501.09702071469,42452.5,41684.0,False,True,True
Karmeya,2025-10-23,3m,38371.5,42487.85842414236,42452.5,41684.0,False,False,True
Karmeya,2025-10-23,6m,37066.5,42409.551475634806,42452.5,41684.0,False,False,True
Karmeya,2025-09-13,2w,40457.5,38198.45379713616,38263.5,38081.5,False,False,False
Karmeya,2025-09-13,1m,40983.0,38133.88503393463,38263.5,38081.5,False,False,False
Karmeya,2025-09-13,3m,42141.0,37880.77578463574,38263.5,38081.5,False,False,True
Karmeya,2025-09-13,6m,37425.0,37436.34956876238,38263.5,38081.5,False,True,True
Karmeya,2025-08-04,2w,38346.5,37079.35593053477,37188.5,36552.0,False,False,True
Karmeya,2025-08-04,1m,37263.0,36864.049112546345,37188.5,36552.0,False,True,True
Karmeya,2025-08-04,3m,41234.5,36068.236080159426,37188.5,36552.0,False,False,False
Karmeya,2025-08-04,6m,38547.0,35111.78938074852,37188.5,36552.0,False,True,True
Lobera,2026-01-11,2w,38614.0,38453.45467370935,38434.0,37404.5,False,True,True
Lobera,2026-01-11,1m,38431.5,38402.56698176652,38434.0,37404.5,False,True,True
Lobera,2026-01-11,3m,37017.5,38373.14849847911,38434.0,37404.5,False,True,True
Lobera,2026-01-11,6m,37452.0,38374.710123065175,38434.0,37404.5,False,True,True
Lobera,2025-12-02,2w,39989.5,40232.597490163906,40279.0,39686.5,False,True,True
Lobera,2025-12-02,1m,39024.0,40175.40096229367,40279.0,39686.5,False,True,True
Lobera,2025-12-02,3m,36887.0,40175.18770187416,40279.0,39686.5,False,True,True
Lobera,2025-12-02,6m,36561.5,39964.47614988973,40279.0,39686.5,False,True,True
Lobera,2025-10-23,2w,39860.5,40143.053639563674,40077.0,39449.5,False,True,True
Lobera,2025-10-23,1m,39711.0,40016.146290180695,40077.0,39449.5,False,True,True
Lobera,2025-10-23,3m,37357.0,40209.60489784868,40077.0,39449.5,False,True,True
Lobera,2025-10-23,6m,37299.0,40159.08707535492,40077.0,39449.5,False,True,True
Lobera,2025-09-13,2w,37012.5,36639.497256689836,36720.0,35656.0,False,True,True
Lobera,2025-09-13,1m,38531.0,36603.128105315685,36720.0,35656.0,False,True,True
Lobera,2025-09-13,3m,39892.5,36484.6618098858,36720.0,35656.0,False,True,True
Lobera,2025-09-13,6m,37353.0,36462.9710785597,36720.0,35656.0,False,True,True
Lobera,2025-08-04,2w,35532.5,33770.96754094259,33866.0,35084.5,False,False,True
Lobera,2025-08-04,1m,35594.0,33783.93432141356,33866.0,35084.5,False,True,True
Lobera,2025-08-04,3m,40353.0,33846.445988774416,33866.0,35084.5,False,False,False
Lobera,2025-08-04,6m,38152.5,33604.53859280607,33866.0,35084.5,False,True,True
Lobera,2025-06-25,2w,32191.5,32394.79119976286,32352.0,33283.0,False,True,True
Lobera,2025-06-25,1m,32966.5,32419.361837225686,32352.0,33283.0,False,True,True
Lobera,2025-06-25,3m,35872.0,32748.315486897576,32352.0,33283.0,False,True,True
Lobera,2025-06-25,6m,36183.5,33277.15240188855,32352.0,33283.0,False,True,True
Lobera,2025-05-16,2w,34312.5,33715.21119808259,33672.0,34572.0,False,True,True
Lobera,2025-05-16,1m,32989.5,33808.245765650776,33672.0,34572.0,False,True,True
Lobera,2025-05-16,3m,35611.0,33880.069172361895,33672.0,34572.0,False,True,True
Lobera,2025-05-16,6m,40228.5,34008.49016594829,33672.0,34572.0,False,True,True
Lobera,2025-04-06,2w,35699.5,37286.73299487239,37300.0,36034.0,False,True,True
Lobera,2025-04-06,1m,33952.0,37269.8060431608,37300.0,36034.0,False,False,True
Lobera,2025-04-06,3m,31019.0,37274.85360726224,37300.0,36034.0,False,False,False
Lobera,2025-04-06,6m,38526.5,37129.24335186856,37300.0,36034.0,False,True,True
Lobera,2025-02-25,2w,36874.5,38025.70036789086,38013.5,37156.0,False,True,True
Lobera,2025-02-25,1m,36197.5,38159.61770485522,38013.5,37156.0,False,True,True
Lobera,2025-02-25,3m,34220.5,38378.82408462443,38013.5,37156.0,False,True,True
Lobera,2025-02-25,6m,35811.0,38494.46313479196,38013.5,37156.0,False,True,True
Lobera,2025-01-16,2w,38293.0,38452.35614160496,38441.5,38063.0,False,True,True
Lobera,2025-01-16,1m,37746.0,38489.7936971927,38441.5,38063.0,False,True,True
Lobera,2025-01-16,3m,36476.0,38652.670861647515,38441.5,38063.0,False,True,True
Lobera,2025-01-16,6m,32951.5,38849.01932237286,38441.5,38063.0,False,True,True
Lobera,2024-12-07,2w,38932.5,38672.63889342037,38569.5,37979.0,False,True,True
Lobera,2024-12-07,1m,37483.0,38762.20148016501,38569.5,37979.0,False,True,True
Lobera,2024-12-07,3m,37368.5,39034.39357755403,38569.5,37979.0,False,True,True
Lobera,2024-12-07,6m,33064.0,39303.24722554683,38569.5,37979.0,False,True,True
Lobera,2024-10-28,2w,38597.5,38274.394558622305,38171.5,39569.0,False,True,True
Lobera,2024-10-28,1m,39712.0,38437.43433201141,38171.5,39569.0,False,True,True
Lobera,2024-10-28,3m,38281.0,39017.240668174505,38171.5,39569.0,False,True,True
Lobera,2024-10-28,6m,34488.0,39659.71936729949,38171.5,39569.0,False,True,True
Lobera,2024-09-18,2w,37945.0,34798.267366757034,34699.5,34589.0,False,False,False
Lobera,2024-09-18,1m,39205.5,34896.74233710589,34699.5,34589.0,False,False,False
Lobera,2024-09-18,3m,38792.0,35155.170523392044,34699.5,34589.0,False,True,True
Lobera,2024-09-18,6m,37099.0,35156.24814931347,34699.5,34589.0,False,True,True
Monza,2026-01-11,2w,41286.0,40772.80137481546,40698.5,41286.5,False,True,True
Monza,2026-01-11,1m,41183.0,40879.789706718,40698.5,41286.5,False,True,True
Monza,2026-01-11,3m,41724.0,40951.61581704482,40698.5,41286.5,False,True,True
Monza,2026-01-11,6m,40884.5,41129.637886807905,40698.5,41286.5,False,True,True
Monza,2025-12-02,2w,44326.0,44170.15736338713,44088.0,43511.0,False,True,True
Monza,2025-12-02,1m,41106.0,44144.38519682309,44088.0,43511.0,False,False,False
Monza,2025-12-02,3m,41512.0,44251.65713005341,44088.0,43511.0,False,True,True
Monza,2025-12-02,6m,40341.0,44371.79424931683,44088.0,43511.0,False,True,True
Monza,2025-10-23,2w,44556.5,42882.6940991405,42828.5,42696.0,False,False,True
Monza,2025-10-23,1m,44545.5,42861.56739050518,42828.5,42696.0,False,True,True
Monza,2025-10-23,3m,40902.0,42835.09030039472,42828.5,42696.0,False,True,True
Monza,2025-10-23,6m,39845.0,42739.50942054963,42828.5,42696.0,False,True,True
Monza,2025-09-13,2w,41558.5,40905.999300772855,40823.5,40817.5,False,True,True
Monza,2025-09-13,1m,42867.5,40833.56117500973,40823.5,40817.5,False,False,True
Monza,2025-09-13,3m,44071.5,40762.69898982989,40823.5,40817.5,False,False,True
Monza,2025-09-13,6m,39783.0,40520.87983233483,40823.5,40817.5,False,True,True
Monza,2025-08-04,2w,40967.5,39222.28706582192,39168.0,38450.5,False,False,False
Monza,2025-08-04,1m,40399.0,39219.69209787426,39168.0,38450.5,False,True,True
Monza,2025-08-04,3m,44138.0,39082.19342701108,39168.0,38450.5,False,False,False
Monza,2025-08-04,6m,42187.0,39062.16980142013,39168.0,38450.5,False,True,True
Nefera,2026-01-11,2w,41533.0,41625.99239350977,41577.0,41401.0,False,True,True
Nefera,2026-01-11,1m,41774.0,41625.480384039955,41577.0,41401.0,False,True,True
Nefera,2026-01-11,3m,41086.0,41676.956666395025,41577.0,41401.0,False,True,True
Nefera,2026-01-11,6m,42233.5,41591.63551176349,41577.0,41401.0,False,True,True
Nefera,2025-12-02,2w,43649.5,44569.4761129449,44550.0,44142.0,False,True,True
Nefera,2025-12-02,1m,42140.5,44560.12487898889,44550.0,44142.0,False,False,False
Nefera,2025-12-02,3m,41220.5,44633.85426407834,44550.0,44142.0,False,False,True
Nefera,2025-12-02,6m,41383.0,44516.08963588998,44550.0,44142.0,False,True,True
Nefera,2025-10-23,2w,44501.5,43766.25474809903,43743.0,43736.5,False,True,True
Nefera,2025-10-23,1m,44218.0,43673.53893243155,43743.0,43736.5,False,True,True
Nefera,2025-10-23,3m,41449.5,43642.91467266761,43743.0,43736.5,False,True,True
Nefera,2025-10-23,6m,41185.5,43323.387894372965,43743.0,43736.5,False,True,True
Nefera,2025-09-13,2w,42223.5,41183.36592465006,41177.5,40086.5,False,True,True
Nefera,2025-09-13,1m,43245.5,41132.928116463176,41177.5,40086.5,False,False,True
Nefera,2025-09-13,3m,44132.0,41001.327698269575,41177.5,40086.5,False,True,True
Nefera,2025-09-13,6m,40163.0,40813.85520225561,41177.5,40086.5,False,True,True
Nefera,2025-08-04,2w,40997.0,39755.647595598726,39784.5,39423.0,False,True,True
Nefera,2025-08-04,1m,41660.5,39684.447974555325,39784.5,39423.0,False,False,True
Nefera,2025-08-04,3m,44264.0,39528.45506177683,39784.5,39423.0,False,False,False
Nefera,2025-08-04,6m,41144.5,39207.1597290044,39784.5,39423.0,False,True,True
Nefera,2025-06-25,2w,39537.5,38862.90586427331,38869.0,39291.0,False,True,True
Nefera,2025-06-25,1m,39557.5,38868.3006738711,38869.0,39291.0,False,True,True
Nefera,2025-06-25,3m,42185.5,38879.05348085152,38869.0,39291.0,False,True,True
Nefera,2025-06-25,6m,42418.0,38999.05730092489,38869.0,39291.0,False,True,True
Nefera,2025-05-16,2w,39459.5,39645.41047447731,39677.5,39493.0,False,True,True
Nefera,2025-05-16,1m,39478.5,39616.83237123872,39677.5,39493.0,False,True,True
Nefera,2025-05-16,3m,40914.0,39548.75128276208,39677.5,39493.0,False,True,True
Nefera,2025-05-16,6m,44488.5,39164.36351342052,39677.5,39493.0,False,True,True
Nefera,2025-04-06,2w,39136.5,39878.695172788735,39802.5,40821.5,False,True,True
Nefera,2025-04-06,1m,38675.0,39829.95982296,39802.5,40821.5,False,True,True
Nefera,2025-04-06,3m,39691.0,39916.55074051433,39802.5,40821.5,False,True,True
Nefera,2025-04-06,6m,42281.0,40174.67828051189,39802.5,40821.5,False,True,True
Nefera,2025-02-25,2w,40897.5,41656.659394547896,41656.5,42066.5,False,True,True
Nefera,2025-02-25,1m,40856.0,41676.14545603099,41656.5,42066.5,False,True,True
Nefera,2025-02-25,3m,39899.5,41549.87391923777,41656.5,42066.5,False,True,True
Nefera,2025-02-25,6m,40921.5,41657.5060930872,41656.5,42066.5,False,True,True
Nefera,2025-01-16,2w,41869.5,41200.6533510616,41183.0,41386.0,False,True,True
Nefera,2025-01-16,1m,41679.0,41294.73170242656,41183.0,41386.0,False,True,True
Nefera,2025-01-16,3m,40080.5,41391.133072491095,41183.0,41386.0,False,True,True
Nefera,2025-01-16,6m,39456.0,41309.46207178039,41183.0,41386.0,False,True,True
Nefera,2024-12-07,2w,41898.0,42923.329830008195,42946.0,42528.0,False,True,True
Nefera,2024-12-07,1m,40938.0,42845.78824088842,42946.0,42528.0,False,True,True
Nefera,2024-12-07,3m,40345.0,42642.917186875624,42946.0,42528.0,False,True,True
Nefera,2024-12-07,6m,40091.0,42589.006787872975,42946.0,42528.0,False,True,True
Nefera,2024-10-28,2w,41823.5,42224.174516749175,42253.0,42224.5,False,True,True
Nefera,2024-10-28,1m,41934.5,42195.945795771346,42253.0,42224.5,False,True,True
Nefera,2024-10-28,3m,42683.0,42234.94384423933,42253.0,42224.5,False,True,True
Nefera,2024-10-28,6m,39782.5,42068.51393602624,42253.0,42224.5,False,True,True
Nefera,2024-09-18,2w,42085.5,40035.596293672774,40103.5,40194.0,False,False,True
Nefera,2024-09-18,1m,43398.0,39915.06262557851,40103.5,40194.0,False,False,False
Nefera,2024-09-18,3m,42882.5,39665.05552435611,40103.5,40194.0,False,True,True
Nefera,2024-09-18,6m,41039.5,39109.134616773015,40103.5,40194.0,False,True,True
Nefera,2024-08-09,2w,38266.5,38021.0534306731,38076.0,36510.5,False,True,True
Nefera,2024-08-09,1m,38685.0,37817.18247598146,38076.0,36510.5,False,True,True
Nefera,2024-08-09,3m,42887.5,37097.48614688609,38076.0,36510.5,False,False,False
Nefera,2024-08-09,6m,42991.0,36381.89821502734,38076.0,36510.5,False,False,True
Nevia,2026-01-11,2w,38225.0,39412.22631840065,39326.0,38777.5,False,True,True
Nevia,2026-01-11,1m,38141.5,39432.781665296876,39326.0,38777.5,False,True,True
Nevia,2026-01-11,3m,37835.5,39408.24907199069,39326.0,38777.5,False,True,True
Nevia,2026-01-11,6m,37115.0,39446.990063384146,39326.0,38777.5,False,True,True
Nevia,2025-12-02,2w,42027.5,42441.472801684264,42391.0,42213.0,False,True,True
Nevia,2025-12-02,1m,40101.0,42543.390349676076,42391.0,42213.0,False,False,True
Nevia,2025-12-02,3m,37577.0,42553.13138393349,42391.0,42213.0,False,False,False
Nevia,2025-12-02,6m,36863.5,42702.2249158499,42391.0,42213.0,False,False,True
Nevia,2025-10-23,2w,41639.5,41293.773869578166,41274.0,41409.5,False,True,True
Nevia,2025-10-23,1m,41958.0,41362.65257764629,41274.0,41409.5,False,True,True
Nevia,2025-10-23,3m,37499.0,41294.413855960476,41274.0,41409.5,False,False,True
Nevia,2025-10-23,6m,37239.0,41343.84922953289,41274.0,41409.5,False,True,True
Nevia,2025-09-13,2w,39666.5,38451.632222801236,38499.5,38000.0,False,True,True
Nevia,2025-09-13,1m,40117.5,38485.35486323028,38499.5,38000.0,False,True,True
Nevia,2025-09-13,3m,41410.0,38216.491970367366,38499.5,38000.0,False,False,True
Nevia,2025-09-13,6m,36988.5,37841.64724918343,38499.5,38000.0,False,True,True
Nevia,2025-08-04,2w,37996.0,37067.22835108517,37159.0,36811.5,False,True,True
Nevia,2025-08-04,1m,37588.5,36938.93280346677,37159.0,36811.5,False,True,True
Nevia,2025-08-04,3m,40852.0,36516.70997771538,37159.0,36811.5,False,False,False
Nevia,2025-08-04,6m,38257.0,35828.79145842996,37159.0,36811.5,False,True,True
Ourobra,2026-01-11,2w,37960.0,38625.90695164319,38607.0,38156.0,True,True,True
Ourobra,2026-01-11,1m,38804.5,38677.31223131754,38607.0,38156.0,True,True,True
Ourobra,2026-01-11,3m,38268.0,38688.77538486055,38607.0,38156.0,True,True,True
Ourobra,2026-01-11,6m,38517.5,38737.51241155954,38607.0,38156.0,True,True,True
Ourobra,2025-12-02,2w,40371.0,40574.015985836035,40567.0,40547.5,True,True,True
Ourobra,2025-12-02,1m,39159.5,40649.59118602594,40567.0,40547.5,True,True,True
Ourobra,2025-12-02,3m,37526.5,40642.8794351509,40567.0,40547.5,True,True,True
Ourobra,2025-12-02,6m,37375.5,40778.01994048279,40567.0,40547.5,True,True,True
Ourobra,2025-10-23,2w,40154.0,40405.00768522044,40362.5,40846.0,True,True,True
Ourobra,2025-10-23,1m,39853.5,40411.666297930075,40362.5,40846.0,True,True,True
Ourobra,2025-10-23,3m,38952.0,40461.389118993335,40362.5,40846.0,True,True,True
Ourobra,2025-10-23,6m,37618.5,40643.90799265051,40362.5,40846.0,True,True,True
Ourobra,2025-09-13,2w,38083.0,37306.636848985814,37282.5,36441.0,True,True,True
Ourobra,2025-09-13,1m,40027.5,37291.18131624487,37282.5,36441.0,True,False,False
Ourobra,2025-09-13,3m,40597.5,37028.95575663337,37282.5,36441.0,True,False,True
Ourobra,2025-09-13,6m,37412.0,36848.79308169357,37282.5,36441.0,True,True,True
Ourobra,2025-08-04,2w,35872.5,34822.187973704655,34952.5,34195.5,True,True,True
Ourobra,2025-08-04,1m,36654.5,34634.20930675293,34952.5,34195.5,True,False,True
Ourobra,2025-08-04,3m,40353.5,33965.06824162038,34952.5,34195.5,True,False,False
Ourobra,2025-08-04,6m,37928.5,32883.10460685174,34952.5,34195.5,True,False,True
Pacera,2026-01-11,2w,41060.0,41921.781778968085,41916.0,42163.5,False,True,True
Pacera,2026-01-11,1m,40991.0,41938.92182941752,41916.0,42163.5,False,True,True
Pacera,2026-01-11,3m,39366.5,41916.94007902741,41916.0,42163.5,False,True,True
Pacera,2026-01-11,6m,42580.0,41866.99193842906,41916.0,42163.5,False,True,True
Pacera,2025-12-02,2w,43396.5,46078.18791098014,46048.0,44823.5,False,False,False
Pacera,2025-12-02,1m,42058.0,46119.923991741845,46048.0,44823.5,False,False,False
Pacera,2025-12-02,3m,40645.0,46222.343117892735,46048.0,44823.5,False,False,True
Pacera,2025-12-02,6m,40566.5,46117.409443865006,46048.0,44823.5,False,True,True
Pacera,2025-10-23,2w,44819.5,43796.11206166935,43718.0,43029.5,False,True,True
Pacera,2025-10-23,1m,43172.0,43831.712327146946,43718.0,43029.5,False,True,True
Pacera,2025-10-23,3m,40583.5,43905.193355624506,43718.0,43029.5,False,True,True
Pacera,2025-10-23,6m,40235.5,43989.06120510491,43718.0,43029.5,False,True,True
Pacera,2025-09-13,2w,41541.0,40695.10949454739,40652.0,40168.0,False,True,True
Pacera,2025-09-13,1m,42224.5,40678.10608465722,40652.0,40168.0,False,True,True
Pacera,2025-09-13,3m,44198.0,40557.23179529303,40652.0,40168.0,False,True,True
Pacera,2025-09-13,6m,40057.0,40446.760498580275,40652.0,40168.0,False,True,True
Pacera,2025-08-04,2w,40745.5,40280.58585544428,40223.0,40516.0,False,True,True
Pacera,2025-08-04,1m,40844.5,40328.98642402436,40223.0,40516.0,False,True,True
Pacera,2025-08-04,3m,45203.0,40213.79708261868,40223.0,40516.0,False,False,True
Pacera,2025-08-04,6m,37316.5,40178.930860523076,40223.0,40516.0,False,True,True
Peloria,2026-01-11,2w,38359.5,38073.98420841129,38024.0,37911.5,False,True,True
Peloria,2026-01-11,1m,38337.0,38119.4768371387,38024.0,37911.5,False,True,True
Peloria,2026-01-11,3m,37993.5,38167.60016493799,38024.0,37911.5,False,True,True
Peloria,2026-01-11,6m,36418.0,38385.19765574802,38024.0,37911.5,False,True,True
Peloria,2025-12-02,2w,40356.5,39902.29613464484,39794.5,39935.0,False,True,True
Peloria,2025-12-02,1m,38178.5,39952.55030700762,39794.5,39935.0,False,True,True
Peloria,2025-12-02,3m,37928.0,39953.3419569517,39794.5,39935.0,False,True,True
Peloria,2025-12-02,6m,36975.0,39933.91597528255,39794.5,39935.0,False,True,True
Peloria,2025-10-23,2w,39892.0,40440.467301389,40313.5,40123.5,False,True,True
Peloria,2025-10-23,1m,40220.5,40397.16512231711,40313.5,40123.5,False,True,True
Peloria,2025-10-23,3m,38430.0,40562.38462559845,40313.5,40123.5,False,True,True
Peloria,2025-10-23,6m,37216.5,40540.14899206901,40313.5,40123.5,False,True,True
Peloria,2025-09-13,2w,37821.0,36013.15066829204,36018.0,35727.0,False,False,True
Peloria,2025-09-13,1m,39642.5,35981.31980827478,36018.0,35727.0,False,False,False
Peloria,2025-09-13,3m,40229.0,35840.41546945354,36018.0,35727.0,False,False,True
Peloria,2025-09-13,6m,37224.5,35542.40913751816,36018.0,35727.0,False,True,True
Peloria,2025-08-04,2w,36217.5,34619.003842445374,34579.5,33546.5,False,False,True
Peloria,2025-08-04,1m,35627.0,34580.63071514567,34579.5,33546.5,False,True,True
Peloria,2025-08-04,3m,39565.5,34634.26814330081,34579.5,33546.5,False,False,True
Peloria,2025-08-04,6m,38188.5,34536.54552689183,34579.5,33546.5,False,True,True
Peloria,2025-06-25,2w,32452.5,33566.97204046121,33515.0,32819.0,False,True,True
Peloria,2025-06-25,1m,33687.0,33671.15210825047,33515.0,32819.0,False,True,True
Peloria,2025-06-25,3m,36679.0,33879.29964593881,33515.0,32819.0,False,True,True
Peloria,2025-06-25,6m,39001.5,34286.35918623301,33515.0,32819.0,False,True,True
Peloria,2025-05-16,2w,34769.5,34026.548781597405,33951.5,33953.0,False,True,True
Peloria,2025-05-16,1m,33397.5,34080.59515662282,33951.5,33953.0,False,True,True
Peloria,2025-05-16,3m,35409.0,34176.95603043772,33951.5,33953.0,False,True,True
Peloria,2025-05-16,6m,39532.0,34568.921005504206,33951.5,33953.0,False,True,True
Peloria,2025-04-06,2w,36636.0,37322.809398247686,37217.0,35623.0,False,True,True
Peloria,2025-04-06,1m,34391.5,37370.59942700561,37217.0,35623.0,False,False,True
Peloria,2025-04-06,3m,32725.5,37539.28501807939,37217.0,35623.0,False,True,True
Peloria,2025-04-06,6m,38410.0,37793.56193682726,37217.0,35623.0,False,True,True
Peloria,2025-02-25,2w,37673.5,37555.75830114023,37339.5,38710.0,False,True,True
Peloria,2025-02-25,1m,37318.0,37710.39872485486,37339.5,38710.0,False,True,True
Peloria,2025-02-25,3m,33616.5,38152.374002013836,37339.5,38710.0,False,True,True
Peloria,2025-02-25,6m,36440.5,38851.06059899322,37339.5,38710.0,False,True,True
Peloria,2025-01-16,2w,38606.5,38345.75500418706,38204.5,38739.0,False,True,True
Peloria,2025-01-16,1m,38969.5,38496.91767109755,38204.5,38739.0,False,True,True
Peloria,2025-01-16,3m,36689.0,38809.886320245336,38204.5,38739.0,False,True,True
Peloria,2025-01-16,6m,33003.5,39480.58770125687,38204.5,38739.0,False,True,True
Peloria,2024-12-07,2w,37936.0,38963.2557310431,38757.0,39169.0,False,True,True
Peloria,2024-12-07,1m,37876.0,39196.49802382001,38757.0,39169.0,False,True,True
Peloria,2024-12-07,3m,37688.5,39662.25195563958,38757.0,39169.0,False,True,True
Peloria,2024-12-07,6m,33801.0,40415.04853319909,38757.0,39169.0,False,True,True
Peloria,2024-10-28,2w,38015.5,38160.01679066806,37888.5,38549.0,False,True,True
Peloria,2024-10-28,1m,38746.5,38247.27964108859,37888.5,38549.0,False,True,True
Peloria,2024-10-28,3m,37666.0,38895.57385262543,37888.5,38549.0,False,True,True
Peloria,2024-10-28,6m,36184.0,39737.25580471693,37888.5,38549.0,False,True,True
Peloria,2024-09-18,2w,37408.0,35112.98781798236,35023.0,33852.5,False,False,True
Peloria,2024-09-18,1m,39460.5,35229.062972198924,35023.0,33852.5,False,False,False
Peloria,2024-09-18,3m,39487.5,35320.99018081224,35023.0,33852.5,False,True,True
Peloria,2024-09-18,6m,37512.5,35213.49426793963,35023.0,33852.5,False,True,True
Quidera,2026-01-11,2w,38343.0,38512.711676379244,38438.0,38391.0,False,True,True
Quidera,2026-01-11,1m,38278.0,38587.082462540384,38438.0,38391.0,False,True,True
Quidera,2026-01-11,3m,37601.5,38600.81627235265,38438.0,38391.0,False,True,True
Quidera,2026-01-11,6m,36737.0,38905.20975256474,38438.0,38391.0,False,True,True
Quidera,2025-12-02,2w,40208.5,40675.80303418035,40606.0,40484.0,False,True,True
Quidera,2025-12-02,1m,38650.0,40809.06224630184,40606.0,40484.0,False,True,True
Quidera,2025-12-02,3m,38276.5,41099.34083846367,40606.0,40484.0,False,True,True
Quidera,2025-12-02,6m,36942.0,41294.45878300451,40606.0,40484.0,False,True,True
Quidera,2025-10-23,2w,39842.0,40059.770737729625,39977.0,39910.5,False,True,True
Quidera,2025-10-23,1m,39846.0,40199.50463010041,39977.0,39910.5,False,True,True
Quidera,2025-10-23,3m,38302.0,40390.70800525277,39977.0,39910.5,False,True,True
Quidera,2025-10-23,6m,37152.5,40760.82641612149,39977.0,39910.5,False,True,True
Quidera,2025-09-13,2w,37187.5,36355.87198784352,36325.5,35867.0,False,True,True
Quidera,2025-09-13,1m,39302.0,36390.691813188714,36325.5,35867.0,False,False,False
Quidera,2025-09-13,3m,40569.5,36487.993129096576,36325.5,35867.0,False,False,True
Quidera,2025-09-13,6m,37881.0,36657.543870096946,36325.5,35867.0,False,True,True
Quidera,2025-08-04,2w,35915.5,34758.34144897154,34870.0,32988.5,False,True,True
Quidera,2025-08-04,1m,36365.5,34720.05328958025,34870.0,32988.5,False,True,True
Quidera,2025-08-04,3m,40674.5,34173.53235221615,34870.0,32988.5,False,False,False
Quidera,2025-08-04,6m,38187.0,33648.00037249002,34870.0,32988.5,False,True,True
Rasteibra,2026-01-11,2w,38196.0,38034.33145205462,38008.0,38557.5,True,True,True
Rasteibra,2026-01-11,1m,38200.0,38027.404019607435,38008.0,38557.5,True,True,True
Rasteibra,2026-01-11,3m,38539.0,38196.33940158752,38008.0,38557.5,True,True,True
Rasteibra,2026-01-11,6m,38105.0,38197.15161541283,38008.0,38557.5,True,True,True
Rasteibra,2025-12-02,2w,40032.5,41083.40147935433,41111.5,40308.0,True,True,True
Rasteibra,2025-12-02,1m,39052.0,41101.57971775307,41111.5,40308.0,True,False,True
Rasteibra,2025-12-02,3m,37651.5,40978.92824210637,41111.5,40308.0,True,True,True
Rasteibra,2025-12-02,6m,37238.0,40970.82557906883,41111.5,40308.0,True,True,True
Rasteibra,2025-10-23,2w,39907.5,40697.174865543806,40705.0,38947.0,True,True,True
Rasteibra,2025-10-23,1m,40408.5,40614.48858200791,40705.0,38947.0,True,True,True
Rasteibra,2025-10-23,3m,38803.0,40568.400233764005,40705.0,38947.0,True,True,True
Rasteibra,2025-10-23,6m,37438.0,40576.12547497623,40705.0,38947.0,True,True,True
Rasteibra,2025-09-13,2w,37850.5,37223.02703718882,37243.0,36325.5,True,True,True
Rasteibra,2025-09-13,1m,39995.5,37122.21201839601,37243.0,36325.5,True,False,False
Rasteibra,2025-09-13,3m,40578.5,37027.46759604356,37243.0,36325.5,True,True,True
Rasteibra,2025-09-13,6m,37194.0,36707.28469939786,37243.0,36325.5,True,True,True
Rasteibra,2025-08-04,2w,35717.0,35002.10465768095,35109.0,34210.5,True,True,True
Rasteibra,2025-08-04,1m,36207.5,34861.755654155655,35109.0,34210.5,True,True,True
Rasteibra,2025-08-04,3m,40534.5,34366.25274957658,35109.0,34210.5,True,False,False
Rasteibra,2025-08-04,6m,37449.0,33698.206146326746,35109.0,34210.5,True,True,True
Refugia,2026-01-11,2w,40982.5,41246.667978333004,41160.5,41518.5,False,True,True
Refugia,2026-01-11,1m,41265.0,41254.52662807152,41160.5,41518.5,False,True,True
Refugia,2026-01-11,3m,40997.5,41193.866227242295,41160.5,41518.5,False,True,True
Refugia,2026-01-11,6m,41189.5,41285.32977610125,41160.5,41518.5,False,True,True
Refugia,2025-12-02,2w,43994.5,44883.40881262896,44769.5,43243.5,False,True,True
Refugia,2025-12-02,1m,41715.0,44919.914740853885,44769.5,43243.5,False,False,False
Refugia,2025-12-02,3m,41958.0,45137.63884527983,44769.5,43243.5,False,True,True
Refugia,2025-12-02,6m,40317.0,45192.49324519532,44769.5,43243.5,False,False,True
Refugia,2025-10-23,2w,44336.0,42721.8499877121,42635.0,42589.0,False,False,True
Refugia,2025-10-23,1m,44444.5,42850.61072337414,42635.0,42589.0,False,True,True
Refugia,2025-10-23,3m,40884.5,43035.092185311456,42635.0,42589.0,False,True,True
Refugia,2025-10-23,6m,40882.0,43108.75570747242,42635.0,42589.0,False,True,True
Refugia,2025-09-13,2w,41058.5,40128.04843288576,39986.0,39851.5,False,True,True
Refugia,2025-09-13,1m,42165.0,40207.9942550149,39986.0,39851.5,False,False,False
Refugia,2025-09-13,3m,43781.5,40366.43435582191,39986.0,39851.5,False,False,True
Refugia,2025-09-13,6m,40620.5,40740.141233545815,39986.0,39851.5,False,True,True
Refugia,2025-08-04,2w,39745.0,39553.046473471855,39420.5,39522.5,False,True,True
Refugia,2025-08-04,1m,40714.5,39563.831511471726,39420.5,39522.5,False,True,True
Refugia,2025-08-04,3m,44177.0,39676.970092031435,39420.5,39522.5,False,False,False
Refugia,2025-08-04,6m,41555.5,39678.488423333765,39420.5,39522.5,False,True,True
Secura,2026-01-11,2w,41534.0,41812.12899215321,41762.5,41618.5,False,True,True
Secura,2026-01-11,1m,42100.0,41840.6585544703,41762.5,41618.5,False,True,True
Secura,2026-01-11,3m,41792.0,41763.17198050587,41762.5,41618.5,False,True,True
Secura,2026-01-11,6m,41904.0,41593.38142538488,41762.5,41618.5,False,True,True
Secura,2025-12-02,2w,44385.0,44960.26628376354,44884.5,44477.5,False,True,True
Secura,2025-12-02,1m,42416.0,44910.86816999315,44884.5,44477.5,False,False,False
Secura,2025-12-02,3m,41531.0,44942.33640026183,44884.5,44477.5,False,False,True
Secura,2025-12-02,6m,41093.0,44930.66221947639,44884.5,44477.5,False,False,True
Secura,2025-10-23,2w,44463.0,44690.3448115544,44622.5,43589.0,False,True,True
Secura,2025-10-23,1m,44303.5,44661.153497950385,44622.5,43589.0,False,True,True
Secura,2025-10-23,3m,41925.5,44599.93925361478,44622.5,43589.0,False,False,True
Secura,2025-10-23,6m,41225.0,44487.230173023534,44622.5,43589.0,False,True,True
Secura,2025-09-13,2w,42107.5,41257.65678388547,41284.0,40385.5,False,True,True
Secura,2025-09-13,1m,43445.5,41188.294803306446,41284.0,40385.5,False,False,False
Secura,2025-09-13,3m,44981.5,40967.01056960372,41284.0,40385.5,False,False,False
Secura,2025-09-13,6m,40741.5,40749.354684151695,41284.0,40385.5,False,True,True
Secura,2025-08-04,2w,40342.0,40534.924270365525,40566.0,40106.0,False,True,True
Secura,2025-08-04,1m,41468.0,40533.043794901554,40566.0,40106.0,False,True,True
Secura,2025-08-04,3m,44146.5,40483.53903954639,40566.0,40106.0,False,False,True
Secura,2025-08-04,6m,42326.0,40498.055064639586,40566.0,40106.0,False,True,True
Secura,2025-06-25,2w,39897.5,39229.989780969314,39214.0,39490.0,False,True,True
Secura,2025-06-25,1m,40056.0,39231.11649502299,39214.0,39490.0,False,True,True
Secura,2025-06-25,3m,41744.5,39424.45694232861,39214.0,39490.0,False,True,True
Secura,2025-06-25,6m,43282.0,39719.936830541745,39214.0,39490.0,False,True,True
Secura,2025-05-16,2w,39484.0,40068.27300442766,40023.5,40046.5,False,True,True
Secura,2025-05-16,1m,39759.5,40114.34264585908,40023.5,40046.5,False,True,True
Secura,2025-05-16,3m,40142.0,40231.00134297571,40023.5,40046.5,False,True,True
Secura,2025-05-16,6m,43787.5,40331.0799256417,40023.5,40046.5,False,True,True
Secura,2025-04-06,2w,40622.5,40485.49285737839,40452.5,41049.0,False,True,True
Secura,2025-04-06,1m,39876.5,40515.46527087898,40452.5,41049.0,False,True,True
Secura,2025-04-06,3m,39546.0,40586.249084552284,40452.5,41049.0,False,True,True
Secura,2025-04-06,6m,43055.5,40601.771031306904,40452.5,41049.0,False,True,True
Secura,2025-02-25,2w,40838.0,42226.482570092325,42219.0,42156.0,False,False,True
Secura,2025-02-25,1m,40514.5,42215.638146772195,42219.0,42156.0,False,True,True
Secura,2025-02-25,3m,39356.5,42239.01395809786,42219.0,42156.0,False,True,True
Secura,2025-02-25,6m,40385.0,41999.76566262398,42219.0,42156.0,False,True,True
Secura,2025-01-16,2w,41680.5,41726.967105447235,41717.0,41408.5,False,True,True
Secura,2025-01-16,1m,41958.0,41678.08393857643,41717.0,41408.5,False,True,True
Secura,2025-01-16,3m,40648.0,41637.37043856963,41717.0,41408.5,False,True,True
Secura,2025-01-16,6m,39888.0,41253.40669193145,41717.0,41408.5,False,True,True
Secura,2024-12-07,2w,42725.0,42595.79130937852,42592.0,42831.0,False,True,True
Secura,2024-12-07,1m,41062.5,42588.44499970093,42592.0,42831.0,False,True,True
Secura,2024-12-07,3m,41118.0,42651.12763264208,42592.0,42831.0,False,True,True
Secura,2024-12-07,6m,39739.0,42611.19348385824,42592.0,42831.0,False,True,True
Secura,2024-10-28,2w,42259.0,41802.546745452026,41737.5,42435.0,False,True,True
Secura,2024-10-28,1m,42889.0,41834.41446739767,41737.5,42435.0,False,True,True
Secura,2024-10-28,3m,41669.0,41884.77098513486,41737.5,42435.0,False,True,True
Secura,2024-10-28,6m,39349.0,42041.99204967929,41737.5,42435.0,False,True,True
Secura,2024-09-18,2w,41552.0,40855.97947656273,40912.5,39820.5,False,True,True
Secura,2024-09-18,1m,43001.0,40723.41482619973,40912.5,39820.5,False,False,True
Secura,2024-09-18,3m,42742.0,40337.406528993604,40912.5,39820.5,False,True,True
Secura,2024-09-18,6m,40668.5,39723.98286089841,40912.5,39820.5,False,True,True
Serdebra,2026-01-11,2w,38485.0,38254.77284336074,38308.5,38737.0,True,True,True
Serdebra,2026-01-11,1m,38802.5,38218.31905504228,38308.5,38737.0,True,True,True
Serdebra,2026-01-11,3m,37765.0,38108.09675320583,38308.5,38737.0,True,True,True
Serdebra,2026-01-11,6m,38130.0,38027.80738856933,38308.5,38737.0,True,True,True
Serdebra,2025-12-02,2w,39876.5,41421.4304517275,41448.5,40565.0,True,False,True
Serdebra,2025-12-02,1m,39354.0,41332.450627931714,41448.5,40565.0,True,False,True
Serdebra,2025-12-02,3m,37864.5,41146.672621670936,41448.5,40565.0,True,False,True
Serdebra,2025-12-02,6m,37561.0,40998.73749022183,41448.5,40565.0,True,True,True
Serdebra,2025-10-23,2w,39943.0,40084.200605784936,40149.5,40502.0,True,True,True
Serdebra,2025-10-23,1m,40966.0,40094.21141769939,40149.5,40502.0,True,True,True
Serdebra,2025-10-23,3m,38497.0,40152.89357150982,40149.5,40502.0,True,True,True
Serdebra,2025-10-23,6m,37941.0,40117.775633576326,40149.5,40502.0,True,True,True
Serdebra,2025-09-13,2w,37708.5,36946.84438221776,37027.5,35992.5,True,True,True
Serdebra,2025-09-13,1m,39816.5,36825.65919215376,37027.5,35992.5,True,False,False
Serdebra,2025-09-13,3m,40384.0,36511.06819508128,37027.5,35992.5,True,False,True
Serdebra,2025-09-13,6m,37716.5,36200.89324093198,37027.5,35992.5,True,True,True
Serdebra,2025-08-04,2w,35666.5,33856.080469499255,34042.5,34204.5,True,False,False
Serdebra,2025-08-04,1m,36502.5,33651.371750283615,34042.5,34204.5,True,False,False
Serdebra,2025-08-04,3m,40830.5,32951.42820216315,34042.5,34204.5,True,False,False
Serdebra,2025-08-04,6m,38197.5,31893.853386599254,34042.5,34204.5,True,False,False
Solidera,2026-01-11,2w,38156.0,38308.856635036434,38238.0,37969.5,False,True,True
Solidera,2026-01-11,1m,38158.0,38289.91755036458,38238.0,37969.5,False,True,True
Solidera,2026-01-11,3m,37220.5,38296.81300409917,38238.0,37969.5,False,True,True
Solidera,2026-01-11,6m,37912.5,38573.864968358845,38238.0,37969.5,False,True,True
Solidera,2025-12-02,2w,39783.5,39693.16762211984,39673.0,38830.0,False,True,True
Solidera,2025-12-02,1m,38220.5,39709.71304358526,39673.0,38830.0,False,True,True
Solidera,2025-12-02,3m,37533.0,39684.18837352972,39673.0,38830.0,False,True,True
Solidera,2025-12-02,6m,37132.0,39490.64379570451,39673.0,38830.0,False,True,True
Solidera,2025-10-23,2w,39804.5,40762.23831861645,40646.5,39691.0,False,True,True
Solidera,2025-10-23,1m,40390.0,40665.676398070966,40646.5,39691.0,False,True,True
Solidera,2025-10-23,3m,38081.0,40598.11116084055,40646.5,39691.0,False,True,True
Solidera,2025-10-23,6m,37257.5,40243.022429155346,40646.5,39691.0,False,True,True
Solidera,2025-09-13,2w,37891.0,36977.377174816604,37007.5,36013.5,False,True,True
Solidera,2025-09-13,1m,39659.0,36926.42254383942,37007.5,36013.5,False,False,True
Solidera,2025-09-13,3m,39487.5,36579.540485561796,37007.5,36013.5,False,True,True
Solidera,2025-09-13,6m,36471.0,35967.3888650468,37007.5,36013.5,False,True,True
Solidera,2025-08-04,2w,36847.0,33709.2387343376,33707.5,33741.0,False,False,False
Solidera,2025-08-04,1m,35311.5,33515.64399540349,33707.5,33741.0,False,True,True
Solidera,2025-08-04,3m,40027.5,32987.62322084467,33707.5,33741.0,False,False,False
Solidera,2025-08-04,6m,37894.5,32439.367529708674,33707.5,33741.0,False,False,True
Talera,2026-01-11,2w,37977.5,37439.49374073131,37387.0,38478.5,False,True,True
Talera,2026-01-11,1m,38326.5,37521.438333890605,37387.0,38478.5,False,True,True
Talera,2026-01-11,3m,36700.5,37702.241175909076,37387.0,38478.5,False,True,True
Talera,2026-01-11,6m,37154.0,37986.53243673923,37387.0,38478.5,False,True,True
Talera,2025-12-02,2w,39459.0,40163.96952118595,40174.0,39807.0,False,True,True
Talera,2025-12-02,1m,38228.0,40074.822905441615,40174.0,39807.0,False,True,True
Talera,2025-12-02,3m,37578.0,40049.22359669718,40174.0,39807.0,False,True,True
Talera,2025-12-02,6m,36611.5,40100.598049799955,40174.0,39807.0,False,True,True
Talera,2025-10-23,2w,39474.0,40790.22070741512,40818.0,39688.0,False,True,True
Talera,2025-10-23,1m,39900.5,40755.07918421187,40818.0,39688.0,False,True,True
Talera,2025-10-23,3m,37841.5,40678.55224424812,40818.0,39688.0,False,True,True
Talera,2025-10-23,6m,37419.5,40559.419268498095,40818.0,39688.0,False,True,True
Talera,2025-09-13,2w,38259.0,36201.737635657366,36279.0,34625.5,False,False,True
Talera,2025-09-13,1m,40663.5,36116.66598188698,36279.0,34625.5,False,False,False
Talera,2025-09-13,3m,40417.5,35940.48709110667,36279.0,34625.5,False,False,True
Talera,2025-09-13,6m,36823.0,35384.19592663273,36279.0,34625.5,False,True,True
Talera,2025-08-04,2w,36463.5,34554.89481619018,34637.5,34651.5,False,False,True
Talera,2025-08-04,1m,35935.0,34403.523628079696,34637.5,34651.5,False,True,True
Talera,2025-08-04,3m,40603.5,33979.72942684028,34637.5,34651.5,False,False,False
Talera,2025-08-04,6m,38021.5,33247.76479640643,34637.5,34651.5,False,True,True
Thyria,2026-01-11,2w,38357.5,37805.836490850255,37857.5,37870.0,False,True,True
Thyria,2026-01-11,1m,38130.0,37778.414594140166,37857.5,37870.0,False,True,True
Thyria,2026-01-11,3m,37543.5,37609.75380311339,37857.5,37870.0,False,True,True
Thyria,2026-01-11,6m,37227.5,37573.032827824354,37857.5,37870.0,False,True,True
Thyria,2025-12-02,2w,40217.0,40799.05954686918,40735.5,40562.5,False,True,True
Thyria,2025-12-02,1m,37933.5,40784.317704836256,40735.5,40562.5,False,False,True
Thyria,2025-12-02,3m,37941.5,40888.81325139104,40735.5,40562.5,False,True,True
Thyria,2025-12-02,6m,37347.0,41144.30241837877,40735.5,40562.5,False,True,True
Thyria,2025-10-23,2w,39395.5,39959.41252821232,39945.0,39655.5,False,True,True
Thyria,2025-10-23,1m,40375.5,39965.37206992619,39945.0,39655.5,False,True,True
Thyria,2025-10-23,3m,38294.5,40164.13646508405,39945.0,39655.5,False,True,True
Thyria,2025-10-23,6m,37313.5,40119.058660634604,39945.0,39655.5,False,True,True
Thyria,2025-09-13,2w,36642.0,35910.85796399611,35883.5,35229.0,False,True,True
Thyria,2025-09-13,1m,39305.0,35886.324724056125,35883.5,35229.0,False,False,False
Thyria,2025-09-13,3m,40165.0,35946.53927147456,35883.5,35229.0,False,False,True
Thyria,2025-09-13,6m,36900.5,35996.29408476936,35883.5,35229.0,False,True,True
Thyria,2025-08-04,2w,36594.5,34313.57890819829,34402.0,33498.5,False,False,False
Thyria,2025-08-04,1m,36349.5,34285.9884709715,34402.0,33498.5,False,False,True
Thyria,2025-08-04,3m,39990.0,33999.225170263875,34402.0,33498.5,False,False,False
Thyria,2025-08-04,6m,37341.0,33490.294756128016,34402.0,33498.5,False,True,True
Ustebra,2026-01-11,2w,39062.0,40170.121078804295,40106.5,40888.5,True,True,True
Ustebra,2026-01-11,1m,38445.0,40213.00653589805,40106.5,40888.5,True,True,True
Ustebra,2026-01-11,3m,38003.5,40293.763668004154,40106.5,40888.5,True,True,True
Ustebra,2026-01-11,6m,37763.0,40179.34274573929,40106.5,40888.5,True,True,True
Ustebra,2025-12-02,2w,41908.5,44215.07639959817,44170.5,43326.0,True,False,False
Ustebra,2025-12-02,1m,41343.0,44212.6184987477,44170.5,43326.0,True,False,True
Ustebra,2025-12-02,3m,38328.5,44155.68478662144,44170.5,43326.0,True,False,False
Ustebra,2025-12-02,6m,37333.5,43978.36507129369,44170.5,43326.0,True,False,True
Ustebra,2025-10-23,2w,42786.0,43097.504934749406,43074.5,43871.0,True,True,True
Ustebra,2025-10-23,1m,42934.0,43147.19749849453,43074.5,43871.0,True,True,True
Ustebra,2025-10-23,3m,39070.0,43111.778769797136,43074.5,43871.0,True,False,True
Ustebra,2025-10-23,6m,37400.0,43104.41795322351,43074.5,43871.0,True,False,True
Ustebra,2025-09-13,2w,40743.0,39265.7338463637,39244.5,39265.5,True,False,True
Ustebra,2025-09-13,1m,42469.5,39231.281456968674,39244.5,39265.5,True,False,False
Ustebra,2025-09-13,3m,42988.0,39107.09079826415,39244.5,39265.5,True,False,True
Ustebra,2025-09-13,6m,37178.5,38941.690910147765,39244.5,39265.5,True,True,True
Ustebra,2025-08-04,2w,38555.5,37777.427277312745,37804.5,37335.5,True,True,True
Ustebra,2025-08-04,1m,39018.0,37700.81176298905,37804.5,37335.5,True,True,True
Ustebra,2025-08-04,3m,43244.0,37296.960748413316,37804.5,37335.5,True,False,False
Ustebra,2025-08-04,6m,39207.5,36673.66374882461,37804.5,37335.5,True,True,True
Vunira,2026-01-11,2w,38251.0,38063.34610169049,38079.0,38183.0,False,True,True
Vunira,2026-01-11,1m,38487.5,38132.885585597294,38079.0,38183.0,False,True,True
Vunira,2026-01-11,3m,37400.0,38055.19434356246,38079.0,38183.0,False,True,True
Vunira,2026-01-11,6m,37315.5,38013.38834487468,38079.0,38183.0,False,True,True
Vunira,2025-12-02,2w,39182.0,40799.21356600155,40828.0,40004.5,False,False,True
Vunira,2025-12-02,1m,38878.0,40876.30031266083,40828.0,40004.5,False,True,True
Vunira,2025-12-02,3m,37566.5,40819.24562893356,40828.0,40004.5,False,True,True
Vunira,2025-12-02,6m,36701.0,40769.42475025379,40828.0,40004.5,False,True,True
Vunira,2025-10-23,2w,39645.0,40667.23341589788,40637.5,40501.0,False,True,True
Vunira,2025-10-23,1m,39932.0,40694.826824231925,40637.5,40501.0,False,True,True
Vunira,2025-10-23,3m,38355.0,40735.84687862297,40637.5,40501.0,False,True,True
Vunira,2025-10-23,6m,37539.0,40613.53805870992,40637.5,40501.0,False,True,True
Vunira,2025-09-13,2w,37902.5,36185.08473306341,36283.5,36185.0,False,False,True
Vunira,2025-09-13,1m,39542.0,36193.136360354925,36283.5,36185.0,False,False,False
Vunira,2025-09-13,3m,40133.0,36179.92976061658,36283.5,36185.0,False,True,True
Vunira,2025-09-13,6m,36502.0,36014.33673848471,36283.5,36185.0,False,True,True
Vunira,2025-08-04,2w,36004.0,34864.64918561104,34914.0,33482.0,False,True,True
Vunira,2025-08-04,1m,35962.5,34873.844497543076,34914.0,33482.0,False,True,True
Vunira,2025-08-04,3m,40465.0,34916.76988738203,34914.0,33482.0,False,False,False
Vunira,2025-08-04,6m,37556.0,35016.629754714224,34914.0,33482.0,False,True,True
Vunira,2025-06-25,2w,33158.0,33270.175862755015,33262.5,32463.0,False,True,True
Vunira,2025-06-25,1m,33593.0,33272.1167730351,33262.5,32463.0,False,True,True
Vunira,2025-06-25,3m,36894.0,33354.09613183608,33262.5,32463.0,False,True,True
Vunira,2025-06-25,6m,38897.5,33461.94902365934,33262.5,32463.0,False,True,True
Vunira,2025-05-16,2w,33071.0,33711.13958099288,33649.5,34550.5,False,True,True
Vunira,2025-05-16,1m,33291.0,33808.136025818894,33649.5,34550.5,False,True,True
Vunira,2025-05-16,3m,35207.0,33653.418439249595,33649.5,34550.5,False,True,True
Vunira,2025-05-16,6m,39579.0,33675.432724878454,33649.5,34550.5,False,True,True
Vunira,2025-04-06,2w,36698.5,37134.02786687855,37048.0,37054.5,False,True,True
Vunira,2025-04-06,1m,34575.0,37227.81356149321,37048.0,37054.5,False,True,True
Vunira,2025-04-06,3m,32857.5,37329.86970878902,37048.0,37054.5,False,True,True
Vunira,2025-04-06,6m,39064.5,37513.89659084959,37048.0,37054.5,False,True,True
Vunira,2025-02-25,2w,37385.0,38889.35747810135,38745.0,38099.5,False,True,True
Vunira,2025-02-25,1m,37479.5,39008.62235302184,38745.0,38099.5,False,True,True
Vunira,2025-02-25,3m,33380.0,39211.112577688305,38745.0,38099.5,False,False,True
Vunira,2025-02-25,6m,36454.5,39678.342140240115,38745.0,38099.5,False,True,True
Vunira,2025-01-16,2w,38756.5,38261.061246891535,38177.5,38233.5,False,True,True
Vunira,2025-01-16,1m,38848.5,38326.977681630815,38177.5,38233.5,False,True,True
Vunira,2025-01-16,3m,37219.0,38499.57427090965,38177.5,38233.5,False,True,True
Vunira,2025-01-16,6m,33017.0,38768.25345776655,38177.5,38233.5,False,True,True
Vunira,2024-12-07,2w,38818.0,39982.27670226292,39859.5,39878.5,False,True,True
Vunira,2024-12-07,1m,38266.0,40042.28943768064,39859.5,39878.5,False,True,True
Vunira,2024-12-07,3m,38328.0,40092.448572716814,39859.5,39878.5,False,True,True
Vunira,2024-12-07,6m,33746.0,40157.952324242746,39859.5,39878.5,False,True,True
Vunira,2024-10-28,2w,38276.5,38472.696155566315,38271.5,39102.5,False,True,True
Vunira,2024-10-28,1m,39101.0,38488.700045708196,38271.5,39102.5,False,True,True
Vunira,2024-10-28,3m,38050.0,38744.07540208114,38271.5,39102.5,False,True,True
Vunira,2024-10-28,6m,35526.0,38910.35889323368,38271.5,39102.5,False,True,True
Vunira,2024-09-18,2w,37821.0,34506.464279840715,34442.5,34032.5,False,False,False
Vunira,2024-09-18,1m,39679.5,34438.9773116481,34442.5,34032.5,False,False,False
Vunira,2024-09-18,3m,39035.5,34083.08327849119,34442.5,34032.5,False,True,True
Vunira,2024-09-18,6m,36507.5,33685.95892869291,34442.5,34032.5,False,True,True
Vunira,2024-08-09,2w,32103.5,30525.198841402133,30616.5,29704.5,False,True,True
Vunira,2024-08-09,1m,33849.5,30282.817589341954,30616.5,29704.5,False,False,False
Vunira,2024-08-09,3m,38279.5,29439.746141869167,30616.5,29704.5,False,False,False
Vunira,2024-08-09,6m,38121.0,28282.430413205948,30616.5,29704.5,False,False,False
Wintera,2026-01-11,2w,38352.0,38409.517023170876,38365.5,38427.5,False,True,True
Wintera,2026-01-11,1m,38033.5,38473.92106517997,38365.5,38427.5,False,True,True
Wintera,2026-01-11,3m,37778.5,38610.99182387891,38365.5,38427.5,False,True,True
Wintera,2026-01-11,6m,37271.5,38857.35273597122,38365.5,38427.5,False,True,True
Wintera,2025-12-02,2w,40015.5,39626.21616362274,39558.5,39693.5,False,True,True
Wintera,2025-12-02,1m,37930.5,39653.91986572167,39558.5,39693.5,False,True,True
Wintera,2025-12-02,3m,37639.5,39791.16186026084,39558.5,39693.5,False,True,True
Wintera,2025-12-02,6m,37297.0,40146.02427842025,39558.5,39693.5,False,True,True
Wintera,2025-10-23,2w,39928.0,40137.16181736737,40096.5,39978.0,False,True,True
Wintera,2025-10-23,1m,40253.5,40208.36032866144,40096.5,39978.0,False,True,True
Wintera,2025-10-23,3m,38055.0,40271.35098896451,40096.5,39978.0,False,True,True
Wintera,2025-10-23,6m,36409.0,40424.367513313366,40096.5,39978.0,False,True,True
Wintera,2025-09-13,2w,37536.5,36606.13171501697,36565.0,36504.5,False,True,True
Wintera,2025-09-13,1m,39503.0,36584.18635450864,36565.0,36504.5,False,False,True
Wintera,2025-09-13,3m,40030.5,36702.83051717028,36565.0,36504.5,False,True,True
Wintera,2025-09-13,6m,37259.5,36822.68402731611,36565.0,36504.5,False,True,True
Wintera,2025-08-04,2w,36099.0,34549.74560560689,34663.5,33473.64705882353,False,True,True
Wintera,2025-08-04,1m,36601.0,34488.00258889928,34663.5,33473.64705882353,False,True,True
Wintera,2025-08-04,3m,40386.0,34210.247785668565,34663.5,33473.64705882353,False,False,False
Wintera,2025-08-04,6m,37880.5,33746.34348932913,34663.5,33473.64705882353,False,True,True
Xyla,2026-01-11,2w,38484.0,37836.13811595955,37673.0,38327.0,False,True,True
Xyla,2026-01-11,1m,38449.0,37862.47123897177,37673.0,38327.0,False,True,True
Xyla,2026-01-11,3m,37335.0,37949.48163095636,37673.0,38327.0,False,True,True
Xyla,2026-01-11,6m,37082.5,38250.90390666688,37673.0,38327.0,False,True,True
Xyla,2025-12-02,2w,39695.0,39882.6659586406,39793.5,40019.5,False,True,True
Xyla,2025-12-02,1m,38930.5,39977.99301086519,39793.5,40019.5,False,True,True
Xyla,2025-12-02,3m,37219.0,40147.451907756345,39793.5,40019.5,False,True,True
Xyla,2025-12-02,6m,36560.0,40328.32766589208,39793.5,40019.5,False,True,True
Xyla,2025-10-23,2w,39751.0,39847.78715216605,39794.5,39227.5,False,True,True
Xyla,2025-10-23,1m,40178.5,39938.16229391763,39794.5,39227.5,False,True,True
Xyla,2025-10-23,3m,38446.0,39946.25419890425,39794.5,39227.5,False,True,True
Xyla,2025-10-23,6m,37161.0,39818.54766484933,39794.5,39227.5,False,True,True
Xyla,2025-09-13,2w,36827.0,36609.21596591458,36549.5,35763.0,False,True,True
Xyla,2025-09-13,1m,39222.0,36608.97279567132,36549.5,35763.0,False,False,True
Xyla,2025-09-13,3m,40005.5,36445.06340892748,36549.5,35763.0,False,True,True
Xyla,2025-09-13,6m,36860.5,36273.557857325795,36549.5,35763.0,False,True,True
Xyla,2025-08-04,2w,35600.5,33785.377521766,33803.5,33354.5,False,False,False
Xyla,2025-08-04,1m,35790.5,33650.623441629774,33803.5,33354.5,False,False,True
Xyla,2025-08-04,3m,40446.0,33217.499098620116,33803.5,33354.5,False,False,False
Xyla,2025-08-04,6m,37494.0,32539.136608788143,33803.5,33354.5,False,True,True
