model_type,series,horizon_days,lag_or_window_days,coefficient,std_error_two_way,t_stat,p_value,r2_within,cluster_variance_floor_applied,n,n_worlds,n_dates,date_start,date_end
shock_lag,kill_count,1,1,-0.0006906215614791965,0.001557761752834465,-0.44334222497282294,0.6575182183507062,0.014613878451739115,False,30497,61,1243,2023-01-13,2026-07-29
shock_lag,direct_coin,1,1,0.0007177744825264665,0.000992747545745801,0.7230181385009005,0.46966874050165097,0.014638585469463727,False,30497,61,1243,2023-01-13,2026-07-29
shock_lag,potential_max,1,1,0.0002229953138032704,0.0012773849360940984,0.17457174223858507,0.8614161540111899,0.014603590951369205,False,30497,61,1243,2023-01-13,2026-07-29
shock_lag,potential_conservative,1,1,0.0002962057398910036,0.001278942983793526,0.23160198980287258,0.8168471618915114,0.014605440698207905,False,30497,61,1243,2023-01-13,2026-07-29
shock_lag,realized_25,1,1,0.0005802673843418615,0.0011568253843681796,0.5016032602524405,0.6159466256071073,0.014620008620118363,False,30497,61,1243,2023-01-13,2026-07-29
shock_lag,realized_50,1,1,0.00043738793100933643,0.0012300351312575595,0.355589787555223,0.722147792774904,0.014610755433879463,False,30497,61,1243,2023-01-13,2026-07-29
shock_lag,realized_75,1,1,0.00031801438125859634,0.0012629162068969733,0.25180956545008487,0.8011882633590725,0.014606036448407411,False,30497,61,1243,2023-01-13,2026-07-29
shock_lag,realized_100,1,1,0.0002229953138032704,0.0012773849360940984,0.17457174223858507,0.8614161540111899,0.014603590951369205,False,30497,61,1243,2023-01-13,2026-07-29
shock_lag,realized_category,1,1,0.0003230720495709153,0.0012505062133916502,0.2583530142522621,0.7961344750945873,0.014606413021665543,False,30497,61,1243,2023-01-13,2026-07-29
shock_lag,kill_count,7,1,0.0005701251108458769,0.0025451568754058006,0.22400391754043683,0.8227542549334158,0.021197972294528467,True,30131,61,1237,2023-01-13,2026-07-23
shock_lag,direct_coin,7,1,0.0005087274311881437,0.001457013826552772,0.34915758650813183,0.7269710058476392,0.02120179437006997,True,30131,61,1237,2023-01-13,2026-07-23
shock_lag,potential_max,7,1,0.000862805290082055,0.0019112999460493341,0.45142327967176343,0.6516845081062402,0.021207208573135072,True,30131,61,1237,2023-01-13,2026-07-23
shock_lag,potential_conservative,7,1,0.0005472882151595041,0.001894589856341589,0.28886896724777444,0.7726816523530388,0.021199976600499992,True,30131,61,1237,2023-01-13,2026-07-23
shock_lag,realized_25,7,1,0.0006926573858490998,0.0016754147125012146,0.4134244379500742,0.6792956730137619,0.02120474613814982,True,30131,61,1237,2023-01-13,2026-07-23
shock_lag,realized_50,7,1,0.0007868686499198825,0.0017959428196546784,0.43813680553102496,0.6612871152565272,0.021206174162065494,True,30131,61,1237,2023-01-13,2026-07-23
shock_lag,realized_75,7,1,0.0008361333265187905,0.0018668943285656714,0.44787394429613425,0.6542441737940725,0.021206867725459877,True,30131,61,1237,2023-01-13,2026-07-23
shock_lag,realized_100,7,1,0.000862805290082055,0.0019112999460493341,0.45142327967176343,0.6516845081062402,0.021207208573135072,True,30131,61,1237,2023-01-13,2026-07-23
shock_lag,realized_category,7,1,0.0006144732974407965,0.0018253752331094117,0.3366284839934417,0.7363969810548898,0.021201610796213854,True,30131,61,1237,2023-01-13,2026-07-23
shock_lag,kill_count,30,1,-0.0015444491472034198,0.0032590322857325464,-0.4738980813306879,0.6355725874935252,0.020352209184708148,True,28728,61,1214,2023-01-13,2026-06-30
shock_lag,direct_coin,30,1,-0.0011603996277224774,0.002009960986707102,-0.57732445325894,0.5637202977234541,0.02036074957971512,True,28728,61,1214,2023-01-13,2026-06-30
shock_lag,potential_max,30,1,-0.001085450535121823,0.002490132265110154,-0.4359007552853048,0.6629087371186568,0.020349804287891793,True,28728,61,1214,2023-01-13,2026-06-30
shock_lag,potential_conservative,30,1,-0.001389430118516542,0.0024993949038107704,-0.5559065981922703,0.5782747073730222,0.020358779739554467,True,28728,61,1214,2023-01-13,2026-06-30
shock_lag,realized_25,30,1,-0.0012173549579863894,0.002257852730414216,-0.5391649072537422,0.5897730722608554,0.020357009346804178,True,28728,61,1214,2023-01-13,2026-06-30
shock_lag,realized_50,30,1,-0.0011871241964021546,0.0023800928497916232,-0.4987722208005823,0.6179398596180441,0.020353860114132094,True,28728,61,1214,2023-01-13,2026-06-30
shock_lag,realized_75,30,1,-0.0011363986452662383,0.002448253559365928,-0.4641670552949399,0.6425280626109906,0.020351524282942846,True,28728,61,1214,2023-01-13,2026-06-30
shock_lag,realized_100,30,1,-0.001085450535121823,0.002490132265110154,-0.4359007552853048,0.6629087371186568,0.020349804287891793,True,28728,61,1214,2023-01-13,2026-06-30
shock_lag,realized_category,30,1,-0.0013179752045404346,0.00243241373707728,-0.5418384152541733,0.5879298249084224,0.020357420206844612,True,28728,61,1214,2023-01-13,2026-06-30
shock_lag,kill_count,1,7,0.0008084959997596173,0.0013574399988407328,0.5956034892518866,0.5514401451392046,0.016188780346058085,True,30131,61,1239,2023-01-19,2026-07-29
shock_lag,direct_coin,1,7,0.0008199205288494838,0.0008379215506886331,0.9785170558934122,0.32781865991272674,0.016220272932979674,False,30131,61,1239,2023-01-19,2026-07-29
shock_lag,potential_max,1,7,0.00042146960978152193,0.00112587835292644,0.3743473783699782,0.7081458873719213,0.016178564905821147,False,30131,61,1239,2023-01-19,2026-07-29
shock_lag,potential_conservative,1,7,0.0005116884041066231,0.0011371045894990335,0.4499923831386999,0.6527159327529884,0.016182921861831345,False,30131,61,1239,2023-01-19,2026-07-29
shock_lag,realized_25,1,7,0.0007088420281355068,0.0009774316556518663,0.7252087898286532,0.4683239512543824,0.016199049491246842,False,30131,61,1239,2023-01-19,2026-07-29
shock_lag,realized_50,1,7,0.0005921720016095243,0.001054053503495634,0.5618045000995314,0.5742492257284266,0.01618814222126419,False,30131,61,1239,2023-01-19,2026-07-29
shock_lag,realized_75,1,7,0.0004964558689774682,0.0010985274674755734,0.451928498536617,0.6513204932008665,0.01618212660938112,False,30131,61,1239,2023-01-19,2026-07-29
shock_lag,realized_100,1,7,0.00042146960978152193,0.00112587835292644,0.3743473783699782,0.7081458873719213,0.016178564905821147,False,30131,61,1239,2023-01-19,2026-07-29
shock_lag,realized_category,1,7,0.00045868575810895703,0.0010832175704122077,0.42344748704030777,0.6719688044470706,0.0161808745173444,False,30131,61,1239,2023-01-19,2026-07-29
shock_lag,kill_count,7,7,0.0014724645742417324,0.002411633237166395,0.6105673746526397,0.5414860269902344,0.021284028223632068,True,29765,61,1233,2023-01-19,2026-07-23
shock_lag,direct_coin,7,7,0.0003960568605347711,0.0015848296223424795,0.249905008684387,0.8026608097325508,0.021265492155452148,True,29765,61,1233,2023-01-19,2026-07-23
shock_lag,potential_max,7,7,0.0005325297909850601,0.0020059946156475656,0.2654692025746796,0.7906480317567429,0.021266017284840455,True,29765,61,1233,2023-01-19,2026-07-23
shock_lag,potential_conservative,7,7,0.0006577710138462688,0.001970719305778923,0.333772045525421,0.7385515793382582,0.021268891126427047,True,29765,61,1233,2023-01-19,2026-07-23
shock_lag,realized_25,7,7,0.000485632803385191,0.0018116369926022735,0.26806297584353134,0.7886508441588276,0.02126617185155144,True,29765,61,1233,2023-01-19,2026-07-23
shock_lag,realized_50,7,7,0.0005189074988767568,0.0019204563840629467,0.2702000957600236,0.7870063190280787,0.021266238211524846,True,29765,61,1233,2023-01-19,2026-07-23
shock_lag,realized_75,7,7,0.0005302187997996794,0.0019759991870395275,0.2683294625207116,0.788445729673318,0.021266145251698343,True,29765,61,1233,2023-01-19,2026-07-23
shock_lag,realized_100,7,7,0.0005325297909850601,0.0020059946156475656,0.2654692025746796,0.7906480317567429,0.021266017284840455,True,29765,61,1233,2023-01-19,2026-07-23
shock_lag,realized_category,7,7,0.0005229639702830447,0.0019291183174842959,0.2710896296734282,0.7863220973686,0.021266234753077318,True,29765,61,1233,2023-01-19,2026-07-23
shock_lag,kill_count,30,7,0.00047498486195944205,0.003287324862852358,0.14448978478728916,0.8851137223674337,0.019798130301594608,True,28362,61,1210,2023-01-19,2026-06-30
shock_lag,direct_coin,30,7,0.0016895183564591782,0.0018808259259166535,0.8982853400618465,0.3690334461200858,0.01984870703343289,True,28362,61,1210,2023-01-19,2026-06-30
shock_lag,potential_max,30,7,0.0015041819987154934,0.0024704620818224387,0.6088666609308455,0.5426128240527079,0.01982208070647773,True,28362,61,1210,2023-01-19,2026-06-30
shock_lag,potential_conservative,30,7,0.00151515470893381,0.00241707017470859,0.6268559038077917,0.5307536945849809,0.01982352386778874,True,28362,61,1210,2023-01-19,2026-06-30
shock_lag,realized_25,30,7,0.0017244006523380935,0.00217003228680206,0.7946428552357226,0.42682128204118697,0.01983822394288448,True,28362,61,1210,2023-01-19,2026-06-30
shock_lag,realized_50,30,7,0.001659773381497786,0.002325768248378736,0.7136452149326543,0.4754465910615049,0.019830782660257062,True,28362,61,1210,2023-01-19,2026-06-30
shock_lag,realized_75,30,7,0.0015790163793251545,0.002415452471834554,0.6537145308124734,0.5132957398139144,0.019825675769013062,True,28362,61,1210,2023-01-19,2026-06-30
shock_lag,realized_100,30,7,0.0015041819987154934,0.0024704620818224387,0.6088666609308455,0.5426128240527079,0.01982208070647773,True,28362,61,1210,2023-01-19,2026-06-30
shock_lag,realized_category,30,7,0.0015179904163994265,0.002351674685331501,0.6454933694136546,0.5186075137925292,0.019824721914128207,True,28362,61,1210,2023-01-19,2026-06-30
shock_lag,kill_count,1,14,-0.0016230994341801593,0.0013439189629678295,-1.207736090423045,0.22714879115426168,0.016052211998433985,False,29704,61,1233,2023-01-26,2026-07-29
shock_lag,direct_coin,1,14,-7.240625984598361e-05,0.0007911249350177739,-0.09152316737982337,0.9270768985807216,0.015975408833222682,False,29704,61,1233,2023-01-26,2026-07-29
shock_lag,potential_max,1,14,-8.346981696351168e-05,0.001017728793863598,-0.08201577617415705,0.934634168147841,0.015975339677880118,False,29704,61,1233,2023-01-26,2026-07-29
shock_lag,potential_conservative,1,14,5.4426932208436526e-05,0.0010220477880938119,0.05325282520296475,0.9575304668651686,0.015975155565265187,False,29704,61,1233,2023-01-26,2026-07-29
shock_lag,realized_25,1,14,-9.491009224587405e-05,0.0009088319708890806,-0.10443084671969298,0.9168274443645542,0.015975537850913324,False,29704,61,1233,2023-01-26,2026-07-29
shock_lag,realized_50,1,14,-9.595266111457222e-05,0.0009681775487233429,-0.09910647199069758,0.9210537334839414,0.01597548923527825,False,29704,61,1233,2023-01-26,2026-07-29
shock_lag,realized_75,1,14,-9.049196919915902e-05,0.0009998301438051526,-0.09050734243195026,0.9278840594851436,0.015975411016492025,False,29704,61,1233,2023-01-26,2026-07-29
shock_lag,realized_100,1,14,-8.346981696351168e-05,0.001017728793863598,-0.08201577617415705,0.934634168147841,0.015975339677880118,False,29704,61,1233,2023-01-26,2026-07-29
shock_lag,realized_category,1,14,-4.3219572090774866e-05,0.0009795543217336283,-0.04412166955098957,0.9648074197987702,0.0159751053961249,False,29704,61,1233,2023-01-26,2026-07-29
shock_lag,kill_count,7,14,-0.0007298225164923323,0.002437817756983254,-0.29937533862066523,0.7646536767170945,0.022499099667854017,True,29338,61,1227,2023-01-26,2026-07-23
shock_lag,direct_coin,7,14,0.0008226015474699139,0.001334665312200548,0.616335451255295,0.5376731457084958,0.022512595107257338,True,29338,61,1227,2023-01-26,2026-07-23
shock_lag,potential_max,7,14,8.299486225225893e-05,0.0018234181770172635,0.04551608802541468,0.9636959517980821,0.022493374483427808,True,29338,61,1227,2023-01-26,2026-07-23
shock_lag,potential_conservative,7,14,0.00036849373241586636,0.0017789121580141318,0.20714554721309572,0.8358961918987379,0.022495762170885003,True,29338,61,1227,2023-01-26,2026-07-23
shock_lag,realized_25,7,14,0.0005430026076248433,0.0015617539083737364,0.3476876892789564,0.7280747430599372,0.02249974139372657,True,29338,61,1227,2023-01-26,2026-07-23
shock_lag,realized_50,7,14,0.00033527507768208305,0.001692327604659847,0.19811476026207844,0.8429552766981454,0.022495449872699247,True,29338,61,1227,2023-01-26,2026-07-23
shock_lag,realized_75,7,14,0.00018829962913965813,0.0017719961713211845,0.10626412866302279,0.9153727915822463,0.022493904392621333,True,29338,61,1227,2023-01-26,2026-07-23
shock_lag,realized_100,7,14,8.299486225225893e-05,0.0018234181770172635,0.04551608802541468,0.9636959517980821,0.022493374483427808,True,29338,61,1227,2023-01-26,2026-07-23
shock_lag,realized_category,7,14,0.00038866290326225765,0.0017029933483889157,0.22822338303901465,0.8194725840349418,0.02249615749890943,True,29338,61,1227,2023-01-26,2026-07-23
shock_lag,kill_count,30,14,-0.00023139150782118707,0.003628058844922621,-0.06377832270968091,0.949146739082491,0.01996784754796066,True,27935,61,1204,2023-01-26,2026-06-30
shock_lag,direct_coin,30,14,0.002132915365448309,0.0021302547773835185,1.0012489529858295,0.31670646519122825,0.020053187393898497,True,27935,61,1204,2023-01-26,2026-06-30
shock_lag,potential_max,30,14,0.0017517036356552561,0.0028739975739415515,0.6095007356783804,0.5421925852643246,0.02000333990463632,True,27935,61,1204,2023-01-26,2026-06-30
shock_lag,potential_conservative,30,14,0.0018807692845348699,0.0027754913626765526,0.6776347099567785,0.49800333268231267,0.0200105225634869,True,27935,61,1204,2023-01-26,2026-06-30
shock_lag,realized_25,30,14,0.0020948878681326063,0.0025127274737400604,0.833710734660165,0.4044440075581739,0.020031032173439156,True,27935,61,1204,2023-01-26,2026-06-30
shock_lag,realized_50,30,14,0.0019760352994477376,0.0027085508636951164,0.7295544366303496,0.4656625816478255,0.02001768009475302,True,27935,61,1204,2023-01-26,2026-06-30
shock_lag,realized_75,30,14,0.0018557622292688497,0.0028139884448328337,0.6594775585082732,0.5095891522642443,0.020009130428727873,True,27935,61,1204,2023-01-26,2026-06-30
shock_lag,realized_100,30,14,0.0017517036356552561,0.0028739975739415515,0.6095007356783804,0.5421925852643246,0.02000333990463632,True,27935,61,1204,2023-01-26,2026-06-30
shock_lag,realized_category,30,14,0.001960057659207363,0.0027095128732709207,0.7233985409492385,0.46943506737128704,0.020016078433095497,True,27935,61,1204,2023-01-26,2026-06-30
shock_lag,kill_count,1,30,0.0009957930285888696,0.0014006158997245206,0.7109679597273789,0.4771040907507845,0.016171354114810965,False,28728,61,1215,2023-02-11,2026-07-29
shock_lag,direct_coin,1,30,-0.0012387958798535062,0.0008963216145168891,-1.38208859385948,0.16694450026260343,0.01626117963512852,False,28728,61,1215,2023-02-11,2026-07-29
shock_lag,potential_max,1,30,-0.0006023408758162486,0.0010240169733409317,-0.5882137615854809,0.5563888215121529,0.0161562398288988,False,28728,61,1215,2023-02-11,2026-07-29
shock_lag,potential_conservative,1,30,-0.0007747776896830779,0.0010460243559007945,-0.7406880014910076,0.45888263605531876,0.016169466904238483,False,28728,61,1215,2023-02-11,2026-07-29
shock_lag,realized_25,1,30,-0.0010775580803417581,0.0009863028921868232,-1.092522478518343,0.27460351574785913,0.016210186979309094,False,28728,61,1215,2023-02-11,2026-07-29
shock_lag,realized_50,1,30,-0.0008895259342362383,0.0010160720656511074,-0.8754555550803601,0.38132608303596116,0.01618180745575315,False,28728,61,1215,2023-02-11,2026-07-29
shock_lag,realized_75,1,30,-0.0007298590072487421,0.0010240851117353904,-0.7126936998546345,0.4760353158512971,0.016165755890466982,False,28728,61,1215,2023-02-11,2026-07-29
shock_lag,realized_100,1,30,-0.0006023408758162486,0.0010240169733409317,-0.5882137615854809,0.5563888215121529,0.0161562398288988,False,28728,61,1215,2023-02-11,2026-07-29
shock_lag,realized_category,1,30,-0.0009169205080218962,0.001043958771356995,-0.8783110340938394,0.3797749494300452,0.016183813580174067,False,28728,61,1215,2023-02-11,2026-07-29
shock_lag,kill_count,7,30,0.0027457248715607066,0.0022281309651693555,1.2322995885262111,0.21783719347149422,0.023492861480297056,True,28362,61,1209,2023-02-11,2026-07-23
shock_lag,direct_coin,7,30,0.0011071168299961482,0.001396987327468829,0.7925031302911738,0.4280673672694132,0.02343354923161134,True,28362,61,1209,2023-02-11,2026-07-23
shock_lag,potential_max,7,30,0.0023823615507514726,0.0018355311341667184,1.2979139968840683,0.19431688976578265,0.023504973063555257,True,28362,61,1209,2023-02-11,2026-07-23
shock_lag,potential_conservative,7,30,0.0021873295854720194,0.0017985121560330144,1.216188380008852,0.22391316917606296,0.023491511517879093,True,28362,61,1209,2023-02-11,2026-07-23
shock_lag,realized_25,7,30,0.00168829924952321,0.001619231552259098,1.042654614263013,0.2971082851290403,0.023463390609572476,True,28362,61,1209,2023-02-11,2026-07-23
shock_lag,realized_50,7,30,0.002034526013490976,0.0017343964995692358,1.1730455025689237,0.240777558957056,0.02348315549118407,True,28362,61,1209,2023-02-11,2026-07-23
shock_lag,realized_75,7,30,0.002246357461443289,0.0017980659309085165,1.2493187390010012,0.21154851670436858,0.02349614394708177,True,28362,61,1209,2023-02-11,2026-07-23
shock_lag,realized_100,7,30,0.0023823615507514726,0.0018355311341667184,1.2979139968840683,0.19431688976578265,0.023504973063555257,True,28362,61,1209,2023-02-11,2026-07-23
shock_lag,realized_category,7,30,0.0020430955690532012,0.0017391350549495607,1.1747768312981628,0.24008401166902948,0.023482498110186545,True,28362,61,1209,2023-02-11,2026-07-23
shock_lag,kill_count,30,30,0.0006815889871323768,0.0030461487895550848,0.22375433185321475,0.8229484668673309,0.02095800360460698,True,26959,61,1186,2023-02-11,2026-06-30
shock_lag,direct_coin,30,30,-0.0012090286614436455,0.002004127891321386,-0.6032692158415569,0.5463296085350289,0.02098331302131562,True,26959,61,1186,2023-02-11,2026-06-30
shock_lag,potential_max,30,30,-0.001119360023964766,0.002561361085565325,-0.4370176584133232,0.6620985417975025,0.020969831761880164,True,26959,61,1186,2023-02-11,2026-06-30
shock_lag,potential_conservative,30,30,-0.001069309602772162,0.0025567856156885767,-0.4182241937731579,0.6757832083691163,0.020969031524954107,True,26959,61,1186,2023-02-11,2026-06-30
shock_lag,realized_25,30,30,-0.0012448296722924726,0.0023010875568830387,-0.5409744920695974,0.5885251645146266,0.02097805913031403,True,26959,61,1186,2023-02-11,2026-06-30
shock_lag,realized_50,30,30,-0.001211696309337684,0.0024449187416321276,-0.49559778356020334,0.6201782168933343,0.02097432222197937,True,26959,61,1186,2023-02-11,2026-06-30
shock_lag,realized_75,30,30,-0.0011646473802939955,0.002519765558684406,-0.4622046587945544,0.6439345626586956,0.020971706726906736,True,26959,61,1186,2023-02-11,2026-06-30
shock_lag,realized_100,30,30,-0.001119360023964766,0.002561361085565325,-0.4370176584133232,0.6620985417975025,0.020969831761880164,True,26959,61,1186,2023-02-11,2026-06-30
shock_lag,realized_category,30,30,-0.0011729306637937248,0.002475766439524063,-0.473764667405059,0.6356677329726208,0.020972739946581,True,26959,61,1186,2023-02-11,2026-06-30
shock_lag,kill_count,1,60,0.00011164241387127445,0.0011371990305451651,0.0981731525199717,0.9217948006470957,0.015928194030352283,True,26898,61,1185,2023-03-14,2026-07-29
shock_lag,direct_coin,1,60,-0.0003325452661649672,0.0007520923802844001,-0.44216013202954774,0.6583733334890509,0.01593704584052702,True,26898,61,1185,2023-03-14,2026-07-29
shock_lag,potential_max,1,60,0.0006528524188362056,0.0009566392275840808,0.6824437050160848,0.49495842798547407,0.015950598485350964,True,26898,61,1185,2023-03-14,2026-07-29
shock_lag,potential_conservative,1,60,0.0005889142512711231,0.0009343883006631657,0.6302671500201271,0.5285198117785543,0.01594707204786694,True,26898,61,1185,2023-03-14,2026-07-29
shock_lag,realized_25,1,60,4.739627170063899e-05,0.0008573549173887836,0.055281973357069185,0.9559138233794413,0.015927842606799913,True,26898,61,1185,2023-03-14,2026-07-29
shock_lag,realized_50,1,60,0.0003232714157227647,0.0009105513519259523,0.35502820905048055,0.7225684582705421,0.01593383834448625,True,26898,61,1185,2023-03-14,2026-07-29
shock_lag,realized_75,1,60,0.0005158150293994941,0.0009396207269785086,0.5489608887813434,0.5830322907633185,0.015942461153287346,True,26898,61,1185,2023-03-14,2026-07-29
shock_lag,realized_100,1,60,0.0006528524188362056,0.0009566392275840808,0.6824437050160848,0.49495842798547407,0.015950598485350964,True,26898,61,1185,2023-03-14,2026-07-29
shock_lag,realized_category,1,60,0.000488937901244085,0.0009153204450073009,0.5341712882204712,0.5932230317479026,0.015941527315251225,True,26898,61,1185,2023-03-14,2026-07-29
shock_lag,kill_count,7,60,0.0009543320555273978,0.002060969027666025,0.46305016849678005,0.6433284073698748,0.022683015458363043,True,26532,61,1179,2023-03-14,2026-07-23
shock_lag,direct_coin,7,60,-2.6420236918877076e-05,0.0014430857125259226,-0.018308155010856628,0.9853930217998926,0.022669203267960958,True,26532,61,1179,2023-03-14,2026-07-23
shock_lag,potential_max,7,60,0.001410526198362266,0.0017131625500722328,0.8233463884105996,0.41031104097923365,0.022709597819431382,True,26532,61,1179,2023-03-14,2026-07-23
shock_lag,potential_conservative,7,60,0.0012569196801596948,0.0017135949271721372,0.7334987167789582,0.463254310207175,0.022702569584876486,True,26532,61,1179,2023-03-14,2026-07-23
shock_lag,realized_25,7,60,0.00053033668562468,0.0016063643987387693,0.3301471858073248,0.741288751024785,0.02267617592503357,True,26532,61,1179,2023-03-14,2026-07-23
shock_lag,realized_50,7,60,0.0009318066750504182,0.0016723716555015178,0.5571767926017522,0.5774066441777141,0.022688477713135757,True,26532,61,1179,2023-03-14,2026-07-23
shock_lag,realized_75,7,60,0.0012115488351455593,0.0017006868307899645,0.7123879677381861,0.4762245643023485,0.022699978021970324,True,26532,61,1179,2023-03-14,2026-07-23
shock_lag,realized_100,7,60,0.001410526198362266,0.0017131625500722328,0.8233463884105996,0.41031104097923365,0.022709597819431382,True,26532,61,1179,2023-03-14,2026-07-23
shock_lag,realized_category,7,60,0.001155234304397185,0.0016631813064879521,0.6945931269734081,0.4873103207183236,0.022698384638757285,True,26532,61,1179,2023-03-14,2026-07-23
shock_lag,kill_count,30,60,0.00053303328672119,0.0025874487578707263,0.2060072823083986,0.8367852228552508,0.019708569828597478,True,25171,61,1156,2023-03-14,2026-06-30
shock_lag,direct_coin,30,60,0.0003300933057198068,0.0019418886890973821,0.16998569875456607,0.8650213837068698,0.019707962385932754,True,25171,61,1156,2023-03-14,2026-06-30
shock_lag,potential_max,30,60,0.0019961368541246446,0.002442344757298641,0.8173034737047012,0.41375502213936044,0.0197596964545228,True,25171,61,1156,2023-03-14,2026-06-30
shock_lag,potential_conservative,30,60,0.0014797330803381695,0.002390682506844731,0.6189584255130347,0.5359437475087301,0.01973656054112527,True,25171,61,1156,2023-03-14,2026-06-30
shock_lag,realized_25,30,60,0.0010180619758457779,0.0022199724117045985,0.4585921746045764,0.646527057172043,0.019722848145774963,True,25171,61,1156,2023-03-14,2026-06-30
shock_lag,realized_50,30,60,0.0014781229161329892,0.0023481834762184633,0.6294750521425916,0.529038096525897,0.019738062828248193,True,25171,61,1156,2023-03-14,2026-06-30
shock_lag,realized_75,30,60,0.0017847178400363646,0.0024105895019736166,0.7403657232287648,0.459078111343698,0.01975026846320871,True,25171,61,1156,2023-03-14,2026-06-30
shock_lag,realized_100,30,60,0.0019961368541246446,0.002442344757298641,0.8173034737047012,0.41375502213936044,0.0197596964545228,True,25171,61,1156,2023-03-14,2026-06-30
shock_lag,realized_category,30,60,0.0015117177920349872,0.0023517775893445777,0.6427979409635803,0.5203552193698765,0.019739013531665406,True,25171,61,1156,2023-03-14,2026-06-30
shock_lag,kill_count,1,90,-0.0009098095010546362,0.0012320499662991798,-0.7384517884347771,0.46023995389193795,0.017067523968790854,False,25130,61,1155,2023-04-14,2026-07-29
shock_lag,direct_coin,1,90,-0.0008206770373792096,0.0007916957508048847,-1.036606596088031,0.29991923797494446,0.017090469889351367,True,25130,61,1155,2023-04-14,2026-07-29
shock_lag,potential_max,1,90,-0.0014162939228137264,0.0011831483272831149,-1.1970552551648261,0.23128501859976103,0.01714644243615715,False,25130,61,1155,2023-04-14,2026-07-29
shock_lag,potential_conservative,1,90,-0.0010812880581062352,0.0010945110243018225,-0.9879188369034272,0.3231923992933078,0.017100496439956148,False,25130,61,1155,2023-04-14,2026-07-29
shock_lag,realized_25,1,90,-0.0011180218810996998,0.0009562022374489289,-1.169231609499778,0.24231032900027516,0.017118020508968712,False,25130,61,1155,2023-04-14,2026-07-29
shock_lag,realized_50,1,90,-0.0012758740932017937,0.00107225455732996,-1.1898985035595186,0.23408628671758713,0.017132928283305482,False,25130,61,1155,2023-04-14,2026-07-29
shock_lag,realized_75,1,90,-0.0013640308429859786,0.0011405947405049438,-1.195894382593873,0.23173777756266267,0.01714136947439726,False,25130,61,1155,2023-04-14,2026-07-29
shock_lag,realized_100,1,90,-0.0014162939228137264,0.0011831483272831149,-1.1970552551648261,0.23128501859976103,0.01714644243615715,False,25130,61,1155,2023-04-14,2026-07-29
shock_lag,realized_category,1,90,-0.0011013078127356057,0.0010864342482503461,-1.0136902573802444,0.31073057437058604,0.017105580041210877,False,25130,61,1155,2023-04-14,2026-07-29
shock_lag,kill_count,7,90,0.0010576504230103798,0.0019306322149757137,0.5478259477938342,0.5838114199544502,0.024630377773704026,True,24824,61,1151,2023-04-14,2026-07-23
shock_lag,direct_coin,7,90,0.0009632378255566892,0.0013386138582080925,0.7195785548239486,0.47178451978124514,0.02464257047289664,True,24824,61,1151,2023-04-14,2026-07-23
shock_lag,potential_max,7,90,0.0005995946914494943,0.0017616921422432164,0.3403515728270276,0.7335917832878736,0.02461913771854818,True,24824,61,1151,2023-04-14,2026-07-23
shock_lag,potential_conservative,7,90,0.0008728740424155165,0.0017153048572286183,0.5088739991244475,0.6108405461005686,0.0246285563686639,True,24824,61,1151,2023-04-14,2026-07-23
shock_lag,realized_25,7,90,0.0008766389327354994,0.0015498784960952076,0.5656178435562011,0.5716535952569235,0.02463163818078451,True,24824,61,1151,2023-04-14,2026-07-23
shock_lag,realized_50,7,90,0.0007687767745247775,0.001661042917974014,0.46282776092411876,0.6434878308429962,0.02462534629804447,True,24824,61,1151,2023-04-14,2026-07-23
shock_lag,realized_75,7,90,0.0006752743739854242,0.0017238011560341548,0.39173565444113473,0.6952535428635129,0.02462155630480667,True,24824,61,1151,2023-04-14,2026-07-23
shock_lag,realized_100,7,90,0.0005995946914494943,0.0017616921422432164,0.3403515728270276,0.7335917832878736,0.02461913771854818,True,24824,61,1151,2023-04-14,2026-07-23
shock_lag,realized_category,7,90,0.0007592647182601228,0.0016934131905676176,0.44836353141056123,0.6538908567307966,0.024624792569184595,True,24824,61,1151,2023-04-14,2026-07-23
shock_lag,kill_count,30,90,-0.00020698180808532022,0.0023462903889404376,-0.08821662018518997,0.9297045078190187,0.020225013048031704,True,23421,61,1128,2023-04-14,2026-06-30
shock_lag,direct_coin,30,90,0.0009107327658406292,0.0018248723180992047,0.49906656855272624,0.6177324884516034,0.020243437863411207,True,23421,61,1128,2023-04-14,2026-06-30
shock_lag,potential_max,30,90,0.0008648031738794596,0.002237527607548524,0.38649944293959065,0.6991268150868576,0.020235584071856327,True,23421,61,1128,2023-04-14,2026-06-30
shock_lag,potential_conservative,30,90,0.0011105782541002466,0.002197019182054582,0.5054931987720149,0.6132124741899432,0.02024342152660541,True,23421,61,1128,2023-04-14,2026-06-30
shock_lag,realized_25,30,90,0.0009364583502046628,0.002047446552917899,0.45737865482743767,0.6473989038683401,0.020240237463185595,True,23421,61,1128,2023-04-14,2026-06-30
shock_lag,realized_50,30,90,0.0009186191324290628,0.002152923955722431,0.4266844307191578,0.669609192135999,0.020238112545820308,True,23421,61,1128,2023-04-14,2026-06-30
shock_lag,realized_75,30,90,0.00089146337975094,0.00220730711428791,0.4038692096720448,0.686308899283951,0.020236642208589117,True,23421,61,1128,2023-04-14,2026-06-30
shock_lag,realized_100,30,90,0.0008648031738794596,0.002237527607548524,0.38649944293959065,0.6991268150868576,0.020235584071856327,True,23421,61,1128,2023-04-14,2026-06-30
shock_lag,realized_category,30,90,0.0009650541489157126,0.0021716498600855266,0.4443875445361646,0.6567624170493583,0.020239294467511715,True,23421,61,1128,2023-04-14,2026-06-30
moving_average_level,kill_count,1,7,0.0005793208736555832,0.0006849913022067709,0.8457346418695254,0.39770079326188856,0.01486368241876268,True,30436,61,1242,2023-01-14,2026-07-29
moving_average_level,direct_coin,1,7,0.0003671811570638241,0.0004791314886760326,0.7663473717380651,0.44346963843333587,0.014855624885917185,True,30436,61,1242,2023-01-14,2026-07-29
moving_average_level,potential_max,1,7,0.0004923312276726308,0.0005487660986293341,0.8971604275525364,0.3696333179353576,0.01486444190545555,True,30436,61,1242,2023-01-14,2026-07-29
moving_average_level,potential_conservative,1,7,0.00047845599309287207,0.0005447010981932696,0.8783826481713967,0.3797360976564089,0.014863447921132256,True,30436,61,1242,2023-01-14,2026-07-29
moving_average_level,realized_25,1,7,0.0004253320830077896,0.0005137181329796905,0.8279483547539187,0.4076997486255056,0.014859537754468133,True,30436,61,1242,2023-01-14,2026-07-29
moving_average_level,realized_50,1,7,0.00045797598904844997,0.0005314811872238503,0.8616974599621317,0.3888540237175897,0.014861854288651388,True,30436,61,1242,2023-01-14,2026-07-29
moving_average_level,realized_75,1,7,0.0004784493748727916,0.0005419673893517436,0.8828010398283797,0.37734377858513457,0.014863373625672582,True,30436,61,1242,2023-01-14,2026-07-29
moving_average_level,realized_100,1,7,0.0004923312276726308,0.0005487660986293341,0.8971604275525364,0.3696333179353576,0.01486444190545555,True,30436,61,1242,2023-01-14,2026-07-29
moving_average_level,realized_category,1,7,0.00047429725553224417,0.0005314959564801797,0.8923816818349237,0.37218838621537265,0.014864138773905466,True,30436,61,1242,2023-01-14,2026-07-29
moving_average_level,kill_count,7,7,0.003221467202428355,0.0013589597477382319,2.3705390890274454,0.01776216563122967,0.02145645831778753,True,30070,61,1236,2023-01-14,2026-07-23
moving_average_level,direct_coin,7,7,0.0016308888964489563,0.0008392483554565187,1.9432732704752405,0.05198314930076863,0.02126516872953743,True,30070,61,1236,2023-01-14,2026-07-23
moving_average_level,potential_max,7,7,0.002164194857813672,0.0009376019855890786,2.3082234157748154,0.020986713444096923,0.02132594173680924,True,30070,61,1236,2023-01-14,2026-07-23
moving_average_level,potential_conservative,7,7,0.0021408928887425046,0.0009213996982371714,2.3235224548461177,0.020151102795987367,0.02132664737482537,True,30070,61,1236,2023-01-14,2026-07-23
moving_average_level,realized_25,7,7,0.0018696042017859059,0.0008907707652505522,2.0988612050599027,0.03582913757721285,0.021290129529317303,True,30070,61,1236,2023-01-14,2026-07-23
moving_average_level,realized_50,7,7,0.002010206111405369,0.0009153741146258913,2.1960486748381887,0.028088459634124378,0.021306416345489576,True,30070,61,1236,2023-01-14,2026-07-23
moving_average_level,realized_75,7,7,0.0021011504331842363,0.0009291002132042548,2.2614895608923042,0.023728958400113822,0.02131770716324577,True,30070,61,1236,2023-01-14,2026-07-23
moving_average_level,realized_100,7,7,0.002164194857813672,0.0009376019855890786,2.3082234157748154,0.020986713444096923,0.02132594173680924,True,30070,61,1236,2023-01-14,2026-07-23
moving_average_level,realized_category,7,7,0.002121176344280486,0.0009080161062302543,2.3360558581794573,0.019488330492399463,0.02133164015991207,True,30070,61,1236,2023-01-14,2026-07-23
moving_average_level,kill_count,30,7,0.010218055653299897,0.004181639540439166,2.443552476124418,0.014543454382254186,0.022098490249606084,False,28667,61,1213,2023-01-14,2026-06-30
moving_average_level,direct_coin,30,7,0.004653110529556255,0.003454457858674027,1.3469872031793504,0.17798435415024472,0.020648513014764114,False,28667,61,1213,2023-01-14,2026-06-30
moving_average_level,potential_max,30,7,0.007220707848552008,0.0030925476511069186,2.3348735939339504,0.019550025184174365,0.021416895580130713,False,28667,61,1213,2023-01-14,2026-06-30
moving_average_level,potential_conservative,30,7,0.006691340497744529,0.0031408806092952453,2.1304026895966417,0.03313838194700559,0.02121217055917146,False,28667,61,1213,2023-01-14,2026-06-30
moving_average_level,realized_25,30,7,0.005789127634608399,0.0033092149129057336,1.7493960915113609,0.08022257601629776,0.02096134021086904,False,28667,61,1213,2023-01-14,2026-06-30
moving_average_level,realized_50,30,7,0.006469294483699192,0.003202593721059589,2.02001722577499,0.04338160078577553,0.021168206586281713,False,28667,61,1213,2023-01-14,2026-06-30
moving_average_level,realized_75,30,7,0.006912338143453214,0.0031351918879034637,2.20475760036352,0.027471108781352598,0.021312025115282074,False,28667,61,1213,2023-01-14,2026-06-30
moving_average_level,realized_100,30,7,0.007220707848552008,0.0030925476511069186,2.3348735939339504,0.019550025184174365,0.021416895580130713,False,28667,61,1213,2023-01-14,2026-06-30
moving_average_level,realized_category,30,7,0.006647084354914964,0.0030914618380245037,2.1501427813718585,0.0315439224971702,0.021251984081756548,False,28667,61,1213,2023-01-14,2026-06-30
moving_average_level,kill_count,1,14,0.0005645267404002225,0.0007075092797467123,0.7979071887259522,0.4249243513890354,0.015283399613552962,True,30194,61,1238,2023-01-18,2026-07-29
moving_average_level,direct_coin,1,14,0.0002833324040918113,0.00048741618307587657,0.5812946182948231,0.5610419070840255,0.015268079809006352,True,30194,61,1238,2023-01-18,2026-07-29
moving_average_level,potential_max,1,14,0.00041297495291394993,0.0005606170012991341,0.7366436479039185,0.4613390842165771,0.015276476979128373,True,30194,61,1238,2023-01-18,2026-07-29
moving_average_level,potential_conservative,1,14,0.00039146397186958876,0.0005563700214017426,0.7036036393249901,0.48167964431327726,0.015274807193206952,True,30194,61,1238,2023-01-18,2026-07-29
moving_average_level,realized_25,1,14,0.000338556709367161,0.0005227894776738449,0.6475966403791661,0.5172458707991712,0.015271344085997618,True,30194,61,1238,2023-01-18,2026-07-29
moving_average_level,realized_50,1,14,0.00037312653541740295,0.0005415946929174586,0.6889405311699925,0.49086069189241943,0.015273614169788452,True,30194,61,1238,2023-01-18,2026-07-29
moving_average_level,realized_75,1,14,0.000396387856452314,0.0005530241203359812,0.7167641371799384,0.47351964365981725,0.01527525089874171,True,30194,61,1238,2023-01-18,2026-07-29
moving_average_level,realized_100,1,14,0.00041297495291394993,0.0005606170012991341,0.7366436479039185,0.4613390842165771,0.015276476979128373,True,30194,61,1238,2023-01-18,2026-07-29
moving_average_level,realized_category,1,14,0.0003894800729552778,0.0005424800880273812,0.7179619704965451,0.47278073569198453,0.01527539901033348,True,30194,61,1238,2023-01-18,2026-07-29
moving_average_level,kill_count,7,14,0.0031004699607597394,0.0015890876484759221,1.9511006606422048,0.05104507265680938,0.021007234461397295,True,29828,61,1232,2023-01-18,2026-07-23
moving_average_level,direct_coin,7,14,0.001569053923724505,0.0008329591036401381,1.883710637013916,0.05960412682813386,0.020835510084167286,True,29828,61,1232,2023-01-18,2026-07-23
moving_average_level,potential_max,7,14,0.0021348574678408715,0.001009215092214073,2.11536419174757,0.03439891926826571,0.020900739804373458,True,29828,61,1232,2023-01-18,2026-07-23
moving_average_level,potential_conservative,7,14,0.0020056101877270606,0.0009489199070492985,2.1135716226710635,0.034551871697789664,0.02088022895004016,True,29828,61,1232,2023-01-18,2026-07-23
moving_average_level,realized_25,7,14,0.0018083355562928639,0.0008866165645004229,2.039591440874779,0.04139103525410476,0.020860073202853324,True,29828,61,1232,2023-01-18,2026-07-23
moving_average_level,realized_50,7,14,0.0019596412806326966,0.0009254501783564343,2.1175005704931062,0.03421738693241821,0.02087787532160723,True,29828,61,1232,2023-01-18,2026-07-23
moving_average_level,realized_75,7,14,0.0020618447374012683,0.0009724805456859825,2.120191243462721,0.03398992057974635,0.02089090558001705,True,29828,61,1232,2023-01-18,2026-07-23
moving_average_level,realized_100,7,14,0.0021348574678408715,0.001009215092214073,2.11536419174757,0.03439891926826571,0.020900739804373458,True,29828,61,1232,2023-01-18,2026-07-23
moving_average_level,realized_category,7,14,0.0020297868489797893,0.000936147027588879,2.168235105342017,0.030140803092186315,0.020893108829873497,True,29828,61,1232,2023-01-18,2026-07-23
moving_average_level,kill_count,30,14,0.008700917270780942,0.004262477062362014,2.0412818986430876,0.04122281523460933,0.02077412556649816,False,28425,61,1209,2023-01-18,2026-06-30
moving_average_level,direct_coin,30,14,0.0034169883841831954,0.003947707170699964,0.8655627776913689,0.38672997533201947,0.019593114736928707,False,28425,61,1209,2023-01-18,2026-06-30
moving_average_level,potential_max,30,14,0.0058642454577107,0.0035105180592343776,1.6704786469577815,0.0948247006972648,0.02018915531219212,False,28425,61,1209,2023-01-18,2026-06-30
moving_average_level,potential_conservative,30,14,0.005401572659203005,0.0035786852299032642,1.5093735023320325,0.13120336064832536,0.020046972847074684,False,28425,61,1209,2023-01-18,2026-06-30
moving_average_level,realized_25,30,14,0.0044763645034454885,0.0037954245928822675,1.179410733608097,0.23823466310301722,0.019825828019974456,False,28425,61,1209,2023-01-18,2026-06-30
moving_average_level,realized_50,30,14,0.005127972303225957,0.003666811674963989,1.3984825940853147,0.1619681959695658,0.01998767411987501,False,28425,61,1209,2023-01-18,2026-06-30
moving_average_level,realized_75,30,14,0.005559860016388919,0.0035753416609466313,1.555056982978475,0.1199324987440435,0.02010333162936473,False,28425,61,1209,2023-01-18,2026-06-30
moving_average_level,realized_100,30,14,0.0058642454577107,0.0035105180592343776,1.6704786469577815,0.0948247006972648,0.02018915531219212,False,28425,61,1209,2023-01-18,2026-06-30
moving_average_level,realized_category,30,14,0.005283648990734267,0.0035324134511279764,1.495761768500537,0.13471574745990178,0.02004401447234272,False,28425,61,1209,2023-01-18,2026-06-30
moving_average_level,kill_count,1,30,0.00041882895900517773,0.0007424782280750068,0.5640959467472314,0.5726888363949229,0.015144937325172081,True,29723,61,1228,2023-01-26,2026-07-29
moving_average_level,direct_coin,1,30,0.00015805683098957907,0.0005224346033532911,0.3025389780368257,0.7622412245151067,0.01513376434609226,True,29723,61,1228,2023-01-26,2026-07-29
moving_average_level,potential_max,1,30,0.0002980974505391617,0.0005967327479702744,0.49954934022493286,0.6173924365570721,0.015140639839983261,True,29723,61,1228,2023-01-26,2026-07-29
moving_average_level,potential_conservative,1,30,0.0002626469921803231,0.0005909855828687055,0.44442199572011093,0.6567375136525686,0.015138442129206342,True,29723,61,1228,2023-01-26,2026-07-29
moving_average_level,realized_25,1,30,0.0002160524166483307,0.0005586311625749974,0.38675324815830553,0.698938891430544,0.015136269372683198,True,29723,61,1228,2023-01-26,2026-07-29
moving_average_level,realized_50,1,30,0.0002536606271738111,0.0005776517323208783,0.43912380588673766,0.6605718304874281,0.015138150535576211,True,29723,61,1228,2023-01-26,2026-07-29
moving_average_level,realized_75,1,30,0.00027946265289944443,0.0005891352618970263,0.4743607639433593,0.6352426673608512,0.015139559886449216,True,29723,61,1228,2023-01-26,2026-07-29
moving_average_level,realized_100,1,30,0.0002980974505391617,0.0005967327479702744,0.49954934022493286,0.6173924365570721,0.015140639839983261,True,29723,61,1228,2023-01-26,2026-07-29
moving_average_level,realized_category,1,30,0.00026368440334228045,0.000577676663544387,0.45645673433373807,0.6480615762461474,0.015138865548574576,True,29723,61,1228,2023-01-26,2026-07-29
moving_average_level,kill_count,7,30,0.001955804239579926,0.0012213905022552317,1.601293145778225,0.10931200643173196,0.022122673413196847,True,29357,61,1222,2023-01-26,2026-07-23
moving_average_level,direct_coin,7,30,0.0006869010473692068,0.0008875289573497157,0.7739477587530084,0.4389616852948436,0.022026156663914942,True,29357,61,1222,2023-01-26,2026-07-23
moving_average_level,potential_max,7,30,0.0013656334895360905,0.0009968124708755462,1.370000405729868,0.17068677499158058,0.022083836296297177,True,29357,61,1222,2023-01-26,2026-07-23
moving_average_level,potential_conservative,7,30,0.0011824030185111885,0.0009868866746652446,1.1981142808643797,0.2308725299694886,0.02206399460900621,True,29357,61,1222,2023-01-26,2026-07-23
moving_average_level,realized_25,7,30,0.0009676019233897369,0.0009423362571175941,1.0268117310368858,0.3045091243999949,0.022046862643476106,True,29357,61,1222,2023-01-26,2026-07-23
moving_average_level,realized_50,7,30,0.0011499825943507697,0.0009700308257084665,1.1855113918785771,0.23581531321930804,0.022062689860252283,True,29357,61,1222,2023-01-26,2026-07-23
moving_average_level,realized_75,7,30,0.0012751855000163136,0.0009862859023944256,1.292916685639043,0.19603987591122096,0.02207464013730087,True,29357,61,1222,2023-01-26,2026-07-23
moving_average_level,realized_100,7,30,0.0013656334895360905,0.0009968124708755462,1.370000405729868,0.17068677499158058,0.022083836296297177,True,29357,61,1222,2023-01-26,2026-07-23
moving_average_level,realized_category,7,30,0.0011898506619121344,0.0009680471081967148,1.2291247521296735,0.2190250360978533,0.02206756818576805,True,29357,61,1222,2023-01-26,2026-07-23
moving_average_level,kill_count,30,30,0.006683664731908735,0.004346185147681967,1.5378232875038607,0.12409182801019947,0.02132798270210723,False,27954,61,1199,2023-01-26,2026-06-30
moving_average_level,direct_coin,30,30,0.001783947705032816,0.004209875779914101,0.42375305075372455,0.6717459211369105,0.02051367084568323,False,27954,61,1199,2023-01-26,2026-06-30
moving_average_level,potential_max,30,30,0.003969881520199077,0.0039013552062673687,1.0175647461737458,0.30888484820504103,0.02085982707218126,False,27954,61,1199,2023-01-26,2026-06-30
moving_average_level,potential_conservative,30,30,0.0037324573095873738,0.003983136285050127,0.9370649263487106,0.34872516154722355,0.020812963794776262,False,27954,61,1199,2023-01-26,2026-06-30
moving_average_level,realized_25,30,30,0.002718443527962753,0.004123212941807164,0.6593022398623162,0.509701704370295,0.02063932201778229,False,27954,61,1199,2023-01-26,2026-06-30
moving_average_level,realized_50,30,30,0.0033019190527991083,0.004030923107942006,0.819147119500602,0.4127024810721108,0.020734852845800233,False,27954,61,1199,2023-01-26,2026-06-30
moving_average_level,realized_75,30,30,0.003692534321264888,0.0039576918479615,0.9330019776973826,0.3508189472352954,0.020805899985370857,False,27954,61,1199,2023-01-26,2026-06-30
moving_average_level,realized_100,30,30,0.003969881520199077,0.0039013552062673687,1.0175647461737458,0.30888484820504103,0.02085982707218126,False,27954,61,1199,2023-01-26,2026-06-30
moving_average_level,realized_category,30,30,0.003426229713118992,0.003943376760387059,0.8688567999733033,0.38492546093680646,0.02076234785057407,False,27954,61,1199,2023-01-26,2026-06-30
moving_average_level,kill_count,1,60,0.00025024962572099674,0.0008177601110845505,0.3060183815876081,0.7595906502567717,0.015851724660680744,True,28849,61,1214,2023-02-10,2026-07-29
moving_average_level,direct_coin,1,60,4.044201880837854e-05,0.0005943453377092469,0.06804464718147202,0.9457500933090639,0.015846902500635474,True,28849,61,1214,2023-02-10,2026-07-29
moving_average_level,potential_max,1,60,0.00016363737221842845,0.0006783882311463555,0.24121493372889208,0.8093885371387908,0.015849728711489264,True,28849,61,1214,2023-02-10,2026-07-29
moving_average_level,potential_conservative,1,60,0.0001402101479171759,0.0006749215101212782,0.20774289426926282,0.8354297234617236,0.015848966102016027,True,28849,61,1214,2023-02-10,2026-07-29
moving_average_level,realized_25,1,60,9.054625920480042e-05,0.0006358949843523408,0.14239184367371888,0.886770504548211,0.015847724611874336,True,28849,61,1214,2023-02-10,2026-07-29
moving_average_level,realized_50,1,60,0.00012374000177030933,0.0006573306678762136,0.18824620212853305,0.8506836557804431,0.015848525407174407,True,28849,61,1214,2023-02-10,2026-07-29
moving_average_level,realized_75,1,60,0.00014681460836126056,0.0006700703201333293,0.2191032850582722,0.8265695918384224,0.015849190266505997,True,28849,61,1214,2023-02-10,2026-07-29
moving_average_level,realized_100,1,60,0.00016363737221842845,0.0006783882311463555,0.24121493372889208,0.8093885371387908,0.015849728711489264,True,28849,61,1214,2023-02-10,2026-07-29
moving_average_level,realized_category,1,60,0.00012911930715246727,0.0006584162968276642,0.1961058797824127,0.8445272942169468,0.015848699914630116,True,28849,61,1214,2023-02-10,2026-07-29
moving_average_level,kill_count,7,60,0.0005622661925015857,0.0013017841439949152,0.43191968122772123,0.6657997898976176,0.022856517794327624,True,28483,61,1208,2023-02-10,2026-07-23
moving_average_level,direct_coin,7,60,-0.00016591393330811754,0.0009561993708120873,-0.1735139536509097,0.8622474608070839,0.022848401802032736,True,28483,61,1208,2023-02-10,2026-07-23
moving_average_level,potential_max,7,60,0.00021291455304243889,0.0010824705577049374,0.19669315855930714,0.8440676641916136,0.02284883606127308,True,28483,61,1208,2023-02-10,2026-07-23
moving_average_level,potential_conservative,7,60,0.00012717066866798046,0.001074370347085079,0.11836762715297638,0.9057763752080876,0.02284759271884118,True,28483,61,1208,2023-02-10,2026-07-23
moving_average_level,realized_25,7,60,-1.61609059434141e-05,0.0010188015753338124,-0.01586266289205427,0.9873439569482874,0.022846892181213607,True,28483,61,1208,2023-02-10,2026-07-23
moving_average_level,realized_50,7,60,8.661287259206432e-05,0.0010509507786039586,0.08241382408709705,0.9343176434140315,0.02284722320320387,True,28483,61,1208,2023-02-10,2026-07-23
moving_average_level,realized_75,7,60,0.00015932758092564278,0.0010700230784915646,0.14890106963884409,0.8816316971749016,0.02284800118634378,True,28483,61,1208,2023-02-10,2026-07-23
moving_average_level,realized_100,7,60,0.00021291455304243889,0.0010824705577049374,0.19669315855930714,0.8440676641916136,0.02284883606127308,True,28483,61,1208,2023-02-10,2026-07-23
moving_average_level,realized_category,7,60,9.10625138425766e-05,0.0010512330432417983,0.08662447820490642,0.9309700082396304,0.022847261044788403,True,28483,61,1208,2023-02-10,2026-07-23
moving_average_level,kill_count,30,60,0.006569011227020225,0.004491302075516807,1.4626073055360764,0.14357486308375658,0.02130933283539138,False,27080,61,1185,2023-02-10,2026-06-30
moving_average_level,direct_coin,30,60,3.079281530661169e-05,0.0036219661080245462,0.00850168510367602,0.9932167184294729,0.020468979937352416,False,27080,61,1185,2023-02-10,2026-06-30
moving_average_level,potential_max,30,60,0.0022349442860551553,0.0035804775026828275,0.6242028568481512,0.532494370929742,0.020606088790166233,False,27080,61,1185,2023-02-10,2026-06-30
moving_average_level,potential_conservative,30,60,0.0021410496052434082,0.0036748223755497878,0.5826266922419855,0.5601446325602866,0.020596668006878427,False,27080,61,1185,2023-02-10,2026-06-30
moving_average_level,realized_25,30,60,0.0009825885916918062,0.0036237526576870746,0.2711522238162251,0.7862739567117457,0.02049868090563589,False,27080,61,1185,2023-02-10,2026-06-30
moving_average_level,realized_50,30,60,0.0015691788837563188,0.0036069119062148696,0.4350477429328268,0.6635277733113372,0.020540439795113885,False,27080,61,1185,2023-02-10,2026-06-30
moving_average_level,realized_75,30,60,0.0019591792795213337,0.003591945329602685,0.5454368315060196,0.5854531146939805,0.020576663577611343,False,27080,61,1185,2023-02-10,2026-06-30
moving_average_level,realized_100,30,60,0.0022349442860551553,0.0035804775026828275,0.6242028568481512,0.532494370929742,0.020606088790166233,False,27080,61,1185,2023-02-10,2026-06-30
moving_average_level,realized_category,30,60,0.0015764005283540861,0.003567355846701724,0.44189606983322993,0.6585644147698646,0.02054136139095919,False,27080,61,1185,2023-02-10,2026-06-30
moving_average_level,kill_count,1,90,0.00014728343686536594,0.0009381309811791313,0.1569966665851353,0.8752474752045375,0.01628609049501195,True,27944,61,1198,2023-02-25,2026-07-29
moving_average_level,direct_coin,1,90,-0.00012550707196195047,0.0006676131157386066,-0.18799371822271208,0.8508815755199414,0.01628661219956451,True,27944,61,1198,2023-02-25,2026-07-29
moving_average_level,potential_max,1,90,-4.273377178205741e-05,0.0007740533476580612,-0.05520778627384103,0.9559729258486246,0.016284699103125022,True,27944,61,1198,2023-02-25,2026-07-29
moving_average_level,potential_conservative,1,90,-5.5360349146683745e-05,0.0007704342812914591,-0.07185603041168498,0.9427164821975335,0.01628483479625864,True,27944,61,1198,2023-02-25,2026-07-29
moving_average_level,realized_25,1,90,-9.307657075642681e-05,0.0007198289171767373,-0.12930373945170923,0.8971173126214187,0.01628553003110489,True,27944,61,1198,2023-02-25,2026-07-29
moving_average_level,realized_50,1,90,-7.057341953887813e-05,0.0007470538692687864,-0.09446898335183664,0.9247366199320497,0.016285060438021248,True,27944,61,1198,2023-02-25,2026-07-29
moving_average_level,realized_75,1,90,-5.4568038563701125e-05,0.000763352754914475,-0.07148469460860837,0.9430120053263883,0.016284826683026776,True,27944,61,1198,2023-02-25,2026-07-29
moving_average_level,realized_100,1,90,-4.273377178205741e-05,0.0007740533476580612,-0.05520778627384103,0.9559729258486246,0.016284699103125022,True,27944,61,1198,2023-02-25,2026-07-29
moving_average_level,realized_category,1,90,-7.02440901487162e-05,0.0007487768067724338,-0.09381178678797483,0.9252586684768009,0.016285057522579804,True,27944,61,1198,2023-02-25,2026-07-29
moving_average_level,kill_count,7,90,0.000934263025036126,0.001482179940048133,0.6303303666394151,0.528478459082719,0.023200198162644736,True,27578,61,1192,2023-02-25,2026-07-23
moving_average_level,direct_coin,7,90,-0.0008602754813022556,0.0010866146321673765,-0.7917024636290221,0.42853418548656774,0.023213259453879642,True,27578,61,1192,2023-02-25,2026-07-23
moving_average_level,potential_max,7,90,-0.0004586323922684288,0.0012465413863679688,-0.3679239191606305,0.7129299644124856,0.02318448353332181,True,27578,61,1192,2023-02-25,2026-07-23
moving_average_level,potential_conservative,7,90,-0.0005035613517235665,0.0012354793444120723,-0.4075837884308753,0.6835792682340137,0.02318636194845347,True,27578,61,1192,2023-02-25,2026-07-23
moving_average_level,realized_25,7,90,-0.0007054087428482721,0.0011667658764685572,-0.6045846532496547,0.5454550062519051,0.023198242742254016,True,27578,61,1192,2023-02-25,2026-07-23
moving_average_level,realized_50,7,90,-0.0005956304590742931,0.0012074139191459816,-0.49331090989541493,0.6217929208077766,0.023190994301532042,True,27578,61,1192,2023-02-25,2026-07-23
moving_average_level,realized_75,7,90,-0.0005169778367395269,0.0012312069970813306,-0.4198951418933307,0.6745620568877402,0.023186962244252762,True,27578,61,1192,2023-02-25,2026-07-23
moving_average_level,realized_100,7,90,-0.0004586323922684288,0.0012465413863679688,-0.3679239191606305,0.7129299644124856,0.02318448353332181,True,27578,61,1192,2023-02-25,2026-07-23
moving_average_level,realized_category,7,90,-0.0006033351767394964,0.0012078706281166943,-0.49950314437251736,0.6174249721752583,0.023191436363289353,True,27578,61,1192,2023-02-25,2026-07-23
moving_average_level,kill_count,30,90,0.007417403323333469,0.005529427075727648,1.3414415674082059,0.17977712932355983,0.021158007091716002,False,26175,61,1169,2023-02-25,2026-06-30
moving_average_level,direct_coin,30,90,-0.000562449805838162,0.0038540886044021315,-0.14593587838010083,0.8839720079292983,0.020236137569850987,False,26175,61,1169,2023-02-25,2026-06-30
moving_average_level,potential_max,30,90,0.0016875362650064928,0.004090927861879675,0.41250697200784026,0.6799678715519217,0.020295070618274513,False,26175,61,1169,2023-02-25,2026-06-30
moving_average_level,potential_conservative,30,90,0.0018681945433757707,0.004125595096579341,0.4528303189338064,0.6506709298042299,0.02031142882853676,False,26175,61,1169,2023-02-25,2026-06-30
moving_average_level,realized_25,30,90,0.0004055220296119233,0.003971948132813605,0.10209650681532541,0.918680073684726,0.020230932287987224,False,26175,61,1169,2023-02-25,2026-06-30
moving_average_level,realized_50,30,90,0.0010051062731347353,0.004030705165251329,0.2493623899360705,0.8030804748678261,0.02025222841775054,False,26175,61,1169,2023-02-25,2026-06-30
moving_average_level,realized_75,30,90,0.0014046396215683496,0.004066593730434945,0.3454093805967963,0.7297866259587241,0.02027506586431671,False,26175,61,1169,2023-02-25,2026-06-30
moving_average_level,realized_100,30,90,0.0016875362650064928,0.004090927861879675,0.41250697200784026,0.6799678715519217,0.020295070618274513,False,26175,61,1169,2023-02-25,2026-06-30
moving_average_level,realized_category,30,90,0.0011862380404247129,0.003985361021059991,0.2976488288404065,0.765971202676504,0.02026242387630839,False,26175,61,1169,2023-02-25,2026-06-30
cumulative_index_level,kill_count_cumulative,0,0,-0.00444443155578575,0.002161662445479103,-2.05602478087216,0.03978012765017654,0.007470893148066593,False,30905,61,1257,2023-01-11,2026-07-30
cumulative_index_level,realized_50_cumulative,0,0,0.005408961505719237,0.0063729732540284065,0.8487343803459696,0.3960291109470968,0.002721986668592691,True,30905,61,1257,2023-01-11,2026-07-30
