world,update_time,best_bid,best_ask,mid,quoted_spread_pct,bid_depth_tc,ask_depth_tc,n_buy_orders,n_sell_orders,date
Aethera,1785007296.1422925,38000,,,,12550,,14,0,2026-07-25
Aethera,1785698485.1699643,38703,43896.0,41299.5,12.574002106563034,75125,3000.0,21,9,2026-08-02
Antica,1785370885.6802742,39309,41990.0,40649.5,6.59540707757783,676125,39575.0,37,4,2026-07-30
Antica,1785802884.5674727,39902,40199.0,40050.5,0.7415637757331369,782350,236250.0,36,11,2026-08-04
Astera,1785383488.3781066,42010,43776.0,42893.0,4.1172219243233155,157800,36400.0,26,3,2026-07-30
Astera,1785727319.980316,42111,46000.0,44055.5,8.82750167402481,276025,19050.0,27,1,2026-08-03
Belobra,1785306089.2189891,43033,43795.0,43414.0,1.7551941769935964,848450,37600.0,55,5,2026-07-29
Belobra,1785651690.3326292,43777,44954.0,44365.5,2.6529623243285885,842350,61175.0,56,10,2026-08-02
Blumera,1785424849.6713114,38650,40649.0,39649.5,5.041677700853731,268075,30475.0,34,4,2026-07-30
Bona,1785241312.2772555,42400,43998.0,43199.0,3.699159702770898,378975,20975.0,26,2,2026-07-28
Bona,1785673305.274373,42229,43626.0,42927.5,3.2543241511851373,322950,80275.0,38,13,2026-08-02
Bravoria,1784917269.4047148,37151,38788.0,37969.5,4.311355166646914,58825,49650.0,22,11,2026-07-24
Bravoria,1785608483.5636024,38600,40100.0,39350.0,3.8119440914866582,35950,27850.0,19,3,2026-08-01
Calmera,1785158489.3882978,41570,42459.0,42014.5,2.115936164895453,472225,43250.0,31,8,2026-07-27
Calmera,1785591113.47212,43300,44219.0,43759.5,2.10011540351238,519000,31625.0,36,8,2026-08-01
Cantabra,1785338483.564314,39601,42996.0,41298.5,8.220637553422037,427100,8575.0,50,3,2026-07-29
Cantabra,1785338483.5643141,39601,42996.0,41298.5,8.220637553422037,427100,8575.0,50,3,2026-07-29
Celebra,1785151287.9257765,43176,44456.0,43816.0,2.921307285010042,308250,106825.0,42,7,2026-07-27
Celebra,1785498805.1891077,43463,44431.0,43947.0,2.2026531958950555,344975,43775.0,34,9,2026-07-31
Celesta,1785316927.2854416,42612,43498.0,43055.0,2.0578330042968296,115425,16575.0,17,5,2026-07-29
Celesta,1785662514.3335035,42301,44333.0,43317.0,4.690998914975645,164825,25750.0,30,14,2026-08-02
Citra,1785428481.9020915,37050,37876.0,37463.0,2.204842110882738,25425,8675.0,35,20,2026-07-30
Collabra,1785068476.1963542,39212,40000.0,39606.0,1.98959753572691,382250,142425.0,56,8,2026-07-26
Descubra,1785410495.715321,39903,40350.0,40126.5,1.113977047587006,648575,59700.0,61,9,2026-07-30
Descubra,1785756091.7334151,40701,41995.0,41348.0,3.1295346812421396,465450,59475.0,56,3,2026-08-03
Dia,1785244981.9811385,36010,37996.0,37003.0,5.367132394670702,139225,90275.0,20,23,2026-07-28
Dia,1785676986.2991543,37420,39302.0,38361.0,4.906024347644744,213900,65275.0,34,18,2026-08-02
Dracobra,1785076256.0853035,37020,39835.0,38427.5,7.325483052501464,23425,5150.0,142,11,2026-07-26
Dracobra,1785594333.446584,39012,41465.0,40238.5,6.096151695515489,22250,5625.0,122,31,2026-08-01
Eclipta,1784831225.6618807,34630,39996.0,37313.0,14.381046820143114,10600,23125.0,19,8,2026-07-23
Eclipta,1785522480.7993193,36122,38500.0,37311.0,6.373455549301814,16575,20725.0,27,6,2026-07-31
Epoca,1784827278.100923,38007,40698.0,39352.5,6.838193253287593,36125,5300.0,33,20,2026-07-23
Epoca,1785518475.1083994,36002,39300.0,37651.0,8.759395500783512,26625,12675.0,14,13,2026-07-31
Escura,1785181444.5394506,17014,26996.0,22005.0,45.36241763235628,5875,825.0,29,3,2026-07-27
Etebra,1785252099.528272,38906,40249.0,39577.5,3.3933421767418355,111225,53900.0,25,13,2026-07-28
Ferobra,1785219692.7381525,39307,40765.0,40036.0,3.641722449795184,304225,127200.0,65,15,2026-07-28
Ferobra,1785565264.1439457,39752,40741.0,40246.5,2.457356540320276,235275,119725.0,59,15,2026-08-01
Firmera,1784913665.092155,37205,39986.0,38595.5,7.205503232242101,80150,7125.0,40,5,2026-07-24
Firmera,1785604881.337021,38500,41800.0,40150.0,8.21917808219178,19200,19050.0,43,11,2026-08-01
Floribra,1785289983.3669543,16200,17988.0,17094.0,10.45981045981046,5200,3175.0,44,33,2026-07-29
Floribra,1785806555.9169977,16200,17880.0,17040.0,9.859154929577464,5375,1275.0,51,28,2026-08-04
Gentebra,1785133272.685576,42722,43542.0,43132.0,1.9011406844106464,395450,45950.0,25,6,2026-07-27
Gentebra,1785478875.3086486,43012,44434.0,43723.0,3.2522928435834686,462925,26900.0,28,6,2026-07-31
Gladera,1784906478.6802433,41000,44219.0,42609.5,7.55465330501414,142775,39100.0,25,16,2026-07-24
Gladera,1785511312.9063623,41260,43000.0,42130.0,4.130073581770709,128750,14525.0,23,24,2026-07-31
Gladibra,1785090079.1169064,35505,39997.0,37751.0,11.899022542449208,56500,325.0,56,2,2026-07-26
Gladibra,1785781277.7059906,36002,42000.0,39001.0,15.379092843773238,17150,1525.0,63,4,2026-08-03
Harmonia,1785417677.4816918,42804,44954.0,43879.0,4.899838191389959,319275,40000.0,26,4,2026-07-30
Havera,1784618486.8814418,38174,39335.0,38754.5,2.995781135093989,287950,54375.0,39,20,2026-07-21
Havera,1785655309.8289666,39400,41086.0,40243.0,4.189548492905598,149425,35500.0,38,16,2026-08-02
Honbra,1785299114.8603036,39304,40764.0,40034.0,3.6469001348853474,378550,87725.0,38,6,2026-07-29
Hostera,1784910078.8736763,22510,26749.0,24629.5,17.211068028177593,15300,1850.0,35,13,2026-07-24
Hostera,1785514874.971768,25300,28997.0,27148.5,13.61769526861521,11725,550.0,32,5,2026-07-31
Idyllia,1785175344.0081372,28915,30899.0,29907.0,6.6338984184304675,5775,2200.0,33,19,2026-07-27
Ignibra,1785083240.7864304,20017,24900.0,22458.5,21.74232473228399,3525,975.0,29,6,2026-07-26
Ignibra,1785687746.8529303,21559,33332.0,27445.5,42.89592100708678,4750,975.0,32,11,2026-08-02
Ignitera,1784997738.9109292,38001,40600.0,39300.5,6.613147415427284,20650,4625.0,24,4,2026-07-25
Ignitera,1785601282.9886813,38120,41800.0,39960.0,9.20920920920921,20650,2850.0,16,4,2026-08-01
Inabra,1785374502.1393268,39611,41150.0,40380.5,3.811245526925125,474450,35400.0,48,3,2026-07-30
Inabra,1785633695.837302,39773,41000.0,40386.5,3.0381439342354497,377275,50000.0,41,3,2026-08-02
Issobra,1784994746.512373,38380,41396.0,39888.0,7.561171279582831,137750,64950.0,30,5,2026-07-25
Issobra,1785597917.7825928,39362,41499.0,40430.5,5.285613583804307,246175,43650.0,26,2,2026-08-01
Jadebra,1785223273.7213705,39351,40579.0,39965.0,3.072688602527211,198425,68875.0,37,11,2026-07-28
Junera,1785080040.2638202,11475,13400.0,12437.5,15.477386934673367,1025,2075.0,19,30,2026-07-26
Kalanta,1785256156.6489367,38432,40125.0,39278.5,4.310246063368001,95425,31100.0,17,12,2026-07-28
Kalibra,1785357134.6894388,42933,44826.0,43879.5,4.314087444022835,264850,24250.0,36,6,2026-07-29
Kalimera,1785435673.946132,35100,39499.0,37299.5,11.79372377645813,6650,5650.0,11,2,2026-07-30
Kanda,1785406906.9345531,20126,22949.0,21537.5,13.107370864770749,20250,11450.0,45,51,2026-07-30
Karmeya,1784991764.5284858,37750,39304.0,38527.0,4.033534923560101,100050,27925.0,26,14,2026-07-25
Lobera,1785212493.957488,38611,39709.0,39160.0,2.80388151174668,137850,51525.0,43,13,2026-07-28
Luminera,1785414051.1650043,43224,43800.0,43512.0,1.323772752344181,218050,28225.0,17,2,2026-07-30
Luminera,1785414051.1650045,43224,43800.0,43512.0,1.323772752344181,218050,28225.0,17,2,2026-07-30
Lutabra,1783880481.5468245,37444,38472.0,37958.0,2.708256494019706,86250,20625.0,24,7,2026-07-12
Luzibra,1785086486.670827,38702,41989.0,40345.5,8.147129171778762,12100,6350.0,44,7,2026-07-26
Maligna,1785392497.7509518,11304,12300.0,11802.0,8.439247585155059,8975,2800.0,20,50,2026-07-30
Menera,1785248489.6432927,43500,43993.0,43746.5,1.126947298641034,381500,5750.0,25,3,2026-07-28
Menera,1785248489.643293,43500,43993.0,43746.5,1.126947298641034,381500,5750.0,25,3,2026-07-28
Monstera,1785432081.7853007,36000,37900.0,36950.0,5.142083897158322,46550,29625.0,37,20,2026-07-30
Monza,1785072089.7893455,42300,42967.0,42633.5,1.5644974022775515,329200,28275.0,31,8,2026-07-26
Monza,1785072089.7893457,42300,42967.0,42633.5,1.5644974022775517,329200,28275.0,31,8,2026-07-26
Mystera,1785354074.785102,20003,26995.0,23499.0,29.754457636495168,4525,900.0,17,3,2026-07-29
Mystera,1785354074.7851021,20003,26995.0,23499.0,29.754457636495168,4525,900.0,17,3,2026-07-29
Nefera,1785386471.4492087,42931,43818.0,43374.5,2.044980345594762,240850,30725.0,31,4,2026-07-30
Nevia,1785274312.798301,38371,39329.0,38850.0,2.4658944658944657,254000,90500.0,23,27,2026-07-28
Noctalia,1785348119.373016,36000,49969.0,42984.5,32.49776082076097,11750,25.0,22,1,2026-07-29
Oceanis,1785093677.100214,42042,45444.0,43743.0,7.777244359097455,36975,4225.0,31,9,2026-07-26
Ombra,1785136882.515309,39111,40497.0,39804.0,3.4820621043111246,214575,108775.0,59,6,2026-07-27
Ombra,1785136882.5153093,39111,40497.0,39804.0,3.4820621043111246,214575,108775.0,59,6,2026-07-27
Opulera,1785403403.5915303,17600,19985.0,18792.5,12.691233204735934,13975,1025.0,27,11,2026-07-30
Ourobra,1785296125.6653059,39228,40934.0,40081.0,4.256380828821636,171750,45150.0,42,10,2026-07-29
Ourobra,1785296125.665306,39228,40934.0,40081.0,4.256380828821636,171750,45150.0,42,10,2026-07-29
Pacera,1785234052.511377,42821,43677.0,43249.0,1.979236514139055,238175,39200.0,14,14,2026-07-28
Pacera,1785234052.5113773,42821,43677.0,43249.0,1.979236514139055,238175,39200.0,14,14,2026-07-28
Peloria,1785230498.83823,37155,38992.0,38073.5,4.824878196120661,400250,94625.0,51,18,2026-07-28
Peloria,1785230498.8382301,37155,38992.0,38073.5,4.824878196120661,400250,94625.0,51,18,2026-07-28
Penumbra,1785178439.5977132,20038,24481.0,22259.5,19.960017071362792,3025,1225.0,12,9,2026-07-27
Premia,1785360196.4665174,37700,38900.0,38300.0,3.1331592689295036,125150,7050.0,15,13,2026-07-29
Quelibra,1785363654.1498475,39111,41999.0,40555.0,7.1211934410060405,294050,39700.0,48,1,2026-07-29
Quelibra,1785363654.1498477,39111,41999.0,40555.0,7.1211934410060405,294050,39700.0,48,1,2026-07-29
Quidera,1785216085.6818016,39201,39749.0,39475.0,1.388220392653578,176700,37500.0,50,6,2026-07-28
Quintera,1785396075.5053043,39055,40362.0,39708.5,3.2914867093947144,130925,24525.0,36,11,2026-07-30
Rasteibra,1785293100.3775215,39351,40755.0,40053.0,3.5053554040895816,315100,49850.0,49,4,2026-07-29
Refugia,1785324114.8593543,42020,43600.0,42810.0,3.6907264657790235,100075,125375.0,25,9,2026-07-29
Refugia,1785324114.8593545,42020,43600.0,42810.0,3.690726465779023,100075,125375.0,25,9,2026-07-29
Retalia,1784748081.7411594,34503,38450.0,36476.5,10.820665359889244,96700,50075.0,22,12,2026-07-22
Secura,1785367321.3552368,43231,44966.0,44098.5,3.934374185062984,556550,115100.0,31,11,2026-07-29
Serdebra,1785302486.446463,39400,40742.0,40071.0,3.349055426617754,673150,51225.0,51,4,2026-07-29
Serdebra,1785302486.4464633,39400,40742.0,40071.0,3.349055426617754,673150,51225.0,51,4,2026-07-29
Solidera,1785380528.2773058,39511,42437.0,40974.0,7.14111387709279,222400,58825.0,33,13,2026-07-30
Sombra,1784834614.26761,40015,43699.0,41857.0,8.80139522660487,11900,725.0,34,4,2026-07-23
Sonira,1785259876.7623217,39333,41995.0,40664.0,6.546330906944718,7450,1800.0,34,4,2026-07-28
Stralis,1785266492.7594895,39001,40961.0,39981.0,4.902328606087892,6400,900.0,23,5,2026-07-28
Talera,1785201729.6901245,37686,39842.0,38764.0,5.561861520998865,272100,20375.0,46,10,2026-07-28
Tempestera,1784920999.3561,34101,38390.0,36245.5,11.833193086038268,7975,2550.0,16,14,2026-07-24
Terribra,1785165823.8412752,37405,38500.0,37952.5,2.8851854291548644,209225,36500.0,30,6,2026-07-27
Thyria,1785147691.082207,38721,39790.0,39255.5,2.723185286138248,160475,77775.0,28,10,2026-07-27
Tornabra,1785327675.0803137,39200,41997.0,40598.5,6.889417096690764,65800,40075.0,32,2,2026-07-29
Unebra,1785421274.9009387,39642,40967.0,40304.5,3.287474103387959,111850,52325.0,52,4,2026-07-30
Ustebra,1784925062.7861392,38804,39784.0,39294.0,2.4940194431719855,446625,86600.0,68,6,2026-07-24
Venebra,1785154975.1343806,38811,39797.0,39304.0,2.508650519031142,402850,27825.0,36,5,2026-07-27
Victoris,1785351135.4104767,35102,37996.0,36549.0,7.918137295138034,3650,4475.0,29,16,2026-07-29
Vunira,1785144104.9273078,38206,39394.0,38800.0,3.061855670103093,211825,100350.0,35,13,2026-07-27
Wintera,1785389437.3785138,38387,39649.0,39018.0,3.234404633758778,367100,35500.0,37,10,2026-07-30
Xybra,1785342073.2913136,39203,40700.0,39951.5,3.747043289989112,12375,7750.0,24,11,2026-07-29
Xyla,1785334885.6650088,38239,39800.0,39019.5,4.000563820653776,164525,83550.0,29,15,2026-07-29
Xymera,1785331554.5323775,39630,41599.0,40614.5,4.848022258060545,262650,48075.0,46,8,2026-07-29
Yonabra,1785320483.2548926,42762,43682.0,43222.0,2.1285456480496046,343675,101825.0,24,8,2026-07-29
Yovera,1785237699.2081282,38701,40392.0,39546.5,4.275978910902356,174725,23200.0,27,4,2026-07-28
Yubra,1785169517.7195518,37678,39300.0,38489.0,4.214191067577749,108525,15275.0,23,5,2026-07-27
Zuna,1785000845.4487138,44667,49870.0,47268.5,11.007330463204882,69750,4775.0,18,10,2026-07-25
Zunera,1785004071.974751,50201,57877.0,54039.0,14.20455596883732,18650,2850.0,23,6,2026-07-25
