horizon,origin,nominal,covered,width_pct,actual_pctile
30,180,0.5,True,6.790770092770471,0.5475
30,180,0.8,True,13.822951631623814,0.5475
30,180,0.9,True,18.250592281839296,0.5475
30,185,0.5,True,6.459451910499703,0.42825
30,185,0.8,True,13.090176081530913,0.42825
30,185,0.9,True,17.35839642255055,0.42825
30,190,0.5,True,6.49975585499325,0.255
30,190,0.8,True,12.903825696434424,0.255
30,190,0.9,True,17.11301450506715,0.255
30,195,0.5,True,6.571334370056503,0.316
30,195,0.8,True,13.087367836093367,0.316
30,195,0.9,True,17.201736382106848,0.316
30,200,0.5,True,6.34521932573231,0.62875
30,200,0.8,True,12.685262307882471,0.62875
30,200,0.9,True,16.958477149444164,0.62875
30,205,0.5,True,6.311882771481114,0.49175
30,205,0.8,True,13.030691477987766,0.49175
30,205,0.9,True,17.147400970336225,0.49175
30,210,0.5,True,6.572183347120464,0.512
30,210,0.8,True,13.122840628341748,0.512
30,210,0.9,True,17.029718908320124,0.512
30,215,0.5,True,6.40756409479506,0.4995
30,215,0.8,True,12.777652985698595,0.4995
30,215,0.9,True,16.8950097987026,0.4995
30,220,0.5,True,6.2506929000418765,0.42475
30,220,0.8,True,12.396256313979116,0.42475
30,220,0.9,True,16.471949669997233,0.42475
30,225,0.5,True,6.393361860645075,0.4055
30,225,0.8,True,12.48797020600685,0.4055
30,225,0.9,True,16.223205848933198,0.4055
30,230,0.5,False,6.030207233289198,0.09925
30,230,0.8,False,12.172582843767144,0.09925
30,230,0.9,True,16.35116197707278,0.09925
30,235,0.5,False,6.006873195358597,0.13175
30,235,0.8,True,12.330305236723426,0.13175
30,235,0.9,True,16.079381449142538,0.13175
30,240,0.5,False,6.014900285995206,0.1355
30,240,0.8,True,12.015346879027167,0.1355
30,240,0.9,True,15.977716748880821,0.1355
30,245,0.5,False,5.898683747181388,0.12
30,245,0.8,True,11.986773240135285,0.12
30,245,0.9,True,16.08837956180844,0.12
30,250,0.5,False,6.022518557546763,0.19375
30,250,0.8,True,12.011353111420298,0.19375
30,250,0.9,True,16.428248065006002,0.19375
30,255,0.5,False,5.78055653436611,0.16175
30,255,0.8,True,11.377610938905391,0.16175
30,255,0.9,True,15.253264277843016,0.16175
30,260,0.5,True,5.967099401811926,0.46775
30,260,0.8,True,11.644006175975164,0.46775
30,260,0.9,True,15.414194947529136,0.46775
30,265,0.5,True,6.070099356181435,0.4945
30,265,0.8,True,11.740431232958471,0.4945
30,265,0.9,True,15.602649597517182,0.4945
30,270,0.5,True,6.0590370417044515,0.57975
30,270,0.8,True,11.841124075206523,0.57975
30,270,0.9,True,15.734361006702846,0.57975
30,275,0.5,True,5.754172812940839,0.628
30,275,0.8,True,11.558310140512319,0.628
30,275,0.9,True,15.500743843697041,0.628
30,280,0.5,True,5.808825742209711,0.62775
30,280,0.8,True,11.553262290316123,0.62775
30,280,0.9,True,15.205282191166681,0.62775
30,285,0.5,True,5.56970734116089,0.6065
30,285,0.8,True,10.960044554939618,0.6065
30,285,0.9,True,14.63254345288072,0.6065
30,290,0.5,True,5.549677756835125,0.56225
30,290,0.8,True,11.06968419961536,0.56225
30,290,0.9,True,14.892383714994462,0.56225
30,295,0.5,True,5.429048082585153,0.479
30,295,0.8,True,10.952817005322757,0.479
30,295,0.9,True,14.64925890219908,0.479
30,300,0.5,True,5.696054629781178,0.3685
30,300,0.8,True,11.266085960059824,0.3685
30,300,0.9,True,15.22491135986106,0.3685
30,305,0.5,False,5.514987100973534,0.2275
30,305,0.8,True,10.945738150461759,0.2275
30,305,0.9,True,14.550927505313439,0.2275
30,310,0.5,False,5.408112224834216,0.20475
30,310,0.8,True,11.151755021303767,0.20475
30,310,0.9,True,14.675913608329804,0.20475
30,315,0.5,False,5.325020078745557,0.164
30,315,0.8,True,10.62179995670558,0.164
30,315,0.9,True,14.565540841834125,0.164
30,320,0.5,False,5.189477893833905,0.17875
30,320,0.8,True,10.81469284307708,0.17875
30,320,0.9,True,14.494654559597464,0.17875
30,325,0.5,False,5.305801374474561,0.2345
30,325,0.8,True,10.742115432307763,0.2345
30,325,0.9,True,14.503258297867827,0.2345
30,330,0.5,True,5.26921843527135,0.26275
30,330,0.8,True,10.712788537276197,0.26275
30,330,0.9,True,14.207171158946386,0.26275
30,335,0.5,True,5.1587625736641884,0.3515
30,335,0.8,True,10.520032262129764,0.3515
30,335,0.9,True,14.404292141734487,0.3515
30,340,0.5,True,5.1132521664798425,0.41125
30,340,0.8,True,10.49300227997838,0.41125
30,340,0.9,True,14.291316197241134,0.41125
30,345,0.5,True,5.256886017591067,0.381
30,345,0.8,True,10.609889345962053,0.381
30,345,0.9,True,14.298269441335787,0.381
30,350,0.5,False,5.181655505853011,0.24725
30,350,0.8,True,10.45763904074095,0.24725
30,350,0.9,True,13.612213183355637,0.24725
30,355,0.5,False,4.894428889873881,0.1755
30,355,0.8,True,9.932087107993404,0.1755
30,355,0.9,True,13.463207791340604,0.1755
30,360,0.5,False,5.032842619422517,0.12975
30,360,0.8,True,10.224650171828076,0.12975
30,360,0.9,True,13.909161807607994,0.12975
30,365,0.5,False,4.991753905589191,0.11925
30,365,0.8,True,9.891847815374533,0.11925
30,365,0.9,True,13.574179527516584,0.11925
30,370,0.5,False,4.864837675361255,0.0745
30,370,0.8,False,9.769507553219348,0.0745
30,370,0.9,True,13.376778330420391,0.0745
30,375,0.5,False,4.900353619182418,0.10925
30,375,0.8,True,9.90720962540843,0.10925
30,375,0.9,True,13.830522543648005,0.10925
30,380,0.5,False,5.010017461352345,0.16725
30,380,0.8,True,9.920739221118978,0.16725
30,380,0.9,True,13.405119348484739,0.16725
30,385,0.5,False,5.02688249218719,0.216
30,385,0.8,True,9.973381429095717,0.216
30,385,0.9,True,13.695417870042181,0.216
30,390,0.5,False,4.726818514064557,0.24825
30,390,0.8,True,9.59064286789415,0.24825
30,390,0.9,True,13.288185691667408,0.24825
30,395,0.5,True,4.835494508006377,0.26625
30,395,0.8,True,9.900942345401663,0.26625
30,395,0.9,True,13.503295980014585,0.26625
30,400,0.5,False,4.836486836208942,0.21375
30,400,0.8,True,9.725888175756703,0.21375
30,400,0.9,True,12.994478971246837,0.21375
30,405,0.5,False,4.821587244566139,0.22875
30,405,0.8,True,9.540329127014058,0.22875
30,405,0.9,True,13.078619013108161,0.22875
30,410,0.5,True,4.827941747540576,0.2825
30,410,0.8,True,9.84509493397323,0.2825
30,410,0.9,True,13.448572308231444,0.2825
30,415,0.5,False,4.809483315758367,0.2365
30,415,0.8,True,9.811839215436425,0.2365
30,415,0.9,True,13.228647260846538,0.2365
30,420,0.5,True,4.70001811279539,0.2785
30,420,0.8,True,9.457180662900733,0.2785
30,420,0.9,True,12.970505997491411,0.2785
30,425,0.5,True,4.874145132133179,0.27275
30,425,0.8,True,9.760108400285539,0.27275
30,425,0.9,True,13.37634143996218,0.27275
30,430,0.5,True,4.659824470716667,0.57875
30,430,0.8,True,9.590499562756793,0.57875
30,430,0.9,True,13.379489101171638,0.57875
30,435,0.5,True,4.719552842283559,0.56225
30,435,0.8,True,9.429940917576651,0.56225
30,435,0.9,True,12.876694876868488,0.56225
30,440,0.5,True,4.780410740343033,0.509
30,440,0.8,True,9.660424129821354,0.509
30,440,0.9,True,13.524538646502183,0.509
30,445,0.5,True,4.711407446146687,0.69475
30,445,0.8,True,9.263554634723214,0.69475
30,445,0.9,True,12.456867055211207,0.69475
30,450,0.5,False,4.62707861169287,0.7835
30,450,0.8,True,9.159223877298995,0.7835
30,450,0.9,True,12.456176800676966,0.7835
30,455,0.5,False,4.5407001663389845,0.89
30,455,0.8,True,8.971652629518601,0.89
30,455,0.9,True,12.39366686770702,0.89
30,460,0.5,False,4.466587041831338,0.88525
30,460,0.8,True,9.341123893483694,0.88525
30,460,0.9,True,13.011775763259138,0.88525
30,465,0.5,False,4.516559800462683,0.93175
30,465,0.8,False,8.899905662121066,0.93175
30,465,0.9,True,12.12325830339207,0.93175
30,470,0.5,False,4.456703074299018,0.96225
30,470,0.8,False,8.746500181734419,0.96225
30,470,0.9,False,12.089009135431628,0.96225
30,475,0.5,False,4.4226954658327156,0.919
30,475,0.8,False,9.031632310016423,0.919
30,475,0.9,True,12.650119591292253,0.919
30,480,0.5,False,4.531905703004324,0.833
30,480,0.8,True,9.07045037752412,0.833
30,480,0.9,True,12.192170338534902,0.833
30,485,0.5,False,4.312862677875606,0.824
30,485,0.8,True,8.809272609745978,0.824
30,485,0.9,True,11.91641388219875,0.824
30,490,0.5,False,4.434458010163955,0.75225
30,490,0.8,True,9.03826934028138,0.75225
30,490,0.9,True,12.495612626226539,0.75225
30,495,0.5,True,4.45770708532236,0.7185
30,495,0.8,True,8.87530678019115,0.7185
30,495,0.9,True,11.881450153877893,0.7185
30,500,0.5,True,4.573452435713277,0.707
30,500,0.8,True,9.218935498780523,0.707
30,500,0.9,True,12.636471475840905,0.707
30,505,0.5,False,4.5804336657867095,0.77
30,505,0.8,True,9.281642241046196,0.77
30,505,0.9,True,12.73553298918555,0.77
30,510,0.5,False,4.523559202972405,0.90075
30,510,0.8,False,8.978447021262493,0.90075
30,510,0.9,True,11.948666862408896,0.90075
30,515,0.5,False,4.544405696543041,0.96225
30,515,0.8,False,8.962759185195868,0.96225
30,515,0.9,False,12.52761930002304,0.96225
30,520,0.5,False,4.505087154036147,0.9795
30,520,0.8,False,8.860520645276203,0.9795
30,520,0.9,False,12.13187155023785,0.9795
30,525,0.5,False,4.310343141162809,0.97225
30,525,0.8,False,8.95737560870109,0.97225
30,525,0.9,False,12.35297971713678,0.97225
30,530,0.5,False,4.475485911310151,0.975
30,530,0.8,False,8.863234925944807,0.975
30,530,0.9,False,12.173331285097987,0.975
30,535,0.5,False,4.253140698768432,0.98275
30,535,0.8,False,8.740730532373009,0.98275
30,535,0.9,False,11.752902886546446,0.98275
30,540,0.5,False,4.373234880423582,0.9705
30,540,0.8,False,8.711091714644127,0.9705
30,540,0.9,False,11.85836059133598,0.9705
30,545,0.5,False,4.3970067262081525,0.905
30,545,0.8,False,9.01144594058534,0.905
30,545,0.9,True,12.154171145678138,0.905
30,550,0.5,True,4.465333019915274,0.68775
30,550,0.8,True,9.105682475191434,0.68775
30,550,0.9,True,12.242602263778025,0.68775
30,555,0.5,True,4.489459308283439,0.5835
30,555,0.8,True,9.005250215643223,0.5835
30,555,0.9,True,12.17154169304482,0.5835
30,560,0.5,True,4.435221662280875,0.42975
30,560,0.8,True,8.978906010013809,0.42975
30,560,0.9,True,12.389213968274838,0.42975
30,565,0.5,True,4.406134495810532,0.51925
30,565,0.8,True,8.846190509548201,0.51925
30,565,0.9,True,12.161528787736643,0.51925
30,570,0.5,True,4.40263978673161,0.5295
30,570,0.8,True,8.703826534846314,0.5295
30,570,0.9,True,11.69245784801063,0.5295
30,575,0.5,True,4.525350670607264,0.6345
30,575,0.8,True,8.86822598611654,0.6345
30,575,0.9,True,11.643411057339193,0.6345
30,580,0.5,True,4.521389730297654,0.653
30,580,0.8,True,8.999928161820293,0.653
30,580,0.9,True,12.117100249785228,0.653
30,585,0.5,True,4.3656607603409725,0.55175
30,585,0.8,True,8.817425729604821,0.55175
30,585,0.9,True,11.7143653210936,0.55175
30,590,0.5,True,4.406125150479667,0.386
30,590,0.8,True,8.720111484267123,0.386
30,590,0.9,True,12.170245421830671,0.386
30,595,0.5,False,4.425147224503401,0.12125
30,595,0.8,True,8.547553214971582,0.12125
30,595,0.9,True,11.541010943278241,0.12125
30,600,0.5,False,4.535988739805874,0.0265
30,600,0.8,False,8.854907593346372,0.0265
30,600,0.9,False,11.687157020637894,0.0265
30,605,0.5,False,4.261298633254906,0.04275
30,605,0.8,False,8.701401865717528,0.04275
30,605,0.9,False,11.562024571712026,0.04275
30,610,0.5,False,4.3587412945770065,0.0355
30,610,0.8,False,8.769717939650823,0.0355
30,610,0.9,False,11.425751695854004,0.0355
30,615,0.5,False,4.311086194748559,0.03725
30,615,0.8,False,8.627918439952609,0.03725
30,615,0.9,False,11.546864522631651,0.03725
30,620,0.5,False,4.380633280043833,0.1045
30,620,0.8,True,8.75185603372277,0.1045
30,620,0.9,True,11.690941952773116,0.1045
30,625,0.5,False,4.533690622710007,0.231
30,625,0.8,True,8.84723581164517,0.231
30,625,0.9,True,11.734864007989042,0.231
30,630,0.5,True,4.367525245145476,0.524
30,630,0.8,True,8.912175954032818,0.524
30,630,0.9,True,12.065059977694247,0.524
30,635,0.5,True,4.386826872906591,0.27825
30,635,0.8,True,9.041079206117807,0.27825
30,635,0.9,True,12.202619743733756,0.27825
30,640,0.5,True,4.623621525037547,0.4245
30,640,0.8,True,8.950400986816142,0.4245
30,640,0.9,True,11.991801880921393,0.4245
30,645,0.5,True,4.4870023026925665,0.5765
30,645,0.8,True,9.077379790237728,0.5765
30,645,0.9,True,12.080358940945901,0.5765
30,650,0.5,True,4.526053426971477,0.488
30,650,0.8,True,8.794693086750494,0.488
30,650,0.9,True,11.75324171980452,0.488
30,655,0.5,True,4.620472115038754,0.434
30,655,0.8,True,8.910345890153737,0.434
30,655,0.9,True,11.851690017725458,0.434
30,660,0.5,True,4.365351713077659,0.3755
30,660,0.8,True,8.96248465595193,0.3755
30,660,0.9,True,12.301601121183548,0.3755
30,665,0.5,True,4.4553339181236495,0.30825
30,665,0.8,True,8.677687258846811,0.30825
30,665,0.9,True,11.773446143236521,0.30825
30,670,0.5,False,4.441820098207527,0.14775
30,670,0.8,True,8.764056217268767,0.14775
30,670,0.9,True,11.726977270669291,0.14775
30,675,0.5,False,4.365068562700269,0.14575
30,675,0.8,True,8.704915590363793,0.14575
30,675,0.9,True,11.722370872544596,0.14575
30,680,0.5,False,4.420948225333254,0.1895
30,680,0.8,True,8.553004474656722,0.1895
30,680,0.9,True,11.58321860333107,0.1895
30,685,0.5,False,4.355201460202451,0.2295
30,685,0.8,True,8.634163058146903,0.2295
30,685,0.9,True,11.769614458812239,0.2295
30,690,0.5,True,4.237382874686979,0.3775
30,690,0.8,True,8.607155949555278,0.3775
30,690,0.9,True,11.454407880216921,0.3775
30,695,0.5,True,4.272839745576973,0.47675
30,695,0.8,True,8.65231302495333,0.47675
30,695,0.9,True,11.55832126036318,0.47675
30,700,0.5,True,4.1982785809145495,0.7315
30,700,0.8,True,8.475852611758539,0.7315
30,700,0.9,True,11.442581230971083,0.7315
30,705,0.5,True,4.200375440022852,0.70425
30,705,0.8,True,8.326313040501955,0.70425
30,705,0.9,True,11.282482536819716,0.70425
30,710,0.5,True,4.382371571628774,0.4895
30,710,0.8,True,8.615780992300648,0.4895
30,710,0.9,True,11.504618117821686,0.4895
30,715,0.5,True,4.183749670132997,0.4655
30,715,0.8,True,8.469130671611303,0.4655
30,715,0.9,True,11.392349890411225,0.4655
30,720,0.5,True,4.277010691676519,0.2995
30,720,0.8,True,8.41955415414608,0.2995
30,720,0.9,True,11.081199336504998,0.2995
30,725,0.5,False,4.3313819098201645,0.2285
30,725,0.8,True,8.302719797443348,0.2285
30,725,0.9,True,11.452183294085106,0.2285
30,730,0.5,True,4.279501609940906,0.25475
30,730,0.8,True,8.536351642294115,0.25475
30,730,0.9,True,11.3525969975518,0.25475
30,735,0.5,False,4.03970352496783,0.24325
30,735,0.8,True,8.296003011665952,0.24325
30,735,0.9,True,11.1436842963486,0.24325
30,740,0.5,True,4.207500601976211,0.461
30,740,0.8,True,8.340310217060654,0.461
30,740,0.9,True,10.983316982002433,0.461
30,745,0.5,True,4.244335547652067,0.4665
30,745,0.8,True,8.71144545996514,0.4665
30,745,0.9,True,11.672441796374077,0.4665
30,750,0.5,True,4.3383697061947,0.6185
30,750,0.8,True,8.528719997818989,0.6185
30,750,0.9,True,11.233852137025991,0.6185
30,755,0.5,True,4.0602106340461575,0.66725
30,755,0.8,True,8.152809515150828,0.66725
30,755,0.9,True,11.104893512002235,0.66725
30,760,0.5,True,4.057669638019501,0.38475
30,760,0.8,True,8.3638588703149,0.38475
30,760,0.9,True,11.507463069829193,0.38475
30,765,0.5,True,4.287631717996998,0.27225
30,765,0.8,True,8.426629829972931,0.27225
30,765,0.9,True,11.401897778894021,0.27225
30,770,0.5,True,4.164920880074452,0.26275
30,770,0.8,True,8.21076085422634,0.26275
30,770,0.9,True,11.049361700279814,0.26275
30,775,0.5,True,4.090196866691809,0.665
30,775,0.8,True,8.261090418775874,0.665
30,775,0.9,True,11.017279074071084,0.665
30,780,0.5,True,4.041362274114224,0.576
30,780,0.8,True,8.307749400827458,0.576
30,780,0.9,True,11.335958387233912,0.576
30,785,0.5,True,4.064927864482004,0.5565
30,785,0.8,True,7.998897539740235,0.5565
30,785,0.9,True,10.96303654560462,0.5565
30,790,0.5,True,4.04915355737796,0.68775
30,790,0.8,True,8.209755946424547,0.68775
30,790,0.9,True,10.848057712658576,0.68775
30,795,0.5,False,4.144085100923234,0.88225
30,795,0.8,True,8.390537419515853,0.88225
30,795,0.9,True,11.431510011987278,0.88225
30,800,0.5,False,4.115623926609646,0.90975
30,800,0.8,False,8.337110046319118,0.90975
30,800,0.9,True,11.041032591456744,0.90975
30,805,0.5,False,4.082446121914951,0.7795
30,805,0.8,True,8.056115687466715,0.7795
30,805,0.9,True,10.800377945965378,0.7795
30,810,0.5,False,4.07646060706659,0.89975
30,810,0.8,True,8.16232318852359,0.89975
30,810,0.9,True,11.047934941764792,0.89975
91,180,0.5,True,11.879805797664279,0.33975
91,180,0.8,True,23.313368292980073,0.33975
91,180,0.9,True,30.85544578716519,0.33975
91,185,0.5,True,11.869202205426866,0.28325
91,185,0.8,True,24.245311581193143,0.28325
91,185,0.9,True,32.59634471047492,0.28325
91,190,0.5,False,12.22528686649531,0.173
91,190,0.8,True,24.016703199505706,0.173
91,190,0.9,True,31.52486208854488,0.173
91,195,0.5,False,11.624916609874658,0.16575
91,195,0.8,True,23.86446545906169,0.16575
91,195,0.9,True,31.78298446932417,0.16575
91,200,0.5,True,11.71868806836256,0.2595
91,200,0.8,True,23.606428971498627,0.2595
91,200,0.9,True,31.48111603804029,0.2595
91,205,0.5,True,11.664467316396166,0.26
91,205,0.8,True,23.32550550892605,0.26
91,205,0.9,True,30.87992654507039,0.26
91,210,0.5,True,11.802840806876059,0.31125
91,210,0.8,True,23.26679328895851,0.31125
91,210,0.9,True,31.06861762186859,0.31125
91,215,0.5,True,11.722166974735849,0.29425
91,215,0.8,True,22.9982163995184,0.29425
91,215,0.9,True,30.462631609241786,0.29425
91,220,0.5,True,11.559011128226548,0.3385
91,220,0.8,True,22.675676449795578,0.3385
91,220,0.9,True,30.50056623628583,0.3385
91,225,0.5,True,11.61356046869033,0.306
91,225,0.8,True,23.07600717296325,0.306
91,225,0.9,True,30.55548956021765,0.306
91,230,0.5,False,11.241428914179629,0.21025
91,230,0.8,True,22.294733255470067,0.21025
91,230,0.9,True,28.858386844663862,0.21025
91,235,0.5,False,11.126029088683964,0.215
91,235,0.8,True,22.176085834783656,0.215
91,235,0.9,True,29.069780705922742,0.215
91,240,0.5,False,10.868500259450652,0.2045
91,240,0.8,True,21.51655570369526,0.2045
91,240,0.9,True,28.697368964273885,0.2045
91,245,0.5,False,11.099901447699324,0.16525
91,245,0.8,True,22.44880116965431,0.16525
91,245,0.9,True,29.878959398661674,0.16525
91,250,0.5,False,10.520607165902751,0.19475
91,250,0.8,True,21.616314999063135,0.19475
91,250,0.9,True,28.605239274355256,0.19475
91,255,0.5,False,10.4543063294259,0.18575
91,255,0.8,True,20.67778919271106,0.18575
91,255,0.9,True,27.55510241363055,0.18575
91,260,0.5,True,10.278758653448206,0.31275
91,260,0.8,True,20.84086252130286,0.31275
91,260,0.9,True,28.309771704358443,0.31275
91,265,0.5,True,10.957693860816242,0.346
91,265,0.8,True,22.426259964465743,0.346
91,265,0.9,True,28.763792875509676,0.346
91,270,0.5,True,10.792340256042587,0.39275
91,270,0.8,True,21.641757891346124,0.39275
91,270,0.9,True,29.010644113221584,0.39275
91,275,0.5,True,10.418199352909063,0.34125
91,275,0.8,True,21.211642834536313,0.34125
91,275,0.9,True,28.446927200618344,0.34125
91,280,0.5,True,10.533079661178757,0.35475
91,280,0.8,True,21.090725860047765,0.35475
91,280,0.9,True,28.002064802916536,0.35475
91,285,0.5,True,10.550823089660488,0.289
91,285,0.8,True,20.839341561274072,0.289
91,285,0.9,True,27.65201202936627,0.289
91,290,0.5,False,10.346929220891399,0.233
91,290,0.8,True,21.173505547568805,0.233
91,290,0.9,True,27.95631137371202,0.233
91,295,0.5,False,10.310642912471902,0.19325
91,295,0.8,True,21.017017358729937,0.19325
91,295,0.9,True,27.676057853072965,0.19325
91,300,0.5,False,10.206753955727299,0.12575
91,300,0.8,True,20.650322003096665,0.12575
91,300,0.9,True,27.50653143830697,0.12575
91,305,0.5,False,10.147860357723326,0.143
91,305,0.8,True,20.369251227534146,0.143
91,305,0.9,True,27.151871736690314,0.143
91,310,0.5,False,10.207260032892119,0.104
91,310,0.8,True,20.525943455482086,0.104
91,310,0.9,True,27.133650855144253,0.104
91,315,0.5,False,10.053550346113216,0.09975
91,315,0.8,False,20.131713741408785,0.09975
91,315,0.9,True,27.24885915978095,0.09975
91,320,0.5,False,9.90612392915715,0.0875
91,320,0.8,False,19.490441298846363,0.0875
91,320,0.9,True,25.659692886273522,0.0875
91,325,0.5,False,9.884363006427122,0.088
91,325,0.8,False,19.183746362874455,0.088
91,325,0.9,True,25.283575748144372,0.088
91,330,0.5,False,9.968636791572916,0.101
91,330,0.8,True,19.438496934741,0.101
91,330,0.9,True,25.16164638963103,0.101
91,335,0.5,False,9.608109145867317,0.118
91,335,0.8,True,19.083131694650834,0.118
91,335,0.9,True,25.91291216438707,0.118
91,340,0.5,False,9.65868294657739,0.10425
91,340,0.8,True,19.149765300308164,0.10425
91,340,0.9,True,25.441982985036525,0.10425
91,345,0.5,False,9.701514403895128,0.137
91,345,0.8,True,19.298607595792273,0.137
91,345,0.9,True,25.621911370352855,0.137
91,350,0.5,False,9.487474223905057,0.118
91,350,0.8,True,18.8686352465917,0.118
91,350,0.9,True,25.114155467881872,0.118
91,355,0.5,False,9.39896105322573,0.09975
91,355,0.8,False,18.44569315713094,0.09975
91,355,0.9,True,24.821187791646416,0.09975
91,360,0.5,False,9.55280266037073,0.1275
91,360,0.8,True,19.002023943556345,0.1275
91,360,0.9,True,25.21333364853269,0.1275
91,365,0.5,False,9.348176037187539,0.108
91,365,0.8,True,18.978885307018256,0.108
91,365,0.9,True,24.81249730457218,0.108
91,370,0.5,False,9.31163309245424,0.1135
91,370,0.8,True,18.401107140706195,0.1135
91,370,0.9,True,24.080705142757264,0.1135
91,375,0.5,False,9.16277993173833,0.15875
91,375,0.8,True,18.410245453947137,0.15875
91,375,0.9,True,23.797727432703788,0.15875
91,380,0.5,False,8.820384007108695,0.194
91,380,0.8,True,18.071702164572745,0.194
91,380,0.9,True,24.255584057376378,0.194
91,385,0.5,True,8.951370896775913,0.2885
91,385,0.8,True,18.045414668156788,0.2885
91,385,0.9,True,23.737805926595712,0.2885
91,390,0.5,True,9.082222011980745,0.37425
91,390,0.8,True,17.819775175728214,0.37425
91,390,0.9,True,23.836415800991027,0.37425
91,395,0.5,True,9.269652694205233,0.508
91,395,0.8,True,18.261717012358947,0.508
91,395,0.9,True,24.572838477073876,0.508
91,400,0.5,True,8.870012149981509,0.6305
91,400,0.8,True,18.1087556434278,0.6305
91,400,0.9,True,24.173092947440743,0.6305
91,405,0.5,True,8.79048271863423,0.67825
91,405,0.8,True,17.902178505653097,0.67825
91,405,0.9,True,24.014725488354884,0.67825
91,410,0.5,True,8.891786789407096,0.747
91,410,0.8,True,18.244283489620152,0.747
91,410,0.9,True,23.98543182281476,0.747
91,415,0.5,True,9.09601347092801,0.7265
91,415,0.8,True,17.790238283675585,0.7265
91,415,0.9,True,23.8399069948092,0.7265
91,420,0.5,True,8.75139692151321,0.73725
91,420,0.8,True,17.873297569604052,0.73725
91,420,0.9,True,22.872310989467557,0.73725
91,425,0.5,False,8.633326191076819,0.7775
91,425,0.8,True,17.275262833041282,0.7775
91,425,0.9,True,22.781534129123294,0.7775
91,430,0.5,False,8.949379163430038,0.87275
91,430,0.8,True,17.75607323592474,0.87275
91,430,0.9,True,23.680118427962384,0.87275
91,435,0.5,False,9.084407476747124,0.8765
91,435,0.8,True,18.25565557657658,0.8765
91,435,0.9,True,23.794349055353248,0.8765
91,440,0.5,False,8.635317424461997,0.92025
91,440,0.8,False,16.87262702800252,0.92025
91,440,0.9,True,22.891895763184998,0.92025
91,445,0.5,False,8.484491505527236,0.93875
91,445,0.8,False,17.04738332022726,0.93875
91,445,0.9,True,22.822077182117575,0.93875
91,450,0.5,False,8.626996826812338,0.96325
91,450,0.8,False,17.010211432477828,0.96325
91,450,0.9,False,22.83666551711201,0.96325
91,455,0.5,False,8.860991253252903,0.98125
91,455,0.8,False,17.267577375868214,0.98125
91,455,0.9,False,22.8379541358374,0.98125
91,460,0.5,False,8.399351583002357,0.98675
91,460,0.8,False,17.28474272418934,0.98675
91,460,0.9,False,22.946412147176275,0.98675
91,465,0.5,False,8.295441822076576,0.993
91,465,0.8,False,16.542768722001423,0.993
91,465,0.9,False,21.635661130218466,0.993
91,470,0.5,False,8.324680374466787,0.9905
91,470,0.8,False,16.987962781414147,0.9905
91,470,0.9,False,23.127866413626318,0.9905
91,475,0.5,False,8.392746719780009,0.9935
91,475,0.8,False,16.347317236851232,0.9935
91,475,0.9,False,21.939965714392784,0.9935
91,480,0.5,False,8.4926660059919,0.99325
91,480,0.8,False,16.82712266508095,0.99325
91,480,0.9,False,22.26936271719746,0.99325
91,485,0.5,False,8.489277948469741,0.98925
91,485,0.8,False,16.650084886663596,0.98925
91,485,0.9,False,22.050995146104626,0.98925
91,490,0.5,False,8.469312722238342,0.963
91,490,0.8,False,16.430619707554904,0.963
91,490,0.9,False,21.823193743707847,0.963
91,495,0.5,False,8.293194798323334,0.94325
91,495,0.8,False,16.76931502127057,0.94325
91,495,0.9,True,22.34505408798988,0.94325
91,500,0.5,False,8.066588089401883,0.9375
91,500,0.8,False,16.648070052027464,0.9375
91,500,0.9,True,22.969060336804592,0.9375
91,505,0.5,False,8.315968198096503,0.95625
91,505,0.8,False,16.923270071132123,0.95625
91,505,0.9,False,22.43733991268375,0.95625
91,510,0.5,False,8.590587352395485,0.9735
91,510,0.8,False,16.854015275738643,0.9735
91,510,0.9,False,22.48334539855794,0.9735
91,515,0.5,False,8.131706873230904,0.9735
91,515,0.8,False,16.582568678860188,0.9735
91,515,0.9,False,21.668982601567045,0.9735
91,520,0.5,False,8.262019910863327,0.9585
91,520,0.8,False,16.598603085914874,0.9585
91,520,0.9,False,21.91873084493561,0.9585
91,525,0.5,False,7.897747538493682,0.92075
91,525,0.8,False,16.541116933249622,0.92075
91,525,0.9,True,21.57373118196415,0.92075
91,530,0.5,False,8.234375812761453,0.83775
91,530,0.8,True,16.771538577252223,0.83775
91,530,0.9,True,22.140548821153526,0.83775
91,535,0.5,True,8.201071657506432,0.70725
91,535,0.8,True,16.351073140645276,0.70725
91,535,0.9,True,21.629017587104137,0.70725
91,540,0.5,True,8.299321833577867,0.52225
91,540,0.8,True,16.632504176252482,0.52225
91,540,0.9,True,22.15640051468728,0.52225
91,545,0.5,True,7.973429404923116,0.477
91,545,0.8,True,15.895455364349509,0.477
91,545,0.9,True,21.493978938889292,0.477
91,550,0.5,True,8.173952458432865,0.30375
91,550,0.8,True,16.358203166802387,0.30375
91,550,0.9,True,21.85432447955007,0.30375
91,555,0.5,False,8.1601524871584,0.2
91,555,0.8,True,16.574214892759343,0.2
91,555,0.9,True,22.179184662395347,0.2
91,560,0.5,False,8.26282812420176,0.19175
91,560,0.8,True,16.33548664431501,0.19175
91,560,0.9,True,22.037782030914443,0.19175
91,565,0.5,False,8.226395527040742,0.15775
91,565,0.8,True,16.345385701287075,0.15775
91,565,0.9,True,21.97429283264203,0.15775
91,570,0.5,False,8.285331701038645,0.128
91,570,0.8,True,16.732084399870793,0.128
91,570,0.9,True,21.84344065033388,0.128
91,575,0.5,False,8.24080741940345,0.11625
91,575,0.8,True,16.095744456121786,0.11625
91,575,0.9,True,21.653248489516088,0.11625
91,580,0.5,False,8.188780255716189,0.1835
91,580,0.8,True,16.304872461042596,0.1835
91,580,0.9,True,21.444901004422334,0.1835
91,585,0.5,False,8.312106452124812,0.20625
91,585,0.8,True,16.477805298860737,0.20625
91,585,0.9,True,21.7316120039704,0.20625
91,590,0.5,False,8.080836622887656,0.1885
91,590,0.8,True,16.11250826569075,0.1885
91,590,0.9,True,21.288480246202113,0.1885
91,595,0.5,False,8.118808294030666,0.12725
91,595,0.8,True,16.3507331045319,0.12725
91,595,0.9,True,21.782883109393335,0.12725
91,600,0.5,False,8.009533748189291,0.0685
91,600,0.8,False,16.009575230611194,0.0685
91,600,0.9,True,21.478386733084555,0.0685
91,605,0.5,False,7.930131209010871,0.05325
91,605,0.8,False,15.817085596192593,0.05325
91,605,0.9,True,21.78041062220515,0.05325
91,610,0.5,False,7.825481445793248,0.044
91,610,0.8,False,16.074198561225895,0.044
91,610,0.9,False,20.948527268493365,0.044
91,615,0.5,False,7.944364232352985,0.0565
91,615,0.8,False,16.03155484512935,0.0565
91,615,0.9,True,21.383375111909775,0.0565
91,620,0.5,False,8.011522004298444,0.113
91,620,0.8,True,16.03822451954533,0.113
91,620,0.9,True,21.402903320070465,0.113
91,625,0.5,False,8.231094936488415,0.1765
91,625,0.8,True,16.09256943166597,0.1765
91,625,0.9,True,21.692825455853672,0.1765
91,630,0.5,True,8.0745364095397,0.36125
91,630,0.8,True,16.277860944802125,0.36125
91,630,0.9,True,20.956295181931118,0.36125
91,635,0.5,True,8.183411530285479,0.2895
91,635,0.8,True,16.755544617500263,0.2895
91,635,0.9,True,21.95726133957654,0.2895
91,640,0.5,True,8.27976800823864,0.3895
91,640,0.8,True,16.32008229684414,0.3895
91,640,0.9,True,21.730392589625993,0.3895
91,645,0.5,True,8.326137885564421,0.43575
91,645,0.8,True,16.32250177769261,0.43575
91,645,0.9,True,21.8703073979281,0.43575
91,650,0.5,True,8.449614745466638,0.3015
91,650,0.8,True,16.533258663796758,0.3015
91,650,0.9,True,22.122566690558166,0.3015
91,655,0.5,True,7.9372682519064375,0.27825
91,655,0.8,True,16.489314790384025,0.27825
91,655,0.9,True,21.542604960897084,0.27825
91,660,0.5,True,8.18329343800035,0.26875
91,660,0.8,True,16.28097915348745,0.26875
91,660,0.9,True,21.30509800543523,0.26875
91,665,0.5,True,8.485597304235393,0.26125
91,665,0.8,True,16.409111869232373,0.26125
91,665,0.9,True,21.44921514297382,0.26125
91,670,0.5,True,8.015164520995732,0.2875
91,670,0.8,True,15.821550303773568,0.2875
91,670,0.9,True,20.685879735510436,0.2875
91,675,0.5,False,7.946565884176082,0.2465
91,675,0.8,True,16.06230172695149,0.2465
91,675,0.9,True,21.34191444207696,0.2465
91,680,0.5,True,8.236095133082411,0.28475
91,680,0.8,True,16.02431473437187,0.28475
91,680,0.9,True,21.410320692395835,0.28475
91,685,0.5,True,7.9860805179460925,0.30775
91,685,0.8,True,15.683465013591968,0.30775
91,685,0.9,True,20.839706031056448,0.30775
91,690,0.5,True,7.867393701045833,0.38875
91,690,0.8,True,15.843659733629355,0.38875
91,690,0.9,True,20.806017198289027,0.38875
91,695,0.5,True,7.742603726367014,0.416
91,695,0.8,True,15.606971142116866,0.416
91,695,0.9,True,21.022993449330897,0.416
91,700,0.5,True,8.062803573279332,0.381
91,700,0.8,True,16.117314604043397,0.381
91,700,0.9,True,21.153566281791036,0.381
91,705,0.5,True,7.946616446416521,0.349
91,705,0.8,True,16.036063927619892,0.349
91,705,0.9,True,21.05519649755223,0.349
91,710,0.5,True,8.108099346206066,0.36875
91,710,0.8,True,16.254324026194823,0.36875
91,710,0.9,True,21.166422456209833,0.36875
91,715,0.5,True,7.98774263979094,0.54775
91,715,0.8,True,15.989302577799801,0.54775
91,715,0.9,True,20.843598767229455,0.54775
91,720,0.5,True,7.880929254256408,0.47925
91,720,0.8,True,15.865584205096873,0.47925
91,720,0.9,True,20.43047324401659,0.47925
91,725,0.5,True,8.259466668778547,0.4525
91,725,0.8,True,16.0759366059674,0.4525
91,725,0.9,True,21.00443082408634,0.4525
91,730,0.5,True,7.825727205938127,0.42025
91,730,0.8,True,15.35541994030436,0.42025
91,730,0.9,True,20.392301085921673,0.42025
91,735,0.5,True,7.831580234392899,0.49525
91,735,0.8,True,15.434362150495673,0.49525
91,735,0.9,True,20.178412303614213,0.49525
91,740,0.5,True,7.800544606865301,0.6145
91,740,0.8,True,15.33290868467847,0.6145
91,740,0.9,True,20.252604522383734,0.6145
91,745,0.5,True,7.538011554191182,0.74275
91,745,0.8,True,15.197786267510427,0.74275
91,745,0.9,True,20.41132491992761,0.74275
91,750,0.5,False,7.8092224129932,0.86
91,750,0.8,True,15.237612163147297,0.86
91,750,0.9,True,20.60657398775312,0.86
182,180,0.5,True,17.22487908575221,0.299
182,180,0.8,True,36.27457865964705,0.299
182,180,0.9,True,48.60770156691079,0.299
182,185,0.5,False,17.24219503115063,0.24625
182,185,0.8,True,36.05235523519112,0.24625
182,185,0.9,True,48.44191432646738,0.24625
182,190,0.5,False,17.295737825596945,0.1615
182,190,0.8,True,35.31974274636129,0.1615
182,190,0.9,True,47.66534087775853,0.1615
182,195,0.5,False,17.53269888787996,0.118
182,195,0.8,True,35.51643616706417,0.118
182,195,0.9,True,47.59401347684295,0.118
182,200,0.5,False,17.050983499232352,0.147
182,200,0.8,True,33.93964492346129,0.147
182,200,0.9,True,46.08684335419131,0.147
182,205,0.5,False,17.422932397904333,0.128
182,205,0.8,True,35.06819295832262,0.128
182,205,0.9,True,47.71236688145706,0.128
182,210,0.5,False,17.244789059758325,0.10625
182,210,0.8,True,34.588953512761364,0.10625
182,210,0.9,True,46.79010012977363,0.10625
182,215,0.5,False,16.796593680121962,0.13325
182,215,0.8,True,35.589970939029584,0.13325
182,215,0.9,True,47.06835061660144,0.13325
182,220,0.5,False,16.34007826514057,0.12075
182,220,0.8,True,34.24056914689453,0.12075
182,220,0.9,True,45.524831112106924,0.12075
182,225,0.5,False,17.1135113289578,0.104
182,225,0.8,True,33.3349517394103,0.104
182,225,0.9,True,44.32980926892096,0.104
182,230,0.5,False,16.14011297114415,0.06575
182,230,0.8,False,32.369020974574106,0.06575
182,230,0.9,True,43.90713162368407,0.06575
182,235,0.5,False,16.75717352198578,0.06775
182,235,0.8,False,33.50447538782755,0.06775
182,235,0.9,True,44.0496794634615,0.06775
182,240,0.5,False,15.628614890347968,0.06925
182,240,0.8,False,33.038630597571085,0.06925
182,240,0.9,True,43.803242380365305,0.06925
182,245,0.5,False,16.00733738790985,0.0575
182,245,0.8,False,32.06053814761323,0.0575
182,245,0.9,True,43.19304507480699,0.0575
182,250,0.5,False,14.910133139682213,0.07375
182,250,0.8,False,31.8493239372976,0.07375
182,250,0.9,True,42.59587787788648,0.07375
182,255,0.5,False,15.089366893850187,0.08025
182,255,0.8,False,31.95975017639747,0.08025
182,255,0.9,True,43.01779657330989,0.08025
182,260,0.5,False,15.615780160605919,0.109
182,260,0.8,True,31.334018187341695,0.109
182,260,0.9,True,41.404951465176396,0.109
182,265,0.5,False,16.030896410193463,0.139
182,265,0.8,True,31.911291689929033,0.139
182,265,0.9,True,43.282757509294,0.139
182,270,0.5,False,16.169647126657892,0.16475
182,270,0.8,True,32.665290740823224,0.16475
182,270,0.9,True,42.29176221009337,0.16475
182,275,0.5,False,16.05009723553561,0.1605
182,275,0.8,True,32.320182178031295,0.1605
182,275,0.9,True,41.918706008912295,0.1605
182,280,0.5,False,15.344345203400046,0.166
182,280,0.8,True,30.903203919101706,0.166
182,280,0.9,True,41.59126850733945,0.166
182,285,0.5,False,15.686282304000954,0.17075
182,285,0.8,True,31.041879071851785,0.17075
182,285,0.9,True,42.13603233721772,0.17075
182,290,0.5,False,15.477030111909817,0.18075
182,290,0.8,True,31.571985671681823,0.18075
182,290,0.9,True,41.92463462675873,0.18075
182,295,0.5,False,14.625079955864372,0.17925
182,295,0.8,True,30.16960904543886,0.17925
182,295,0.9,True,40.204274873291965,0.17925
182,300,0.5,False,14.701752142672152,0.19025
182,300,0.8,True,30.176928604108987,0.19025
182,300,0.9,True,40.299296393556894,0.19025
182,305,0.5,False,15.158597349097658,0.2115
182,305,0.8,True,29.963726263868494,0.2115
182,305,0.9,True,39.703786363837914,0.2115
182,310,0.5,False,14.506699793070265,0.221
182,310,0.8,True,30.053998617152256,0.221
182,310,0.9,True,39.86194184639902,0.221
182,315,0.5,False,14.313817423473175,0.237
182,315,0.8,True,29.464832264392204,0.237
182,315,0.9,True,38.2484205306296,0.237
182,320,0.5,True,14.13736428008101,0.2755
182,320,0.8,True,29.648953398489162,0.2755
182,320,0.9,True,39.089930755050275,0.2755
182,325,0.5,True,13.987574327125142,0.27625
182,325,0.8,True,28.764793401919263,0.27625
182,325,0.9,True,38.86867113318899,0.27625
182,330,0.5,True,14.132697287236983,0.2975
182,330,0.8,True,28.573750039204526,0.2975
182,330,0.9,True,37.69524543361924,0.2975
182,335,0.5,True,13.412688204083967,0.31825
182,335,0.8,True,28.5371616272839,0.31825
182,335,0.9,True,37.92792902068416,0.31825
182,340,0.5,True,13.709175437675448,0.4215
182,340,0.8,True,28.17957919578662,0.4215
182,340,0.9,True,37.55644840152035,0.4215
182,345,0.5,True,13.680358045552431,0.46775
182,345,0.8,True,28.751304613485384,0.46775
182,345,0.9,True,37.919086919062295,0.46775
182,350,0.5,True,13.944796076978028,0.4855
182,350,0.8,True,28.07179362277803,0.4855
182,350,0.9,True,37.244082776606,0.4855
182,355,0.5,True,13.558675055074087,0.52675
182,355,0.8,True,27.022190593827045,0.52675
182,355,0.9,True,36.43146973045779,0.52675
182,360,0.5,True,14.446098664560235,0.603
182,360,0.8,True,28.251358210011347,0.603
182,360,0.9,True,38.51594501062363,0.603
182,365,0.5,True,13.237262870708989,0.66375
182,365,0.8,True,27.460219507785165,0.66375
182,365,0.9,True,36.07299697077912,0.66375
182,370,0.5,True,13.450854782101484,0.73025
182,370,0.8,True,27.739346663403186,0.73025
182,370,0.9,True,36.969461116469525,0.73025
182,375,0.5,False,13.091516121279877,0.7935
182,375,0.8,True,27.23200059963218,0.7935
182,375,0.9,True,36.998313129269356,0.7935
182,380,0.5,False,13.192589097690611,0.828
182,380,0.8,True,27.183170044320427,0.828
182,380,0.9,True,35.409239121306115,0.828
182,385,0.5,False,12.973612225503771,0.878
182,385,0.8,True,27.469044648364616,0.878
182,385,0.9,True,36.46267009507884,0.878
182,390,0.5,False,13.118624274049818,0.9155
182,390,0.8,False,26.459105931049386,0.9155
182,390,0.9,True,35.26327822145334,0.9155
182,395,0.5,False,13.446408564333744,0.9005
182,395,0.8,False,27.75364191097531,0.9005
182,395,0.9,True,36.42455201360757,0.9005
182,400,0.5,False,13.489946704813715,0.907
182,400,0.8,False,26.823937558346,0.907
182,400,0.9,True,36.831922967037215,0.907
182,405,0.5,False,12.966629209710767,0.9075
182,405,0.8,False,26.467662627398482,0.9075
182,405,0.9,True,35.44856329542703,0.9075
182,410,0.5,False,13.001612754982684,0.93925
182,410,0.8,False,26.17088232839837,0.93925
182,410,0.9,True,34.813993095879226,0.93925
182,415,0.5,False,12.963984013857743,0.94475
182,415,0.8,False,26.0908365350053,0.94475
182,415,0.9,True,35.02022166185099,0.94475
182,420,0.5,False,12.93410885582238,0.9565
182,420,0.8,False,25.904112948440904,0.9565
182,420,0.9,False,35.7477362534248,0.9565
182,425,0.5,False,12.392081197140126,0.96725
182,425,0.8,False,25.684492260999537,0.96725
182,425,0.9,False,35.17207592933378,0.96725
182,430,0.5,False,12.932960923301074,0.969
182,430,0.8,False,26.49604619977277,0.969
182,430,0.9,False,35.32741025194963,0.969
182,435,0.5,False,12.55219006291175,0.96
182,435,0.8,False,26.016932716315754,0.96
182,435,0.9,False,34.81634099460269,0.96
182,440,0.5,False,12.626120321045398,0.94
182,440,0.8,False,25.842551393777402,0.94
182,440,0.9,True,34.479496978116295,0.94
182,445,0.5,False,12.343151686927168,0.91025
182,445,0.8,False,25.21612597996161,0.91025
182,445,0.9,True,34.74595067172195,0.91025
182,450,0.5,False,12.432882321433315,0.91725
182,450,0.8,False,25.916425234818785,0.91725
182,450,0.9,True,34.89598430572918,0.91725
182,455,0.5,False,12.631109072666845,0.9315
182,455,0.8,False,25.112041231267,0.9315
182,455,0.9,True,32.849815890186605,0.9315
182,460,0.5,False,12.721361582793623,0.903
182,460,0.8,False,25.21961940046935,0.903
182,460,0.9,True,32.92342024389332,0.903
182,465,0.5,False,12.583121289349375,0.8835
182,465,0.8,True,24.507991959031305,0.8835
182,465,0.9,True,32.27075659262122,0.8835
182,470,0.5,False,12.554210774108409,0.891
182,470,0.8,True,24.913246262274534,0.891
182,470,0.9,True,33.01273786972134,0.891
182,475,0.5,False,12.57535276848294,0.8565
182,475,0.8,True,24.899390463944183,0.8565
182,475,0.9,True,33.407820668436436,0.8565
182,480,0.5,False,12.253164905271841,0.83625
182,480,0.8,True,24.872980674263623,0.83625
182,480,0.9,True,32.9424594861486,0.83625
182,485,0.5,False,12.031553365202917,0.8145
182,485,0.8,True,25.021940290066482,0.8145
182,485,0.9,True,33.047998743967575,0.8145
182,490,0.5,False,12.132594574319299,0.78325
182,490,0.8,True,25.11147653871737,0.78325
182,490,0.9,True,33.5405200647209,0.78325
182,495,0.5,True,12.214620738301175,0.747
182,495,0.8,True,24.61975488234136,0.747
182,495,0.9,True,32.82778557690384,0.747
182,500,0.5,True,11.726712401801187,0.67875
182,500,0.8,True,24.116875319114683,0.67875
182,500,0.9,True,31.95606064134291,0.67875
182,505,0.5,True,12.099598101654863,0.67625
182,505,0.8,True,24.13962952434774,0.67625
182,505,0.9,True,32.149917092663905,0.67625
182,510,0.5,True,12.257938911076227,0.632
182,510,0.8,True,24.168140532573968,0.632
182,510,0.9,True,32.09302445167565,0.632
182,515,0.5,True,12.317464111386144,0.60925
182,515,0.8,True,24.9423959086704,0.60925
182,515,0.9,True,33.3815821436005,0.60925
182,520,0.5,True,12.148431889211796,0.5885
182,520,0.8,True,24.189391315636932,0.5885
182,520,0.9,True,33.14867264571015,0.5885
182,525,0.5,True,12.087696946683856,0.49825
182,525,0.8,True,24.281708663908354,0.49825
182,525,0.9,True,32.46284596287745,0.49825
182,530,0.5,True,12.176356236383157,0.496
182,530,0.8,True,24.297091076826405,0.496
182,530,0.9,True,32.44631612740814,0.496
182,535,0.5,True,11.78900839133059,0.47125
182,535,0.8,True,23.837156408989046,0.47125
182,535,0.9,True,31.81993365492948,0.47125
182,540,0.5,True,11.902286449539945,0.42975
182,540,0.8,True,24.27590999277671,0.42975
182,540,0.9,True,32.185169713464255,0.42975
182,545,0.5,True,12.038726503894747,0.3635
182,545,0.8,True,23.452267651467906,0.3635
182,545,0.9,True,32.12882906277188,0.3635
182,550,0.5,True,12.268407500854096,0.2855
182,550,0.8,True,24.17857391678877,0.2855
182,550,0.9,True,32.78706883482572,0.2855
182,555,0.5,False,11.889404229181455,0.244
182,555,0.8,True,24.427808104827964,0.244
182,555,0.9,True,32.835493831523685,0.244
182,560,0.5,False,12.018647329410491,0.16125
182,560,0.8,True,24.033676689255003,0.16125
182,560,0.9,True,32.60003654831492,0.16125
182,565,0.5,False,12.424887617718472,0.13925
182,565,0.8,True,24.98292483312461,0.13925
182,565,0.9,True,33.72564536663123,0.13925
182,570,0.5,False,12.260888349006006,0.101
182,570,0.8,True,24.03974342640154,0.101
182,570,0.9,True,31.659605587247253,0.101
182,575,0.5,False,12.089057888440614,0.08775
182,575,0.8,False,24.250824438442,0.08775
182,575,0.9,True,33.07347510187051,0.08775
182,580,0.5,False,11.745347275563955,0.128
182,580,0.8,True,24.131116019612264,0.128
182,580,0.9,True,32.18243166890191,0.128
182,585,0.5,False,11.888596067709646,0.1325
182,585,0.8,True,24.257165028827423,0.1325
182,585,0.9,True,32.554664714287405,0.1325
182,590,0.5,False,11.671963667589512,0.1545
182,590,0.8,True,23.62141430669402,0.1545
182,590,0.9,True,32.19840274093588,0.1545
182,595,0.5,False,11.765353081088147,0.11625
182,595,0.8,True,24.239776384562916,0.11625
182,595,0.9,True,31.93893413534523,0.11625
182,600,0.5,False,11.885825510902892,0.11675
182,600,0.8,True,24.40768427978359,0.11675
182,600,0.9,True,31.92379885074963,0.11675
182,605,0.5,False,11.819551156357289,0.07675
182,605,0.8,False,23.658795186073323,0.07675
182,605,0.9,True,30.915061685484147,0.07675
182,610,0.5,False,11.778117086848617,0.053
182,610,0.8,False,23.77021650300517,0.053
182,610,0.9,True,31.311734321815244,0.053
182,615,0.5,False,11.770361381189787,0.0865
182,615,0.8,False,23.60295065151705,0.0865
182,615,0.9,True,31.5531148757324,0.0865
182,620,0.5,False,11.969335289602313,0.1575
182,620,0.8,True,23.94412741134233,0.1575
182,620,0.9,True,31.393576108572987,0.1575
182,625,0.5,True,11.854950259464259,0.26525
182,625,0.8,True,24.25474082019854,0.26525
182,625,0.9,True,31.799756963532566,0.26525
182,630,0.5,True,11.787960989367674,0.3555
182,630,0.8,True,23.666386406372062,0.3555
182,630,0.9,True,32.10162298423347,0.3555
182,635,0.5,True,12.039493991588056,0.29325
182,635,0.8,True,23.883118054828856,0.29325
182,635,0.9,True,32.50594602412904,0.29325
182,640,0.5,True,12.307810108393479,0.385
182,640,0.8,True,24.320559468200443,0.385
182,640,0.9,True,32.121511193400096,0.385
182,645,0.5,True,11.805903010149677,0.42575
182,645,0.8,True,23.903685560162135,0.42575
182,645,0.9,True,32.499662488775,0.42575
182,650,0.5,True,11.822424157433353,0.4845
182,650,0.8,True,24.292399509897123,0.4845
182,650,0.9,True,32.20309410298165,0.4845
182,655,0.5,True,12.276183233941484,0.53725
182,655,0.8,True,24.34573002903957,0.53725
182,655,0.9,True,32.45249837038631,0.53725
182,660,0.5,True,12.051820588954932,0.60075
182,660,0.8,True,24.2352904288367,0.60075
182,660,0.9,True,32.10832733877531,0.60075
