world,episode,start,end,days,mean_dev,gross
Antica,1,2024-04-07,2024-08-27,129,0.11790965499020203,0.03997908172889489
Antica,2,2024-09-07,2024-09-18,6,0.09675547462761802,0.04207467789212919
Antica,3,2025-06-11,2025-07-23,19,0.09891763812619363,0.03490662385043779
Astera,1,2024-06-01,2024-08-08,37,0.10756070013723901,0.05244451968550676
Astera,2,2024-08-17,2024-08-20,4,0.09534791958792654,0.052560299004817956
Astera,3,2025-06-12,2025-07-17,25,0.10646612174113593,0.05217346362123848
Astera,4,2025-07-26,2025-07-29,4,0.10737229715427565,0.05515736902921908
Astera,5,2026-04-27,2026-04-27,1,0.09283756092026074,0.016256512447057503
Belobra,1,2024-04-07,2024-09-25,130,0.11163550868853338,0.03144060070700649
Belobra,2,2025-05-05,2025-05-06,2,0.10977004690898795,0.004279985776461714
Belobra,3,2025-05-14,2025-05-19,4,0.09983902153538704,0.01984807682330425
Belobra,4,2025-05-28,2025-08-05,50,0.10193935591970764,0.03967262275114898
Belobra,5,2025-09-20,2025-09-20,1,0.0921950610386606,-0.020938625441999648
Bona,1,2025-06-09,2025-07-07,23,0.10308340793349187,0.049481919023960194
Bona,2,2025-07-15,2025-07-29,5,0.10024282467096093,0.06566568794452046
Calmera,1,2024-04-07,2024-04-10,4,0.09926023809428797,-0.0008063089249334965
Calmera,2,2024-04-30,2024-06-17,36,0.1035121924277427,0.04235469355982641
Calmera,3,2024-06-28,2024-07-21,17,0.10536924650725217,0.06303150783698928
Calmera,4,2024-08-01,2024-08-02,2,0.10505415967005494,0.0841087008906154
Calmera,5,2025-05-06,2025-05-06,1,0.0953699130510941,0.015138865014804992
Calmera,6,2025-05-30,2025-06-02,4,0.10343410096847627,0.05798594878379282
Calmera,7,2025-06-15,2025-07-19,24,0.10096802418623334,0.041540005597432504
Calmera,8,2025-08-02,2025-08-02,1,0.09637363014079448,0.010870773026079306
Calmera,9,2025-10-22,2025-10-22,1,0.09440329535377145,0.0030902519259061734
Calmera,10,2025-12-04,2025-12-05,2,0.09632505909780242,0.006409978605549149
Celebra,1,2025-09-05,2025-09-14,6,0.09764836514829749,0.010269335373052968
Celebra,2,2026-04-09,2026-04-09,1,0.0941988815517405,-0.023002824564294144
Celesta,1,2025-05-17,2025-05-17,1,0.09263071245040777,0.021410331334042354
Celesta,2,2025-06-07,2025-06-16,9,0.09797277695120678,0.035204620241375134
Celesta,3,2025-06-25,2025-07-14,13,0.09644201047768174,0.040369321633360725
Celesta,4,2025-07-24,2025-07-25,2,0.10118933421987819,0.0660054601568163
Citra,1,2025-12-27,2025-12-28,2,0.10643677591861067,0.026368505947215404
Citra,2,2026-02-19,2026-02-20,2,0.09536646455891518,0.011149847726543705
Citra,3,2026-03-08,2026-03-25,9,0.11076528925641543,0.035811352932167945
Citra,4,2026-04-15,2026-04-16,2,0.09981593610087103,0.05746218986956286
Eclipta,1,2025-11-08,2025-11-15,3,0.11196229502693515,0.036654230061265856
Eclipta,2,2025-12-06,2025-12-20,8,0.10373007196194384,0.025160027910758886
Eclipta,3,2025-12-28,2025-12-31,3,0.09832403349802554,0.01844408567585572
Epoca,1,2025-09-09,2025-10-06,20,0.10385953862844284,0.0664544382401279
Epoca,2,2025-12-01,2025-12-11,10,0.11161221516621023,0.11631073641825349
Epoca,3,2025-12-25,2025-12-25,1,0.09691489288569954,0.052202849234475934
Ferobra,1,2025-09-29,2025-09-29,1,0.09364122678180031,0.0290473169132639
Firmera,1,2025-12-25,2025-12-26,2,0.09639253725653063,0.054296595014099225
Gentebra,1,2025-05-17,2025-05-17,1,0.09824361091334133,0.030828169217127055
Gentebra,2,2025-06-01,2025-08-01,48,0.10328999174858666,0.03867789257747093
Gladera,1,2024-04-13,2024-06-02,39,0.10172916603978781,0.039890066629536244
Gladera,2,2024-06-18,2024-07-10,12,0.10613757794436784,0.08214602656136005
Gladera,3,2024-08-11,2024-08-15,3,0.10065957397874688,0.05452266763566982
Gladera,4,2025-06-11,2025-06-15,5,0.09862412766558001,0.023363055519951104
Gladera,5,2025-07-02,2025-07-16,15,0.10474572532748189,0.05311478740259676
Gladera,6,2025-08-03,2025-08-03,1,0.09531305297743486,0.006644417916804812
Gladera,7,2026-03-27,2026-03-27,1,0.09327809191232639,0.009273402683810161
Gladibra,1,2026-02-22,2026-02-28,7,0.12523416660431128,0.05614150546188158
Gladibra,2,2026-03-26,2026-04-23,22,0.11161316194588283,0.020895487154606682
Harmonia,1,2024-06-01,2024-08-04,44,0.10678127393172222,0.06957614930618948
Harmonia,2,2025-05-20,2025-05-20,1,0.09914366650099815,0.03143341302039282
Harmonia,3,2025-06-10,2025-07-28,37,0.10060335794475471,0.054605695465953584
Honbra,1,2025-06-08,2025-06-17,3,0.09623131274108647,0.04350386053213621
Honbra,2,2025-07-28,2025-07-28,1,0.0944389116383455,0.06254884801960436
Inabra,1,2024-04-08,2024-08-07,91,0.11334034834501122,0.04770207636750587
Inabra,2,2024-08-16,2024-08-17,2,0.09448302858777335,0.05140917535762579
Inabra,3,2024-09-01,2024-09-10,3,0.10463035581180158,-0.009217556444212368
Inabra,4,2024-12-30,2024-12-30,1,0.14250759863699614,-0.039396328683711346
Inabra,5,2025-02-12,2025-02-12,1,0.09594560265412078,-0.019815309986448426
Inabra,6,2025-07-01,2025-07-03,2,0.09539749799687058,0.05601225671898469
Inabra,7,2025-08-05,2025-08-05,1,0.10528877627380417,0.02124364208631313
Kalanta,1,2025-11-10,2025-11-11,2,0.1026545626092723,0.018066086215720922
Kalanta,2,2026-01-11,2026-01-11,1,0.11363506689785297,-0.012830360759522819
Kalanta,3,2026-03-09,2026-03-09,1,0.10276570001403407,0.05713223664269762
Kalibra,1,2025-09-08,2025-09-08,1,0.0933928302077831,0.014368106496954525
Lobera,1,2024-04-07,2024-08-29,133,0.12063006615372279,0.03717499736484446
Lobera,2,2024-09-06,2024-09-11,5,0.10827517831370947,0.05967109886777244
Lobera,3,2025-04-28,2025-04-28,1,0.09903548957750807,0.009989912911786192
Lobera,4,2025-05-06,2025-05-06,1,0.09342593937794419,0.01934461577275748
Lobera,5,2025-05-18,2025-05-20,3,0.10658544636802365,0.03059868432078024
Lobera,6,2025-06-06,2025-06-09,3,0.09502484877846544,0.030961089362627092
Lobera,7,2025-06-26,2025-08-09,27,0.10314193190440243,0.05139053559644107
Lobera,8,2025-09-02,2025-09-02,1,0.09661569024934735,0.04129627195852237
Lobera,9,2025-12-25,2025-12-25,1,0.09637582794296584,0.04444195625294611
Luminera,1,2025-09-24,2025-09-24,1,0.10084183640692501,0.025416651366843013
Lutabra,1,2026-01-13,2026-01-17,2,0.11368463856380906,0.10664868429244478
Lutabra,2,2026-01-31,2026-01-31,1,0.11560381115955387,0.044799065122340664
Menera,1,2026-03-25,2026-03-25,1,0.09271740362261838,-0.026944327648854127
Monstera,1,2025-11-09,2025-11-09,1,0.09670330795637128,0.04374588860102868
Monza,1,2025-06-17,2025-06-26,5,0.09627847522698225,0.03619048630459822
Monza,2,2025-07-07,2025-07-07,1,0.09268997191693984,0.06886253568537093
Monza,3,2025-07-24,2025-07-24,1,0.0982323325528629,0.06973735845890694
Nefera,1,2024-04-07,2024-07-24,87,0.1071985946889921,0.03632951067858819
Nefera,2,2024-08-08,2024-08-17,5,0.10460691478972706,0.053128396064498776
Nefera,3,2024-09-12,2024-09-12,1,0.09335071519171478,0.04516119258106421
Nefera,4,2025-05-21,2025-05-22,2,0.09645466254208124,0.007492809091974806
Nefera,5,2025-06-07,2025-06-18,11,0.09941510814492703,0.029958227961960206
Nefera,6,2025-06-28,2025-07-13,12,0.09952823727098033,0.04855955244722102
Ourobra,1,2025-06-29,2025-06-29,1,0.10504524293654072,0.04913665604708939
Ourobra,2,2025-07-16,2025-07-16,1,0.09976120739896643,0.04433243819111787
Pacera,1,2025-05-21,2025-05-27,2,0.09364620886505826,0.020025258028831594
Pacera,2,2025-06-25,2025-07-05,5,0.09611747434513199,0.04014539247446365
Pacera,3,2025-07-16,2025-08-04,11,0.09827277065290813,0.03952604599126921
Pacera,4,2025-11-10,2025-11-10,1,0.09309391466679173,0.05788760448161234
Pacera,5,2025-12-04,2025-12-08,5,0.09989490526829066,0.03303283975357019
Peloria,1,2024-04-08,2024-09-24,151,0.12275324817913941,0.04185151918560462
Peloria,2,2025-04-30,2025-05-05,3,0.10893396560047759,0.010534338896401726
Peloria,3,2025-05-22,2025-05-25,3,0.10151917392721484,0.036123872455512185
Peloria,4,2025-06-09,2025-06-11,3,0.10686021820949836,0.04161698110293107
Peloria,5,2025-06-19,2025-07-17,14,0.09874083231264853,0.050408848533792315
Peloria,6,2025-09-01,2025-09-01,1,0.09437066459174837,-0.006325167539651844
Quidera,1,2025-04-05,2025-04-06,2,0.10433829515084181,-0.0014294291427772166
Quidera,2,2025-05-29,2025-06-15,14,0.10216532826337359,0.04585908579229806
Quidera,3,2025-06-23,2025-06-27,5,0.10508890174964769,0.03659328388027596
Quidera,4,2025-07-05,2025-07-17,12,0.10593262610808891,0.05944080840974486
Quidera,5,2025-07-28,2025-07-31,4,0.10014208519388612,0.05423792867815713
Rasteibra,1,2025-07-08,2025-07-15,3,0.09667765084021991,0.05663915537612022
Rasteibra,2,2025-08-18,2025-08-18,1,0.17819838125386944,0.04074004015528132
Rasteibra,3,2025-09-13,2025-09-13,1,0.10796168137465578,0.00810852398077877
Refugia,1,2025-06-01,2025-06-10,4,0.09717232896753414,0.02649043810325402
Refugia,2,2025-06-22,2025-07-05,8,0.09704332474970356,0.04653173007243483
Retalia,1,2025-10-03,2025-11-16,37,0.10515220754085798,0.06274179952410536
Retalia,2,2025-12-12,2025-12-20,9,0.11167106317735095,-0.002331726001511806
Retalia,3,2026-01-08,2026-01-08,1,0.1091683220163766,-0.02165530678137273
Retalia,4,2026-02-23,2026-02-23,1,0.09766974027316522,-0.02350522871893901
Retalia,5,2026-03-08,2026-04-06,23,0.11745524972964252,0.04878610900355231
Retalia,6,2026-04-15,2026-04-15,1,0.09704112294805256,-0.009227708079755814
Secura,1,2024-04-07,2024-06-18,64,0.1103300135780903,0.027136416907362987
Secura,2,2024-06-28,2024-07-22,18,0.10273307615026638,0.06843426620498476
Secura,3,2024-07-30,2024-08-01,3,0.10072754733836338,0.07117237774244363
Secura,4,2024-08-18,2024-08-19,2,0.09643858197962185,0.01921777078181286
Secura,5,2025-06-03,2025-08-05,45,0.09819949113865063,0.03691605250954867
Serdebra,1,2025-08-07,2025-08-07,1,0.09523800453693276,0.050039419895023585
Solidera,1,2025-04-04,2025-04-07,4,0.10298517408885255,0.021677142447515507
Solidera,2,2025-05-03,2025-05-11,7,0.11346015387862199,0.029425065108849173
Solidera,3,2025-05-23,2025-06-02,6,0.10144741543445039,0.04828037536426836
Solidera,4,2025-06-11,2025-06-12,2,0.09872371997069695,0.049667129073977634
Solidera,5,2025-06-26,2025-07-03,8,0.09690055990671231,0.05390117931507321
Solidera,6,2025-07-31,2025-08-04,3,0.09417799977040353,0.04589969433112273
Sombra,1,2025-12-24,2026-01-03,11,0.12049805328417161,0.1383886976103133
Talera,1,2025-03-19,2025-03-19,1,0.09438544610185673,-0.0410716262414077
Talera,2,2025-06-07,2025-06-09,3,0.10548205926480196,0.012539601763091804
Talera,3,2025-06-25,2025-07-19,11,0.1045809295926931,0.057659317267457766
Talera,4,2025-09-07,2025-09-07,1,0.09475993644435299,0.06055197025449566
Tempestera,1,2025-11-08,2025-11-27,18,0.27452000490849493,0.1849112805401129
Tempestera,2,2025-12-07,2026-01-07,32,0.15132358499722137,0.11032684033406231
Tempestera,3,2026-01-18,2026-01-19,2,0.0971042474839896,-0.021507433531563258
Tempestera,4,2026-01-27,2026-02-14,12,0.0989078899729569,0.011530466340071785
Tempestera,5,2026-03-02,2026-03-05,2,0.09661610061114256,-0.018758044225061
Tempestera,6,2026-04-19,2026-04-21,3,0.11033915223617659,0.010937015625774649
Terribra,1,2025-12-14,2025-12-22,4,0.11872098553625143,0.07960291380847462
Terribra,2,2026-04-08,2026-04-08,1,0.10405229990766784,0.02496414996763896
Terribra,3,2026-04-20,2026-04-26,2,0.10417800303287716,-0.028299545196355247
Thyria,1,2025-01-06,2025-01-07,2,0.09993084706617417,0.01695392534227924
Thyria,2,2025-01-30,2025-01-30,1,0.1587102103341298,-0.009389626207731538
Thyria,3,2025-03-12,2025-03-12,1,0.10028773726027751,-0.03317539953949655
Thyria,4,2025-04-28,2025-05-04,3,0.10352531853545759,-0.0022854074950077554
Thyria,5,2025-05-29,2025-06-19,9,0.09852672430365159,0.04326953995148979
Thyria,6,2025-07-01,2025-07-06,6,0.1011333831407087,0.0513108209730048
Vunira,1,2024-04-10,2024-09-03,133,0.12060142786306749,0.042874272101497066
Vunira,2,2024-09-14,2024-09-24,10,0.09744420245839028,0.05475349433779009
Vunira,3,2025-05-06,2025-06-03,15,0.09881623067834996,0.03517974911879307
Vunira,4,2025-06-18,2025-06-23,6,0.10013409086416687,0.04402379667450399
Vunira,5,2025-07-02,2025-07-03,2,0.09412983675123598,0.04961442139131389
Vunira,6,2025-07-13,2025-07-16,4,0.09364584578119661,0.05794668426357319
Vunira,7,2025-07-29,2025-07-29,1,0.09203529137159272,0.048239514146533935
Wintera,1,2025-01-04,2025-01-04,1,0.10699848162363068,-0.022113275601682858
Wintera,2,2025-01-25,2025-01-25,1,0.11166537272553612,-0.06510062548846207
Wintera,3,2025-02-08,2025-02-08,1,0.13503455531767905,-0.04324362995672537
Wintera,4,2025-05-05,2025-05-22,11,0.10420281987498034,0.05429515958452378
Wintera,5,2025-06-04,2025-06-13,4,0.10310324277425398,0.05739523498561194
Wintera,6,2025-07-08,2025-07-08,1,0.09778337463045261,0.04308386386824381
Xyla,1,2025-03-06,2025-03-09,2,0.09791457825313277,-0.013194775882492848
Xyla,2,2025-04-12,2025-04-17,6,0.09836382849678642,-0.003935683395746459
Xyla,3,2025-04-26,2025-04-26,1,0.0924447332090228,-0.025477343442412703
Xyla,4,2025-05-05,2025-05-19,7,0.1024218164486833,0.017920560542160655
Xyla,5,2025-06-03,2025-06-23,17,0.11523940097757525,0.05164006796559954
Xyla,6,2025-07-08,2025-08-04,14,0.09838996307224576,0.04405662004812757
Xyla,7,2025-09-02,2025-09-02,1,0.09279657268309904,0.031121057116203943
Xymera,1,2026-02-25,2026-02-25,1,0.09666314251504282,0.07256579778447403
Yonabra,1,2025-09-05,2025-09-13,5,0.09752949026916546,0.016314852992469753
Yonabra,2,2025-12-26,2025-12-26,1,0.09777258975685044,0.027343933491636108
