gamma_pct,ssr,lr
0.3892,4.151397635926557,68.76885154269009
0.46369999999999995,4.15195343193721,72.80039905155105
0.5349999999999999,4.1511303143570535,66.8297955096504
0.5891000000000001,4.151016057705619,66.00101820713029
0.6463,4.151239342138364,67.62064443932022
0.6973,4.151128579328381,66.8172102258605
0.7493,4.15073391292305,63.95443983394481
0.7944,4.149261350560884,53.27299374754216
0.845,4.148477600014253,47.5879447308608
0.8992999999999999,4.147361108399245,39.48930979489048
0.9563,4.147334548934063,39.29665683654234
1.0014,4.14745050621497,40.137769903226946
1.0463,4.147927299661617,43.59626077978999
1.0841,4.148325796046791,46.48681248966675
1.1287,4.148764327009229,49.66776085073713
1.169,4.147883749063401,43.28036015728797
1.212,4.147359531571147,39.477872042064234
1.2502,4.147141337981131,37.89517298086423
1.287,4.146839007289833,35.702173171596485
1.3221,4.146673080661085,34.49860014487368
1.3635,4.1469187485062005,36.280587726647376
1.4018,4.1461894219682645,30.990311202880697
1.4326,4.147258957339558,38.74834216950847
1.4652,4.147222210842616,38.48179608899786
1.4957,4.146436688196266,32.78389288827721
1.5282,4.145633743478722,26.959616150556794
1.5599999999999998,4.144729733869502,20.402250465698888
1.5918999999999999,4.145428748518977,25.47265528101533
1.6271999999999998,4.144725749161383,20.373346803594703
1.6597,4.144430761379198,18.2336098576327
1.6903000000000001,4.143358535851412,10.456065448128697
1.7227,4.142805243868779,6.44268127209317
1.7552999999999999,4.1428737420191295,6.939542606315925
1.7878999999999998,4.141917044848162,0.0
1.8153,4.142397531058981,3.4852768806159973
1.8426999999999998,4.142098889012411,1.3190331944231235
1.871,4.142116069101839,1.4436514813592702
1.8946999999999998,4.142934631122432,7.3812106068605745
1.918,4.143368798198059,10.530504877824697
1.9460000000000002,4.143737285212765,13.203379237679847
1.9730999999999999,4.144148939586122,16.189374335896733
2.0042999999999997,4.1446835336829615,20.06713066745289
2.0354,4.1446423143762985,19.7681404086007
2.0595,4.145508044108052,26.047837413433275
2.0843,4.145325255649771,24.72195464438744
2.1101,4.145831245188609,28.392223638247728
2.1311,4.146573683998352,33.77761193994333
2.1532,4.1468859379689,36.04259170403752
2.1753,4.1468370546779525,35.68800961624444
2.2046,4.14667057569753,34.480430026007056
2.2352,4.147168316932964,38.090868746884595
2.261,4.147432978673241,40.010631320299964
2.2807999999999997,4.1475256435127354,40.682789262532
2.3046,4.147799262298203,42.66752307095144
2.327,4.147852380864278,43.05282634523039
2.3515,4.14846334841927,47.48456870593308
2.3742,4.148564363466939,48.21729610228115
2.3973999999999998,4.148947249890155,50.99461867406736
2.4198999999999997,4.148926706401269,50.845603478106476
2.4444,4.149058864316938,51.80423021431589
2.4722999999999997,4.1493192390146065,53.69289609826419
2.4953,4.149761672926052,56.902155069780456
2.5169,4.14976630610548,56.93576251320445
2.5399000000000003,4.1499122185132915,57.99415946631036
2.5591,4.149937261920234,58.17581547487949
2.5843000000000003,4.149843034406965,57.49232245026996
2.6073,4.149963799093567,58.368306736044474
2.6328,4.150182311944502,59.95332160293242
2.6589,4.1498735028490845,57.71332974354187
2.683,4.150071406620226,59.14885364124288
2.7066,4.1504851404681835,62.14993251207552
2.7331000000000003,4.150826075317502,64.62295321770817
2.7565,4.1512797777218085,67.91394984738238
2.7821,4.151503019233014,69.53326474192114
2.8099,4.151536574618958,69.77666363291156
2.8308,4.151457594825761,69.20377217199653
2.8551,4.151657970944756,70.6572296058133
2.8768,4.1519277775256,72.61431103142161
2.9025,4.151962371405865,72.86524279259311
2.9287,4.152148099763915,74.21245055383514
2.9532,4.152175487152048,74.411108972188
2.9822,4.1522691292597615,75.09035567212833
3.0016000000000003,4.15226155522779,75.03541632542384
3.0267,4.152327498730897,75.51374715288686
3.0534,4.152450547866521,76.40630202316906
3.0747,4.152538611614564,77.04508527680748
3.0968,4.152682618899084,78.08966313997537
3.1222,4.152776294486237,78.76915268791927
3.1481000000000003,4.15282789432981,79.14343968678867
3.1751,4.152771161432749,78.7319193350238
3.2072999999999996,4.152824776052015,79.12082080354342
3.2344999999999997,4.1528766129147,79.49682705515191
3.2592999999999996,4.152951325665132,80.03876689838508
3.2807999999999997,4.152955786889152,80.07112703814443
3.3051999999999997,4.152906164267726,79.71118210878974
3.3312,4.152891804944759,79.60702466320288
3.3527,4.1528825324364,79.53976517004256
3.3778,4.152820406040006,79.08912228341826
3.4006000000000003,4.152843284549566,79.25507489274625
3.4246,4.152824730183087,79.12048808657583
3.4520000000000004,4.152835385235383,79.1977760640274
3.4803,4.152809022904551,79.00655304846643
3.5045,4.15287419180169,79.47926515845035
3.5277999999999996,4.152896056564018,79.63786440422551
3.5536,4.152896147132022,79.6385213524701
3.5775,4.1529302580116365,79.88594959790177
3.6008999999999998,4.152977763843346,80.23054008400288
3.6242000000000005,4.152989845582072,80.31817673977143
3.6496,4.153023680007637,80.56359968539684
3.6726,4.153015343136241,80.50312697155292
3.6998999999999995,4.153028043419967,80.59525033378662
3.7233,4.153012572498834,80.48302974860769
3.7485,4.153008883941663,80.45627426064405
3.7726999999999995,4.152961692751459,80.11396607264211
3.7948999999999997,4.152993996839984,80.34828849511895
3.8192999999999997,4.153037090422014,80.6608740839871
3.8448999999999995,4.153032472119178,80.62737455009804
3.8682000000000003,4.153037261554708,80.6621154199667
3.897,4.1530297796126305,80.60784406075287
3.9240999999999997,4.153029342075305,80.60467031988253
3.95,4.153019012427604,80.52974271216824
3.9732000000000003,4.153007192888605,80.44400796039903
3.9965,4.153031577549566,80.62088565881007
4.0213,4.153037306957115,80.66244475295578
4.0477,4.15303556864428,80.64983564701534
4.0706,4.153036089748085,80.65361554954222
4.0957,4.153035242194086,80.6474676928719
4.1201,4.153016185274665,80.50923554556182
4.1423000000000005,4.152996192955955,80.36421834294397
4.1723,4.152968207769553,80.16122370757147
4.1999,4.152936269748942,79.92955661215261
4.2299999999999995,4.1528761009044075,79.49311311373994
4.2555000000000005,4.152868715272939,79.43954035759167
4.2808,4.152760604786889,78.65534516301572
4.3086,4.152724481925317,78.39332271270513
4.337,4.152662500361141,77.94373038772102
4.3609,4.152514933238221,76.87333071698593
4.3867,4.152448410506444,76.3907983697957
4.4171000000000005,4.152454554392501,76.43536394431554
4.4458,4.152340558632513,75.60847905599047
4.4741,4.152107319451103,73.91664460097414
4.4993,4.151964721410443,72.88228889389474
4.5228,4.151877625346785,72.25052488022422
4.5487,4.15171805817353,71.0930810923923
4.5762,4.151794352485298,71.64649302168316
4.6009,4.151432402964043,69.02103932504491
4.6212,4.151429005957359,68.99639864110378
4.6554,4.1514870332877996,69.41730835437657
4.6887,4.151287060852532,67.9667790994134
4.715,4.151182282903827,67.20675695102072
4.752,4.151034753327307,66.1366296285845
4.7764,4.151409424089591,68.85435870431677
4.8039,4.151205917026376,67.37819050948353
4.8353,4.150885235434438,65.05207976321319
4.8599000000000006,4.150365610977229,61.2829078982644
4.8865,4.150451852912002,61.90847636336606
4.9154,4.150503025523007,62.27966436843775
4.95,4.149942438223484,58.21336254623801
4.9822,4.149347319977668,53.8965854636196
5.0149,4.1492719797119895,53.350093846926704
5.0422,4.149294176795639,53.51110363392644
5.0741000000000005,4.148947339050489,50.99526541156255
5.102799999999999,4.148651782833659,48.8514052419177
5.1292,4.148546221431879,48.08570020225682
5.1594,4.14851789502462,47.880230471580916
5.1937,4.1481297675507385,45.06489117361176
5.2191,4.148043791736539,44.44125305294386
5.2479,4.147734727710639,42.19941201808213
5.2806,4.148102825078553,44.869460018042325
5.3098,4.148289016354434,46.220025621364734
5.337,4.148384042180961,46.90930932773876
5.3683000000000005,4.148190843373339,45.50791356984382
5.3988000000000005,4.147768194120846,42.442165510573865
5.4328,4.147771322652386,42.46485877086492
5.4674,4.147961022441062,43.840873883978006
5.4995,4.147987772676403,44.03491062153153
5.5280000000000005,4.147993831445784,44.0788587898059
5.5557,4.148152199555409,45.22760499453772
5.5833,4.1479943867872375,44.08288704011962
5.6183,4.148081880961749,44.717538808990575
5.6532,4.148200456929963,45.577646906388324
5.6842,4.148177738753436,45.41285729611773
5.7097,4.147747581560976,42.29264929814916
5.7474,4.147478100724682,40.33793070819582
5.782,4.147283344971229,38.92524141640393
5.8122,4.146738588685963,34.97377216742631
5.8454,4.14682232077419,35.58113509416749
5.881,4.146964536018274,36.61271413039667
5.9110000000000005,4.146992452203007,36.81520825208697
5.9433,4.147065591054084,37.34573158656869
5.9783,4.147166075049989,38.07460692141116
6.0143,4.147166689839438,38.079066386442186
6.054600000000001,4.147083030768428,37.47223310073967
6.0934,4.147022645942554,37.034222950148056
6.1286,4.147461115673572,40.21472716016779
6.162,4.147191935358343,38.26218844363461
6.1899999999999995,4.146912594610695,36.235949547138794
6.225499999999999,4.147069129584251,37.371398831753936
6.257,4.147087562121058,37.505101928613804
6.290500000000001,4.146651986904183,34.34559349951993
6.3247,4.146924724119405,36.3239327094572
6.3609,4.147492537535765,40.44265022514149
6.392,4.147918739215122,43.534166331318204
6.4262,4.1481601332691085,45.28515334516908
6.4594,4.147997788357507,44.10756082669775
6.4952,4.1480635055724875,44.58425024019448
6.532,4.148330316622233,46.519603143634036
6.5696,4.148761993105279,49.650831537687736
6.5995,4.1489490592384355,51.007743045979794
6.6315,4.1489856860440835,51.27342092821951
6.6701,4.14849353613434,47.70353970456483
6.7079,4.148949780971575,51.01297824268242
6.7498000000000005,4.148604342857359,48.50729244764151
6.7799,4.148691757852913,49.14136988038338
6.8178,4.148622229665099,48.63703701903611
6.8592,4.148738471425899,49.480213602164596
6.8907,4.148749699820993,49.56166040530978
6.9251,4.148348312454732,46.65013854203552
6.956900000000001,4.148520943655906,47.90234416371124
6.994,4.148302049473929,46.31456325644052
7.0325,4.147844684370126,42.99699870121784
7.0656,4.147956039762067,43.8047312944242
7.101100000000001,4.147876380750045,43.22691302059552
7.1357,4.147448451770842,40.12286769280011
7.1822,4.147823550095556,42.84369815504131
7.219,4.14818645979563,45.4761166489355
7.2543,4.147765947146352,42.42586675302895
7.290299999999999,4.147194264171936,38.279080833032914
7.3297,4.1469309128788066,36.36882377933029
7.3713,4.146804411064596,35.4512244008331
7.4086,4.147879044188594,43.24623266096842
7.4445,4.147554729082515,40.89376568938651
7.4812,4.1472466151403236,38.658816225416224
7.5209,4.146885302610517,36.03798303924631
7.560899999999999,4.146902733274366,36.16441890433353
7.5989,4.147051284245689,37.24195506309224
7.6363,4.146611445182733,34.051518203942095
7.6734,4.146324187168,31.967850254729672
7.712,4.146867766148517,35.9107797518267
7.7593,4.147259186499893,38.750004417456644
7.7970999999999995,4.147149137340242,37.95174677087664
7.8419,4.14730758149574,39.10104458544877
7.8839999999999995,4.147078566619207,37.43985174260478
7.928599999999999,4.14764195621367,41.52648042028439
7.9787,4.148413592294821,47.12365539290435
8.0235,4.148813182406596,50.022140608369604
8.0709,4.149053758203376,51.767192274105746
8.1211,4.148877954782435,50.49197649321057
8.1721,4.149495052619466,54.968185749699764
8.2162,4.149179913149352,52.68227559322104
8.2667,4.148997388728059,51.35830805501553
8.317499999999999,4.148561286151977,48.19497434892005
8.381,4.148735049473413,49.45539197020755
8.4338,4.148547140895024,48.092369662424154
8.4941,4.149279269059927,53.40296819642934
8.5577,4.148848927819827,50.28142518203155
8.6166,4.148726723681776,49.39499962500914
8.6824,4.148840290672378,50.21877437199143
8.737200000000001,4.148738805989013,49.48264040455857
8.7995,4.1484511102387716,47.395797276927915
