name,level,vocation,former_world,current_world,change_date
Waguinho The Legend Check at Tibia.com Compare character,2316,EDElder Druid,Ferobra,Quelibra,2026-07-26
Murillaao Check at Tibia.com Compare character,2204,MSMaster Sorcerer,Ferobra,Quelibra,2026-07-26
Acoviin Check at Tibia.com Compare character,2086,MSMaster Sorcerer,Ourobra,Citra,2026-07-29
Axbin Check at Tibia.com Compare character,2077,MSMaster Sorcerer,Astera,Nefera,2026-07-30
Playfor Food Check at Tibia.com Compare character,1852,RPRoyal Paladin,Serdebra,Quelibra,2026-07-26
Ndetarovazz Check at Tibia.com Compare character,1838,RPRoyal Paladin,Honbra,Cantabra,2026-07-23
Brutus Insane Check at Tibia.com Compare character,1777,MSMaster Sorcerer,Unebra,Rasteibra,2026-07-22
Don Kamizi Check at Tibia.com Compare character,1742,EKElite Knight,Dia,Descubra,2026-07-26
Venoxd Check at Tibia.com Compare character,1740,RPRoyal Paladin,Pacera,Luminera,2026-07-30
Rhuanziin Poderoso Check at Tibia.com Compare character,1724,EDElder Druid,Gladibra,Sombra,2026-07-23
Bautz in Slowmotion Check at Tibia.com Compare character,1693,EDElder Druid,Cantabra,Honbra,2026-07-30
Rampage Insane Check at Tibia.com Compare character,1678,RPRoyal Paladin,Unebra,Rasteibra,2026-07-22
Malenzera Check at Tibia.com Compare character,1675,EDElder Druid,Unebra,Rasteibra,2026-07-22
Dad Glon Check at Tibia.com Compare character,1652,RPRoyal Paladin,Karmeya,Karmeya,2026-07-26
Se Le Check at Tibia.com Compare character,1651,RPRoyal Paladin,Luminera,Nefera,2026-07-26
Filip Szponciciel Check at Tibia.com Compare character,1587,MSMaster Sorcerer,Eclipta,Eclipta,2026-07-25
Theuziikat Check at Tibia.com Compare character,1576,RPRoyal Paladin,Xymera,Aethera,2026-07-27
Franco Parabellum Check at Tibia.com Compare character,1576,EDElder Druid,Unebra,Cantabra,2026-07-27
Closed Tortex Check at Tibia.com Compare character,1521,RPRoyal Paladin,Tornabra,Unebra,2026-07-25
Evokek Check at Tibia.com Compare character,1516,EKElite Knight,Unebra,Rasteibra,2026-07-22
Pepeziinho Check at Tibia.com Compare character,1504,EKElite Knight,Nefera,Luminera,2026-07-30
Dropzikat Check at Tibia.com Compare character,1491,EDElder Druid,Xymera,Aethera,2026-07-27
Rapa Dura Check at Tibia.com Compare character,1478,EKElite Knight,Dia,Collabra,2026-07-28
Tenorio Click Clack Check at Tibia.com Compare character,1477,EKElite Knight,Xymera,Aethera,2026-07-27
Bloody Vitim Check at Tibia.com Compare character,1473,MSMaster Sorcerer,Honbra,Unebra,2026-07-25
Gatillo Alegrexd Check at Tibia.com Compare character,1473,EKElite Knight,Nefera,Pacera,2026-07-26
Blessed Pancho Check at Tibia.com Compare character,1469,EDElder Druid,Solidera,Ferobra,2026-07-30
Brincou Check at Tibia.com Compare character,1456,RPRoyal Paladin,Unebra,Yubra,2026-07-22
Nelson Bolas Check at Tibia.com Compare character,1443,MSMaster Sorcerer,Gladibra,Sombra,2026-07-23
Gitdus Check at Tibia.com Compare character,1422,MSMaster Sorcerer,Honbra,Antica,2026-07-23
Closedfriends Faelzika Check at Tibia.com Compare character,1420,MSMaster Sorcerer,Ombra,Unebra,2026-07-25
Lil Daadi Check at Tibia.com Compare character,1418,MSMaster Sorcerer,Premia,Talera,2026-07-24
Peches tokes Check at Tibia.com Compare character,1416,RPRoyal Paladin,Unebra,Blumera,2026-07-29
Trup Tu Tupta Check at Tibia.com Compare character,1414,RPRoyal Paladin,Tempestera,Eclipta,2026-07-27
Sassh Check at Tibia.com Compare character,1414,EKElite Knight,Gladera,Gentebra,2026-07-30
Munros Check at Tibia.com Compare character,1386,EKElite Knight,Astera,Secura,2026-07-25
Inkarrow Check at Tibia.com Compare character,1385,RPRoyal Paladin,Quintera,Firmera,2026-07-28
Kina Patrao Check at Tibia.com Compare character,1384,EKElite Knight,Ombra,Cantabra,2026-07-27
Goat Sprzedito Check at Tibia.com Compare character,1374,EKElite Knight,Tempestera,Eclipta,2026-07-27
Crimix Check at Tibia.com Compare character,1369,RPRoyal Paladin,Secura,Celesta,2026-07-23
Ilutin Star Check at Tibia.com Compare character,1366,EKElite Knight,Secura,Belobra,2026-07-28
Evil Arez Check at Tibia.com Compare character,1347,EDElder Druid,Xymera,Aethera,2026-07-27
Shiddenzinho Check at Tibia.com Compare character,1337,RPRoyal Paladin,Gladibra,Rasteibra,2026-07-22
Saga Poderoso Check at Tibia.com Compare character,1335,EMExalted Monk,Jadebra,Unebra,2026-07-25
Architetto Check at Tibia.com Compare character,1322,EKElite Knight,Bona,Refugia,2026-07-30
Kezmad Arrogante Check at Tibia.com Compare character,1316,EKElite Knight,Ferobra,Solidera,2026-07-30
Infamous Khaoz Check at Tibia.com Compare character,1313,MSMaster Sorcerer,Xymera,Aethera,2026-07-27
Overknightao Check at Tibia.com Compare character,1312,EKElite Knight,Dia,Kalimera,2026-07-29
Doctorsito Check at Tibia.com Compare character,1303,EDElder Druid,Xymera,Aethera,2026-07-27
Lo Ver Check at Tibia.com Compare character,1296,EDElder Druid,Luminera,Belobra,2026-07-24
Rockstar Death Check at Tibia.com Compare character,1292,EKElite Knight,Xymera,Aethera,2026-07-27
Ironwoker Check at Tibia.com Compare character,1290,EKElite Knight,Lobera,Solidera,2026-07-26
Ruinerad Check at Tibia.com Compare character,1287,RPRoyal Paladin,Vunira,Epoca,2026-07-30
Javazord Check at Tibia.com Compare character,1285,RPRoyal Paladin,Ourobra,Honbra,2026-07-30
Brunon Brunon Check at Tibia.com Compare character,1282,EDElder Druid,Tempestera,Eclipta,2026-07-27
Archez Check at Tibia.com Compare character,1277,RPRoyal Paladin,Harmonia,Celesta,2026-07-26
Guiixdzl Check at Tibia.com Compare character,1272,MSMaster Sorcerer,Gentebra,Kalibra,2026-07-24
Mafeii Virado Noarco Check at Tibia.com Compare character,1269,EKElite Knight,Issobra,Ustebra,2026-07-29
Archer Saya Check at Tibia.com Compare character,1262,RPRoyal Paladin,Xymera,Aethera,2026-07-23
Juz Bede Grzeczny Check at Tibia.com Compare character,1251,EKElite Knight,Bona,Bona,2026-07-30
Dearys Check at Tibia.com Compare character,1235,RPRoyal Paladin,Cantabra,Rasteibra,2026-07-27
Shiroi densha Check at Tibia.com Compare character,1231,RPRoyal Paladin,Dia,Karmeya,2026-07-27
Hadestz Check at Tibia.com Compare character,1227,EDElder Druid,Nefera,Belobra,2026-07-28
Za Duzy Cukier Check at Tibia.com Compare character,1226,MSMaster Sorcerer,Blumera,Karmeya,2026-07-27
Xtezeta Check at Tibia.com Compare character,1221,EKElite Knight,Belobra,Secura,2026-07-25
Do Not Disturb Check at Tibia.com Compare character,1218,RPRoyal Paladin,Celebra,Pacera,2026-07-30
Mig Bike Check at Tibia.com Compare character,1216,EDElder Druid,Wintera,Antica,2026-07-23
Beatricks Check at Tibia.com Compare character,1216,MSMaster Sorcerer,Ferobra,Quelibra,2026-07-26
Niellist Check at Tibia.com Compare character,1215,EDElder Druid,Peloria,Vunira,2026-07-24
Rorox Neverdies Check at Tibia.com Compare character,1215,RPRoyal Paladin,Antica,Ferobra,2026-07-24
Dwarf Black Belt Check at Tibia.com Compare character,1214,EKElite Knight,Rasteibra,Honbra,2026-07-26
Malandroxo Check at Tibia.com Compare character,1214,EMExalted Monk,Solidera,Firmera,2026-07-30
Forever Jaded Check at Tibia.com Compare character,1209,MSMaster Sorcerer,Antica,Vunira,2026-07-24
Kyos Mosus Check at Tibia.com Compare character,1205,RPRoyal Paladin,Dia,Collabra,2026-07-28
Bixao Ocueistore Check at Tibia.com Compare character,1201,EKElite Knight,Honbra,Ferobra,2026-07-24
Beo Ez Check at Tibia.com Compare character,1201,RPRoyal Paladin,Solidera,Antica,2026-07-30
The Rik Check at Tibia.com Compare character,1200,EKElite Knight,Xyla,Citra,2026-07-25
Metaleiro Veeloz Check at Tibia.com Compare character,1196,EKElite Knight,Secura,Kalibra,2026-07-26
Compadreexz Check at Tibia.com Compare character,1192,MSMaster Sorcerer,Talera,Quintera,2026-07-30
Chuyzh Wayne Check at Tibia.com Compare character,1187,EDElder Druid,Ourobra,Aethera,2026-07-25
Cosmogrand Check at Tibia.com Compare character,1187,EKElite Knight,Serdebra,Vunira,2026-07-30
Coppolon Neverdie Check at Tibia.com Compare character,1173,EKElite Knight,Xymera,Aethera,2026-07-27
Duke Returns Check at Tibia.com Compare character,1171,RPRoyal Paladin,Secura,Belobra,2026-07-24
Matakina Plus Check at Tibia.com Compare character,1168,MSMaster Sorcerer,Gentebra,Nefera,2026-07-30
North Henhan Check at Tibia.com Compare character,1159,EKElite Knight,Bona,Refugia,2026-07-30
Szef Bobi Check at Tibia.com Compare character,1153,EKElite Knight,Vunira,Antica,2026-07-23
Donio No Fear Check at Tibia.com Compare character,1153,MSMaster Sorcerer,Havera,Vunira,2026-07-26
Pune Edbombinhatres Check at Tibia.com Compare character,1148,EDElder Druid,Inabra,Quelibra,2026-07-26
Rakz Ek Check at Tibia.com Compare character,1148,EKElite Knight,Inabra,Firmera,2026-07-30
Violent Wolf Check at Tibia.com Compare character,1146,RPRoyal Paladin,Antica,Vunira,2026-07-24
Chentesz Check at Tibia.com Compare character,1142,EKElite Knight,Antica,Vunira,2026-07-24
Rayyzen Check at Tibia.com Compare character,1140,EDElder Druid,Etebra,Descubra,2026-07-26
Maik Gunz Check at Tibia.com Compare character,1139,EDElder Druid,Quintera,Havera,2026-07-30
Yuca Arrogante Check at Tibia.com Compare character,1138,RPRoyal Paladin,Solidera,Antica,2026-07-25
Smokerqt Check at Tibia.com Compare character,1134,EKElite Knight,Eclipta,Noctalia,2026-07-25
El Tartas Check at Tibia.com Compare character,1133,MSMaster Sorcerer,Bona,Refugia,2026-07-28
Pabicatore Check at Tibia.com Compare character,1132,EKElite Knight,Solidera,Premia,2026-07-26
Seraphin Justholy Check at Tibia.com Compare character,1129,RPRoyal Paladin,Blumera,Kalimera,2026-07-23
Scampia Check at Tibia.com Compare character,1123,EDElder Druid,Antica,Vunira,2026-07-24
Mosip Check at Tibia.com Compare character,1118,RPRoyal Paladin,Serdebra,Antica,2026-07-25
Avada Kedavrah Check at Tibia.com Compare character,1117,MSMaster Sorcerer,Blumera,Kalimera,2026-07-25
Neto Bombinha Check at Tibia.com Compare character,1116,EDElder Druid,Serdebra,Quelibra,2026-07-24
Halfgold Check at Tibia.com Compare character,1115,RPRoyal Paladin,Karmeya,Dia,2026-07-24
Uis Check at Tibia.com Compare character,1115,EKElite Knight,Yonabra,Nefera,2026-07-30
Kapii Check at Tibia.com Compare character,1114,EDElder Druid,Bona,Refugia,2026-07-28
Fabin Viit Patrocinou Check at Tibia.com Compare character,1112,MSMaster Sorcerer,Pacera,Belobra,2026-07-24
Blood Warden Check at Tibia.com Compare character,1111,EKElite Knight,Nevia,Luzibra,2026-07-23
Paraibe Labubu Tiamoxingxing Check at Tibia.com Compare character,1110,RPRoyal Paladin,Cantabra,Jadebra,2026-07-24
Zukin Check at Tibia.com Compare character,1103,EDElder Druid,Collabra,Collabra,2026-07-26
Miigure Check at Tibia.com Compare character,1102,EDElder Druid,Honbra,Jadebra,2026-07-27
Akirion Dpain Check at Tibia.com Compare character,1102,RPRoyal Paladin,Talera,Quintera,2026-07-28
Gust avin Check at Tibia.com Compare character,1100,RPRoyal Paladin,Unebra,Cantabra,2026-07-27
Last Bidu Check at Tibia.com Compare character,1097,EDElder Druid,Nevia,Ustebra,2026-07-24
Danyek Obstinado Check at Tibia.com Compare character,1093,MSMaster Sorcerer,Wintera,Peloria,2026-07-28
Duke the Nuke Check at Tibia.com Compare character,1085,MSMaster Sorcerer,Bona,Bona,2026-07-30
Lysa Lepka Klata Check at Tibia.com Compare character,1083,EDElder Druid,Belobra,Monza,2026-07-26
Shoxzzera Check at Tibia.com Compare character,1082,EMExalted Monk,Nevia,Etebra,2026-07-26
Patroclo San Check at Tibia.com Compare character,1082,RPRoyal Paladin,Xymera,Aethera,2026-07-27
Onniszao isback Check at Tibia.com Compare character,1080,RPRoyal Paladin,Nevia,Collabra,2026-07-26
Lewis Rothschild Check at Tibia.com Compare character,1079,MSMaster Sorcerer,Xymera,Aethera,2026-07-27
Baby Cedric Check at Tibia.com Compare character,1078,MSMaster Sorcerer,Solidera,Havera,2026-07-26
Pichama Final Boss Check at Tibia.com Compare character,1076,EDElder Druid,Xymera,Aethera,2026-07-29
Sick Ee Kay Check at Tibia.com Compare character,1071,EKElite Knight,Antica,Premia,2026-07-24
Yvnaxnivyx Check at Tibia.com Compare character,1071,EKElite Knight,Xyla,Noctalia,2026-07-27
Mito Shaez Check at Tibia.com Compare character,1068,EKElite Knight,Talera,Solidera,2026-07-30
Jebgeess Check at Tibia.com Compare character,1065,EDElder Druid,Xyla,Citra,2026-07-25
Onepunch monk Check at Tibia.com Compare character,1063,EMExalted Monk,Lobera,Havera,2026-07-26
Brielc Check at Tibia.com Compare character,1058,MSMaster Sorcerer,Secura,Celesta,2026-07-23
Lompsterk Check at Tibia.com Compare character,1054,EKElite Knight,Blumera,Issobra,2026-07-26
Gonsu Here Check at Tibia.com Compare character,1053,RPRoyal Paladin,Harmonia,Secura,2026-07-25
Elite Tankaoo Check at Tibia.com Compare character,1053,EKElite Knight,Kalibra,Belobra,2026-07-26
Haj Swift Check at Tibia.com Compare character,1048,RPRoyal Paladin,Ignitera,Quidera,2026-07-29
Moonshine Enthusiast Check at Tibia.com Compare character,1042,MSMaster Sorcerer,Sonira,Bravoria,2026-07-25
Synba Check at Tibia.com Compare character,1041,EDElder Druid,Lobera,Havera,2026-07-26
Quemmm eva eadao Check at Tibia.com Compare character,1040,RPRoyal Paladin,Tornabra,Quelibra,2026-07-28
Garpin Commander Check at Tibia.com Compare character,1038,EKElite Knight,Ferobra,Quelibra,2026-07-28
Nimertix Venemexa Check at Tibia.com Compare character,1035,RPRoyal Paladin,Xymera,Aethera,2026-07-29
Zwitu Check at Tibia.com Compare character,1034,RPRoyal Paladin,Bona,Refugia,2026-07-30
Lordicus Sagittarius Check at Tibia.com Compare character,1033,RPRoyal Paladin,Antica,Peloria,2026-07-28
Archemorus Check at Tibia.com Compare character,1031,EKElite Knight,Lobera,Serdebra,2026-07-28
Rithz Techutei Praopen Check at Tibia.com Compare character,1030,EDElder Druid,Gladibra,Sombra,2026-07-23
Eteriasek Check at Tibia.com Compare character,1029,EKElite Knight,Kalibra,Monza,2026-07-26
Luc cas Check at Tibia.com Compare character,1027,EKElite Knight,Refugia,Belobra,2026-07-24
Maniatic Oneblood Check at Tibia.com Compare character,1021,EDElder Druid,Serdebra,Talera,2026-07-30
Twoweeks Check at Tibia.com Compare character,1020,EDElder Druid,Antica,Premia,2026-07-28
Gwiezdna Pileczka Check at Tibia.com Compare character,1015,EKElite Knight,Sonira,Bravoria,2026-07-25
Marko Ciara Check at Tibia.com Compare character,1015,RPRoyal Paladin,Secura,Monza,2026-07-26
Thupaj Don Rothschild Check at Tibia.com Compare character,1015,EDElder Druid,Xymera,Aethera,2026-07-27
Mala Sherus Check at Tibia.com Compare character,1012,EDElder Druid,Bona,Refugia,2026-07-30
Mago Sobral Check at Tibia.com Compare character,1011,MSMaster Sorcerer,Xymera,Honbra,2026-07-24
Slayer Boltz Check at Tibia.com Compare character,1010,RPRoyal Paladin,Gentebra,Celesta,2026-07-23
Royal Brys Check at Tibia.com Compare character,1009,RPRoyal Paladin,Pacera,Oceanis,2026-07-25
Carlao Reborn Check at Tibia.com Compare character,1009,EDElder Druid,Pacera,Calmera,2026-07-25
Kzy Shimote Check at Tibia.com Compare character,1009,EKElite Knight,Yubra,Yovera,2026-07-26
Not Mochila Check at Tibia.com Compare character,1004,EKElite Knight,Jadebra,Quidera,2026-07-29
Fireblade Sekaini Itamio Check at Tibia.com Compare character,1004,EKElite Knight,Xymera,Aethera,2026-07-29
Darth Rothschild Check at Tibia.com Compare character,1003,EDElder Druid,Xymera,Aethera,2026-07-27
Saint Shake Check at Tibia.com Compare character,1001,EMExalted Monk,Ourobra,Xybra,2026-07-23
Pepa Paladin Check at Tibia.com Compare character,1001,RPRoyal Paladin,Serdebra,Talera,2026-07-24
Resyut Check at Tibia.com Compare character,1001,RPRoyal Paladin,Solidera,Pacera,2026-07-24
Saborzinho da Manteiga Check at Tibia.com Compare character,997,MSMaster Sorcerer,Premia,Inabra,2026-07-28
Elchapas Check at Tibia.com Compare character,996,RPRoyal Paladin,Monza,Luminera,2026-07-28
Stalowy Rumak Check at Tibia.com Compare character,995,RPRoyal Paladin,Xyla,Citra,2026-07-23
Bagsek Check at Tibia.com Compare character,992,EKElite Knight,Gentebra,Celesta,2026-07-28
Rayoonn Check at Tibia.com Compare character,991,RPRoyal Paladin,Stralis,Sonira,2026-07-23
Feiticeira Mortal Check at Tibia.com Compare character,988,MSMaster Sorcerer,Quintera,Talera,2026-07-24
Lo Cientifiko Check at Tibia.com Compare character,983,RPRoyal Paladin,Antica,Epoca,2026-07-30
Kinorr Check at Tibia.com Compare character,981,RPRoyal Paladin,Bona,Monza,2026-07-26
Smoke Mithjynn Check at Tibia.com Compare character,979,EDElder Druid,Nefera,Gentebra,2026-07-26
Vi tuu Check at Tibia.com Compare character,978,RPRoyal Paladin,Ourobra,Quidera,2026-07-29
Peenutz Check at Tibia.com Compare character,977,EDElder Druid,Secura,Celesta,2026-07-28
Dazzra Check at Tibia.com Compare character,974,EDElder Druid,Vunira,Ferobra,2026-07-28
King Mankel Check at Tibia.com Compare character,970,RPRoyal Paladin,Aethera,Xymera,2026-07-29
Wex Boo Check at Tibia.com Compare character,968,MSMaster Sorcerer,Blumera,Yovera,2026-07-24
Mystic Root Check at Tibia.com Compare character,966,EDElder Druid,Astera,Secura,2026-07-23
Ze onnic Check at Tibia.com Compare character,965,MSMaster Sorcerer,Lobera,Solidera,2026-07-28
Riurr Check at Tibia.com Compare character,964,RPRoyal Paladin,Kalanta,Venebra,2026-07-26
Demonic knight horse Check at Tibia.com Compare character,962,EKElite Knight,Oceanis,Zunera,2026-07-30
Yuniorzawer Openpvp Check at Tibia.com Compare character,961,EKElite Knight,Xymera,Aethera,2026-07-27
Dropz Rothschild Check at Tibia.com Compare character,958,RPRoyal Paladin,Xymera,Aethera,2026-07-27
Spyki Shal Check at Tibia.com Compare character,958,RPRoyal Paladin,Thyria,Quintera,2026-07-28
Grandpaladin Check at Tibia.com Compare character,958,RPRoyal Paladin,Xymera,Honbra,2026-07-30
Sofia Valentinaa Check at Tibia.com Compare character,956,EKElite Knight,Quintera,Antica,2026-07-27
Sheik Bruce Check at Tibia.com Compare character,955,MSMaster Sorcerer,Cantabra,Aethera,2026-07-27
Merciless Fury Check at Tibia.com Compare character,955,RPRoyal Paladin,Dia,Nevia,2026-07-29
Marcelin Desigual Check at Tibia.com Compare character,954,EDElder Druid,Inabra,Antica,2026-07-30
Nyx Arcana Check at Tibia.com Compare character,953,MSMaster Sorcerer,Yovera,Etebra,2026-07-28
Lucianoo Alzado Check at Tibia.com Compare character,952,RPRoyal Paladin,Unebra,Cantabra,2026-07-29
Cezsarz Check at Tibia.com Compare character,951,EDElder Druid,Havera,Solidera,2026-07-26
Aaron Revenge Check at Tibia.com Compare character,951,MSMaster Sorcerer,Xymera,Aethera,2026-07-27
Naayad Check at Tibia.com Compare character,950,MSMaster Sorcerer,Quelibra,Ferobra,2026-07-30
Wakkazenho Check at Tibia.com Compare character,949,EKElite Knight,Celebra,Calmera,2026-07-25
Its Najkon Check at Tibia.com Compare character,943,EKElite Knight,Dia,Blumera,2026-07-23
Apeiros Check at Tibia.com Compare character,942,EKElite Knight,Blumera,Kalimera,2026-07-23
Comandante George Check at Tibia.com Compare character,942,EKElite Knight,Menera,Yonabra,2026-07-24
Santa Druida Check at Tibia.com Compare character,942,EDElder Druid,Yubra,Sonira,2026-07-29
Fulllhpgems unlocked Check at Tibia.com Compare character,940,EDElder Druid,Peloria,Havera,2026-07-28
Canhao Wax Check at Tibia.com Compare character,939,EKElite Knight,Descubra,Kalimera,2026-07-25
Thee Thiah Check at Tibia.com Compare character,936,EDElder Druid,Gentebra,Refugia,2026-07-30
Bruno Vara Mole Check at Tibia.com Compare character,934,EDElder Druid,Ferobra,Inabra,2026-07-24
Koringa Flechatorta Check at Tibia.com Compare character,934,RPRoyal Paladin,Ustebra,Venebra,2026-07-26
Mage Ti Check at Tibia.com Compare character,934,MSMaster Sorcerer,Nefera,Yonabra,2026-07-28
Tisgoo Check at Tibia.com Compare character,933,RPRoyal Paladin,Luminera,Belobra,2026-07-30
Helset Fenrir Check at Tibia.com Compare character,932,EKElite Knight,Celebra,Pacera,2026-07-24
Szarpociag Check at Tibia.com Compare character,932,MSMaster Sorcerer,Bona,Celebra,2026-07-28
Aldito Emex Check at Tibia.com Compare character,931,EDElder Druid,Solidera,Ferobra,2026-07-26
Lumbriga Loiro Check at Tibia.com Compare character,931,MSMaster Sorcerer,Unebra,Xybra,2026-07-29
Ger aldyn Check at Tibia.com Compare character,929,EDElder Druid,Nevia,Karmeya,2026-07-27
Guimsi Check at Tibia.com Compare character,927,MSMaster Sorcerer,Ourobra,Tornabra,2026-07-24
Gallo no San Check at Tibia.com Compare character,927,RPRoyal Paladin,Inabra,Vunira,2026-07-28
Smutny Koniec Check at Tibia.com Compare character,926,EDElder Druid,Xymera,Aethera,2026-07-27
Benji maxs Check at Tibia.com Compare character,922,EKElite Knight,Solidera,Wintera,2026-07-24
Odibraland Bombao Check at Tibia.com Compare character,921,EDElder Druid,Honbra,Ourobra,2026-07-25
Dzy Kingslayer Check at Tibia.com Compare character,921,EDElder Druid,Xymera,Aethera,2026-07-27
Ahoo Check at Tibia.com Compare character,920,EDElder Druid,Vunira,Premia,2026-07-28
Uh My Ek Check at Tibia.com Compare character,919,EKElite Knight,Premia,Wintera,2026-07-24
Miedziany Frazel Check at Tibia.com Compare character,918,MSMaster Sorcerer,Belobra,Refugia,2026-07-23
Damp Tim Check at Tibia.com Compare character,916,RPRoyal Paladin,Antica,Peloria,2026-07-28
Dwel Lams Check at Tibia.com Compare character,912,EKElite Knight,Jadebra,Cantabra,2026-07-23
Sagi Tarios Check at Tibia.com Compare character,911,EKElite Knight,Blumera,Kalimera,2026-07-23
Kous Bombinha Check at Tibia.com Compare character,911,MSMaster Sorcerer,Jadebra,Cantabra,2026-07-27
Met All Ovy Check at Tibia.com Compare character,904,RPRoyal Paladin,Thyria,Peloria,2026-07-30
Dalai Uno Check at Tibia.com Compare character,901,EMExalted Monk,Ourobra,Lobera,2026-07-30
Tat Ek Check at Tibia.com Compare character,900,EKElite Knight,Bona,Refugia,2026-07-28
Hoeji Thrin Check at Tibia.com Compare character,900,MSMaster Sorcerer,Pacera,Astera,2026-07-28
Vitao Ozika Check at Tibia.com Compare character,896,MSMaster Sorcerer,Citra,Noctalia,2026-07-27
Pedro Oo Check at Tibia.com Compare character,895,MSMaster Sorcerer,Yubra,Karmeya,2026-07-25
Watofo Check at Tibia.com Compare character,894,EKElite Knight,Talera,Havera,2026-07-24
Flo Targaryen Check at Tibia.com Compare character,892,MSMaster Sorcerer,Ferobra,Quelibra,2026-07-24
Kratos Demigod Check at Tibia.com Compare character,890,EKElite Knight,Peloria,Serdebra,2026-07-26
Yaakovek Check at Tibia.com Compare character,890,EKElite Knight,Calmera,Bona,2026-07-30
Monk Leads Check at Tibia.com Compare character,889,EMExalted Monk,Bona,Refugia,2026-07-28
Portalin Check at Tibia.com Compare character,887,EMExalted Monk,Talera,Solidera,2026-07-28
Rem Check at Tibia.com Compare character,882,MSMaster Sorcerer,Pacera,Secura,2026-07-23
Lord Diddan Check at Tibia.com Compare character,879,RPRoyal Paladin,Celesta,Secura,2026-07-28
Zageth Tyron Check at Tibia.com Compare character,879,EKElite Knight,Menera,Monza,2026-07-30
Vortizen Check at Tibia.com Compare character,878,RPRoyal Paladin,Ourobra,Honbra,2026-07-24
Pi Pao Check at Tibia.com Compare character,878,EDElder Druid,Yonabra,Gentebra,2026-07-24
Monk Sem Cura Check at Tibia.com Compare character,876,EMExalted Monk,Honbra,Rasteibra,2026-07-27
Netow Again Check at Tibia.com Compare character,874,RPRoyal Paladin,Terribra,Monstera,2026-07-23
King The Machine Check at Tibia.com Compare character,874,MSMaster Sorcerer,Retalia,Terribra,2026-07-25
Rayito Velozs Check at Tibia.com Compare character,873,EDElder Druid,Ignitera,Quidera,2026-07-29
Jonah Wayne Check at Tibia.com Compare character,871,EKElite Knight,Citra,Aethera,2026-07-27
Rafcio The Seeker Check at Tibia.com Compare character,869,MSMaster Sorcerer,Xyla,Citra,2026-07-23
Duda Haniffer Check at Tibia.com Compare character,869,EKElite Knight,Gentebra,Celesta,2026-07-28
King Forthewin Check at Tibia.com Compare character,869,EKElite Knight,Serdebra,Quintera,2026-07-28
Teerko Wayne Check at Tibia.com Compare character,868,EDElder Druid,Unebra,Aethera,2026-07-25
Hopezz Check at Tibia.com Compare character,867,EDElder Druid,Honbra,Xyla,2026-07-23
Dead Is Dead Check at Tibia.com Compare character,867,EKElite Knight,Quintera,Calmera,2026-07-27
Goku Ek Check at Tibia.com Compare character,865,EKElite Knight,Blumera,Kalimera,2026-07-23
Czarodziejj Birddoo Check at Tibia.com Compare character,865,MSMaster Sorcerer,Jadebra,Noctalia,2026-07-27
Vinedv Check at Tibia.com Compare character,863,EKElite Knight,Antica,Serdebra,2026-07-24
Soulvald Check at Tibia.com Compare character,863,EDElder Druid,Lobera,Talera,2026-07-26
Mersalt Check at Tibia.com Compare character,861,MSMaster Sorcerer,Ourobra,Ombra,2026-07-28
Vajt Check at Tibia.com Compare character,859,EKElite Knight,Kalibra,Refugia,2026-07-23
Ghost Dy Check at Tibia.com Compare character,859,EKElite Knight,Unebra,Venebra,2026-07-26
Bez Domny Check at Tibia.com Compare character,857,EDElder Druid,Monza,Celesta,2026-07-26
Peixe Sombrio Check at Tibia.com Compare character,856,RPRoyal Paladin,Antica,Ferobra,2026-07-28
Satoshi War Tank Check at Tibia.com Compare character,855,EKElite Knight,Xyla,Jadebra,2026-07-29
Pedrin zor Check at Tibia.com Compare character,854,RPRoyal Paladin,Unebra,Tornabra,2026-07-28
Royal Millz Check at Tibia.com Compare character,853,RPRoyal Paladin,Quidera,Xymera,2026-07-29
Deusdezio Check at Tibia.com Compare character,853,PPaladin,Yonabra,Celesta,2026-07-30
Ruthless Healer Check at Tibia.com Compare character,852,EDElder Druid,Talera,Premia,2026-07-28
Orbic Check at Tibia.com Compare character,851,MSMaster Sorcerer,Celebra,Secura,2026-07-23
Kloni Check at Tibia.com Compare character,851,EMExalted Monk,Quelibra,Inabra,2026-07-28
Lost Galadriel Check at Tibia.com Compare character,848,EKElite Knight,Collabra,Venebra,2026-07-26
Max Gaint Check at Tibia.com Compare character,848,RPRoyal Paladin,Refugia,Secura,2026-07-28
Oblivionbo Check at Tibia.com Compare character,847,EDElder Druid,Inabra,Quelibra,2026-07-28
Vaio Wayne Check at Tibia.com Compare character,846,EKElite Knight,Xymera,Aethera,2026-07-23
Disaster Bonker Check at Tibia.com Compare character,846,MSMaster Sorcerer,Bona,Celesta,2026-07-30
Terror Banda Check at Tibia.com Compare character,844,EKElite Knight,Monza,Secura,2026-07-25
Thor Thertwojo Check at Tibia.com Compare character,844,MSMaster Sorcerer,Firmera,Antica,2026-07-27
Di ndo Check at Tibia.com Compare character,844,EKElite Knight,Cantabra,Rasteibra,2026-07-29
Neunes Check at Tibia.com Compare character,841,RPRoyal Paladin,Celebra,Bona,2026-07-30
Lowcost Nogueira Check at Tibia.com Compare character,840,EKElite Knight,Premia,Serdebra,2026-07-26
Maikol Gunz Check at Tibia.com Compare character,837,EDElder Druid,Havera,Thyria,2026-07-28
John Show Check at Tibia.com Compare character,837,MSMaster Sorcerer,Thyria,Solidera,2026-07-28
Moorti Check at Tibia.com Compare character,837,EDElder Druid,Kalanta,Luzibra,2026-07-29
Dzy Elma Monk Check at Tibia.com Compare character,836,EMExalted Monk,Xymera,Aethera,2026-07-27
Luuscas Check at Tibia.com Compare character,835,RPRoyal Paladin,Quelibra,Antica,2026-07-23
Ivexar Toxico Check at Tibia.com Compare character,835,MSMaster Sorcerer,Menera,Astera,2026-07-23
Boss Qasap Check at Tibia.com Compare character,835,RPRoyal Paladin,Secura,Yonabra,2026-07-28
Dre Gelintekin Check at Tibia.com Compare character,834,EKElite Knight,Wintera,Gentebra,2026-07-28
Edorix Shaolin Check at Tibia.com Compare character,832,EMExalted Monk,Xymera,Aethera,2026-07-27
Monktorsito Check at Tibia.com Compare character,831,EMExalted Monk,Xymera,Aethera,2026-07-27
Earl Godwin Check at Tibia.com Compare character,831,EDElder Druid,Menera,Bona,2026-07-30
Muzanx Check at Tibia.com Compare character,830,EKElite Knight,Rasteibra,Jadebra,2026-07-27
Taktyczny Wojchek Check at Tibia.com Compare character,830,RPRoyal Paladin,Menera,Celesta,2026-07-30
Ashvow Check at Tibia.com Compare character,828,RPRoyal Paladin,Peloria,Celesta,2026-07-26
Winking Face Check at Tibia.com Compare character,827,EDElder Druid,Xyla,Tornabra,2026-07-24
Summoner Jack Check at Tibia.com Compare character,827,MSMaster Sorcerer,Kalibra,Astera,2026-07-26
Straw Hat Lufffy Check at Tibia.com Compare character,827,MSMaster Sorcerer,Lobera,Talera,2026-07-26
Monstera Tanker Check at Tibia.com Compare character,827,EKElite Knight,Terribra,Monstera,2026-07-27
Espada De Cilantro Check at Tibia.com Compare character,826,EKElite Knight,Yovera,Ustebra,2026-07-27
Amandda Check at Tibia.com Compare character,825,EMExalted Monk,Ustebra,Blumera,2026-07-29
Gerunek Kartoflany Knurek Check at Tibia.com Compare character,822,RPRoyal Paladin,Karmeya,Kalanta,2026-07-23
Back in Blood Check at Tibia.com Compare character,822,RPRoyal Paladin,Thyria,Wintera,2026-07-26
Uncle Marin Check at Tibia.com Compare character,822,EKElite Knight,Nevia,Dia,2026-07-28
Extz King Check at Tibia.com Compare character,821,EKElite Knight,Celesta,Nefera,2026-07-24
Spy Crusitho Check at Tibia.com Compare character,821,EDElder Druid,Solidera,Serdebra,2026-07-24
Mudin Sarta Motcha Check at Tibia.com Compare character,820,EKElite Knight,Inabra,Solidera,2026-07-30
Tpeszu Check at Tibia.com Compare character,819,EKElite Knight,Antica,Peloria,2026-07-28
Richard Openpvp Check at Tibia.com Compare character,818,EKElite Knight,Xymera,Aethera,2026-07-27
Nedless Check at Tibia.com Compare character,818,RPRoyal Paladin,Wintera,Quintera,2026-07-28
Deedzar Check at Tibia.com Compare character,818,EKElite Knight,Antica,Quintera,2026-07-28
Strunkar Check at Tibia.com Compare character,818,EKElite Knight,Antica,Inabra,2026-07-28
Lukazed Check at Tibia.com Compare character,817,EDElder Druid,Talera,Quelibra,2026-07-24
Kastian Raposov Check at Tibia.com Compare character,815,EDElder Druid,Xyla,Citra,2026-07-25
Dragon Saole Check at Tibia.com Compare character,815,EKElite Knight,Havera,Solidera,2026-07-30
Le Ito Check at Tibia.com Compare character,814,RPRoyal Paladin,Karmeya,Yubra,2026-07-29
Vini Sios Check at Tibia.com Compare character,813,EDElder Druid,Yubra,Collabra,2026-07-24
Mad Yotto Check at Tibia.com Compare character,813,EKElite Knight,Vunira,Quelibra,2026-07-26
Vectro Max Wynn Check at Tibia.com Compare character,813,EDElder Druid,Xymera,Aethera,2026-07-27
Zobaczymy Czas Pokaze Check at Tibia.com Compare character,812,RPRoyal Paladin,Xyla,Noctalia,2026-07-25
Thebaias Manclass Check at Tibia.com Compare character,811,EKElite Knight,Yovera,Yubra,2026-07-22
Dracobra Cheguei Check at Tibia.com Compare character,810,EDElder Druid,Vunira,Ferobra,2026-07-24
Ha Jer Check at Tibia.com Compare character,810,MSMaster Sorcerer,Ourobra,Ombra,2026-07-28
Alpha Charlyne Check at Tibia.com Compare character,809,EMExalted Monk,Belobra,Gentebra,2026-07-26
Tomo Toredaa Check at Tibia.com Compare character,809,MSMaster Sorcerer,Nefera,Secura,2026-07-30
Pulga Bombinha Check at Tibia.com Compare character,808,EDElder Druid,Inabra,Quelibra,2026-07-24
Svetor Archer Check at Tibia.com Compare character,806,RPRoyal Paladin,Antica,Peloria,2026-07-28
Qbuss Check at Tibia.com Compare character,806,EKElite Knight,Bona,Gentebra,2026-07-28
Doon Nimbleness Check at Tibia.com Compare character,805,MSMaster Sorcerer,Xymera,Noctalia,2026-07-23
Pelorusxxxx Check at Tibia.com Compare character,805,EDElder Druid,Refugia,Oceanis,2026-07-29
Endir Check at Tibia.com Compare character,803,MSMaster Sorcerer,Belobra,Secura,2026-07-23
Ranzerlordz Check at Tibia.com Compare character,803,RPRoyal Paladin,Honbra,Xymera,2026-07-27
Kakashi Kidrauhl Check at Tibia.com Compare character,802,MSMaster Sorcerer,Bona,Kalibra,2026-07-28
Xevefha Check at Tibia.com Compare character,801,EKElite Knight,Pacera,Oceanis,2026-07-22
Digisu Check at Tibia.com Compare character,801,EDElder Druid,Lobera,Inabra,2026-07-30
Remigz Check at Tibia.com Compare character,800,EKElite Knight,Yubra,Ustebra,2026-07-22
Wuciq Check at Tibia.com Compare character,798,EDElder Druid,Celesta,Astera,2026-07-30
Alexz Refinero Check at Tibia.com Compare character,797,EKElite Knight,Solidera,Quintera,2026-07-28
Sborr Check at Tibia.com Compare character,796,RPRoyal Paladin,Tempestera,Jadebra,2026-07-27
Whoopzie Check at Tibia.com Compare character,796,MSMaster Sorcerer,Jadebra,Citra,2026-07-27
Mavokiinha Check at Tibia.com Compare character,796,EDElder Druid,Quelibra,Serdebra,2026-07-30
Colim Smith Check at Tibia.com Compare character,793,RPRoyal Paladin,Ourobra,Quelibra,2026-07-24
Prince Saiyan Check at Tibia.com Compare character,793,EMExalted Monk,Yovera,Ustebra,2026-07-27
Skipz Check at Tibia.com Compare character,793,EKElite Knight,Serdebra,Ferobra,2026-07-28
Cyasun Check at Tibia.com Compare character,792,EDElder Druid,Blumera,Kalimera,2026-07-25
Hoolic Check at Tibia.com Compare character,792,RPRoyal Paladin,Inabra,Thyria,2026-07-30
Neverstop Check at Tibia.com Compare character,791,MSMaster Sorcerer,Inabra,Antica,2026-07-23
Mardo Reaper Check at Tibia.com Compare character,789,EDElder Druid,Peloria,Antica,2026-07-23
Sweet Hahaha Check at Tibia.com Compare character,789,EDElder Druid,Yonabra,Celesta,2026-07-23
Vilemago Check at Tibia.com Compare character,789,MSMaster Sorcerer,Monstera,Terribra,2026-07-25
Enjinn Check at Tibia.com Compare character,786,EDElder Druid,Harmonia,Secura,2026-07-25
Skullitta Check at Tibia.com Compare character,786,EDElder Druid,Solidera,Ferobra,2026-07-26
Lord Sio You Check at Tibia.com Compare character,786,EDElder Druid,Yovera,Etebra,2026-07-28
Osneiver Check at Tibia.com Compare character,786,EKElite Knight,Ignitera,Quidera,2026-07-29
Kotlinons Check at Tibia.com Compare character,786,MSMaster Sorcerer,Inabra,Antica,2026-07-30
Haj Tyr Check at Tibia.com Compare character,785,MSMaster Sorcerer,Ignitera,Quidera,2026-07-29
Znaczus Check at Tibia.com Compare character,785,EKElite Knight,Bona,Refugia,2026-07-30
Milanesa Rob Check at Tibia.com Compare character,782,MSMaster Sorcerer,Solidera,Pacera,2026-07-24
Vaelith of Libera Check at Tibia.com Compare character,780,RPRoyal Paladin,Serdebra,Lobera,2026-07-30
Fork Weaver Check at Tibia.com Compare character,779,EDElder Druid,Celesta,Bona,2026-07-28
Prikles Mal Check at Tibia.com Compare character,779,EKElite Knight,Descubra,Kalanta,2026-07-29
The Costela Check at Tibia.com Compare character,778,RPRoyal Paladin,Yubra,Collabra,2026-07-28
Exmindero Check at Tibia.com Compare character,776,EKElite Knight,Epoca,Antica,2026-07-23
King Mjolnir Check at Tibia.com Compare character,776,EKElite Knight,Collabra,Etebra,2026-07-28
Luisnilsonn Check at Tibia.com Compare character,775,RPRoyal Paladin,Xyla,Noctalia,2026-07-27
Selphixx Check at Tibia.com Compare character,772,EKElite Knight,Talera,Havera,2026-07-26
Knight Merlin Check at Tibia.com Compare character,772,EKElite Knight,Astera,Nefera,2026-07-26
Tenente Mussarella Check at Tibia.com Compare character,771,EKElite Knight,Bravoria,Collabra,2026-07-24
Jlitox Flash Check at Tibia.com Compare character,771,EKElite Knight,Ignitera,Quidera,2026-07-29
Rithz Ameretat Poderoso Check at Tibia.com Compare character,770,RPRoyal Paladin,Ourobra,Quidera,2026-07-23
Taris Sarinan Check at Tibia.com Compare character,769,EKElite Knight,Vunira,Havera,2026-07-24
Jumentin Empresario Check at Tibia.com Compare character,769,RPRoyal Paladin,Inabra,Serdebra,2026-07-28
Infamous Vectro Check at Tibia.com Compare character,768,EKElite Knight,Xymera,Aethera,2026-07-27
Kagerinhuu Check at Tibia.com Compare character,767,RPRoyal Paladin,Inabra,Quelibra,2026-07-26
Rimira Targaryen Check at Tibia.com Compare character,766,EKElite Knight,Kalanta,Karmeya,2026-07-27
Tmack Check at Tibia.com Compare character,763,RPRoyal Paladin,Ignitera,Quidera,2026-07-29
Cencik Flame Check at Tibia.com Compare character,763,MSMaster Sorcerer,Antica,Refugia,2026-07-30
Ztaha Check at Tibia.com Compare character,762,MSMaster Sorcerer,Cantabra,Honbra,2026-07-24
Murillao Bombs Check at Tibia.com Compare character,762,EDElder Druid,Inabra,Quelibra,2026-07-26
Rbandsw Available Check at Tibia.com Compare character,762,MSMaster Sorcerer,Idyllia,Nevia,2026-07-26
Solcadens Check at Tibia.com Compare character,761,MSMaster Sorcerer,Yubra,Blumera,2026-07-23
Teen Lyysy Check at Tibia.com Compare character,760,MSMaster Sorcerer,Secura,Oceanis,2026-07-25
Jonakz Check at Tibia.com Compare character,760,EDElder Druid,Inabra,Quelibra,2026-07-26
Palazete Check at Tibia.com Compare character,758,RPRoyal Paladin,Gladibra,Rasteibra,2026-07-27
Venloo Makarena Check at Tibia.com Compare character,758,EKElite Knight,Eclipta,Tempestera,2026-07-27
Jokaben Check at Tibia.com Compare character,757,RPRoyal Paladin,Secura,Belobra,2026-07-24
Oldmask Check at Tibia.com Compare character,757,EKElite Knight,Calmera,Luminera,2026-07-26
Qelly Check at Tibia.com Compare character,757,MSMaster Sorcerer,Antica,Solidera,2026-07-26
Bez Radny Check at Tibia.com Compare character,757,EKElite Knight,Dia,Stralis,2026-07-27
Enta Azikye Check at Tibia.com Compare character,757,MSMaster Sorcerer,Astera,Refugia,2026-07-28
Nefastiel Check at Tibia.com Compare character,756,EDElder Druid,Celesta,Oceanis,2026-07-25
Frostflake Heron Check at Tibia.com Compare character,756,EKElite Knight,Belobra,Yonabra,2026-07-26
Druid Krys Banacki Check at Tibia.com Compare character,756,EDElder Druid,Kalibra,Refugia,2026-07-28
Shrike Drone Check at Tibia.com Compare character,755,RPRoyal Paladin,Escura,Noctalia,2026-07-23
Bebetano Check at Tibia.com Compare character,753,EDElder Druid,Quintera,Havera,2026-07-30
Elitarny Padre Check at Tibia.com Compare character,752,EKElite Knight,Astera,Bona,2026-07-28
Exit Airlines Check at Tibia.com Compare character,751,EDElder Druid,Peloria,Antica,2026-07-27
Titinho Lopez Check at Tibia.com Compare character,751,EKElite Knight,Ourobra,Havera,2026-07-30
Infamous Zikov Check at Tibia.com Compare character,750,MSMaster Sorcerer,Xymera,Aethera,2026-07-27
Gaboom Check at Tibia.com Compare character,750,MSMaster Sorcerer,Yovera,Luzibra,2026-07-29
Rebellious Healer Check at Tibia.com Compare character,749,EDElder Druid,Talera,Antica,2026-07-27
Blujoyz Suizide Check at Tibia.com Compare character,749,EKElite Knight,Solidera,Inabra,2026-07-28
Bevoid Check at Tibia.com Compare character,747,MSMaster Sorcerer,Refugia,Belobra,2026-07-24
Pally Moa Check at Tibia.com Compare character,746,RPRoyal Paladin,Nefera,Secura,2026-07-23
Zalu Check at Tibia.com Compare character,746,RPRoyal Paladin,Yovera,Venebra,2026-07-26
Notorious Check at Tibia.com Compare character,745,EKElite Knight,Quidera,Xymera,2026-07-27
Lord Deewill Check at Tibia.com Compare character,744,EKElite Knight,Antica,Wintera,2026-07-26
Galet Hes Check at Tibia.com Compare character,744,MSMaster Sorcerer,Yonabra,Gentebra,2026-07-26
Srleo Check at Tibia.com Compare character,743,EKElite Knight,Pacera,Gladera,2026-07-30
Defibrillation Check at Tibia.com Compare character,742,EKElite Knight,Blumera,Kalimera,2026-07-23
Thea Hauania Check at Tibia.com Compare character,742,EKElite Knight,Monstera,Terribra,2026-07-23
Unstoppable Rodvisk Check at Tibia.com Compare character,741,RPRoyal Paladin,Ourobra,Quidera,2026-07-25
El Maniatico Check at Tibia.com Compare character,740,EKElite Knight,Antica,Bona,2026-07-24
Bonekoo Overagain Check at Tibia.com Compare character,739,EDElder Druid,Ombra,Ourobra,2026-07-23
Poty Kan Check at Tibia.com Compare character,738,EKElite Knight,Calmera,Kalibra,2026-07-24
Lars Lasse Gathenhielm Check at Tibia.com Compare character,738,EKElite Knight,Secura,Celesta,2026-07-28
Vaurian Check at Tibia.com Compare character,738,RPRoyal Paladin,Kalibra,Celesta,2026-07-30
Royal Vozhina Check at Tibia.com Compare character,737,RPRoyal Paladin,Quelibra,Solidera,2026-07-24
Chunkunxz Check at Tibia.com Compare character,737,RPRoyal Paladin,Xymera,Aethera,2026-07-29
Soliz Check at Tibia.com Compare character,736,EDElder Druid,Nevia,Kalanta,2026-07-29
Tre&apos;merrov Check at Tibia.com Compare character,735,RPRoyal Paladin,Solidera,Quelibra,2026-07-24
Jesuitox tankea Check at Tibia.com Compare character,734,EDElder Druid,Xymera,Ignitera,2026-07-23
Digohh Check at Tibia.com Compare character,734,EKElite Knight,Jadebra,Xybra,2026-07-25
Holy Bolt Shooter Check at Tibia.com Compare character,733,RPRoyal Paladin,Solidera,Quelibra,2026-07-24
Marcelinow Check at Tibia.com Compare character,732,MSMaster Sorcerer,Quelibra,Ferobra,2026-07-26
Sakkah Check at Tibia.com Compare character,732,EDElder Druid,Secura,Belobra,2026-07-26
Shelox Swift Check at Tibia.com Compare character,732,MSMaster Sorcerer,Ignitera,Quidera,2026-07-29
Enefzet Healing Check at Tibia.com Compare character,729,EDElder Druid,Calmera,Monza,2026-07-26
Firerings Check at Tibia.com Compare character,728,MSMaster Sorcerer,Bona,Belobra,2026-07-30
Bezlitosny Wiesiek Check at Tibia.com Compare character,727,MSMaster Sorcerer,Belobra,Refugia,2026-07-25
Jack Spear Check at Tibia.com Compare character,727,RPRoyal Paladin,Honbra,Ombra,2026-07-26
Latinha Elite Check at Tibia.com Compare character,727,EKElite Knight,Unebra,Xyla,2026-07-27
Rumcajss King Check at Tibia.com Compare character,726,MSMaster Sorcerer,Bona,Refugia,2026-07-30
Mortjewels Check at Tibia.com Compare character,725,EDElder Druid,Pacera,Monza,2026-07-23
Boozzy Check at Tibia.com Compare character,725,EKElite Knight,Eclipta,Kalanta,2026-07-25
Maklax Wildpush Check at Tibia.com Compare character,725,EKElite Knight,Ferobra,Premia,2026-07-28
Sir Peco Check at Tibia.com Compare character,725,EKElite Knight,Belobra,Harmonia,2026-07-30
Stack Check at Tibia.com Compare character,724,RPRoyal Paladin,Lobera,Havera,2026-07-24
Dread Bones Check at Tibia.com Compare character,724,EDElder Druid,Wintera,Havera,2026-07-26
Blodash Check at Tibia.com Compare character,723,EDElder Druid,Wintera,Solidera,2026-07-26
Maxxn Check at Tibia.com Compare character,722,EDElder Druid,Rasteibra,Honbra,2026-07-26
Bixs Check at Tibia.com Compare character,722,RPRoyal Paladin,Quelibra,Inabra,2026-07-28
Teerko Openpvp Check at Tibia.com Compare character,721,EMExalted Monk,Xymera,Aethera,2026-07-23
Lord Nozz Check at Tibia.com Compare character,720,EKElite Knight,Antica,Havera,2026-07-28
Renegg Check at Tibia.com Compare character,719,RPRoyal Paladin,Ferobra,Havera,2026-07-26
Joninhazs Check at Tibia.com Compare character,719,EDElder Druid,Jadebra,Ombra,2026-07-28
Rayo Magzqueen Check at Tibia.com Compare character,718,EDElder Druid,Quintera,Wintera,2026-07-30
Lanxelot Check at Tibia.com Compare character,717,EDElder Druid,Gladera,Celesta,2026-07-26
Nelic Knight Check at Tibia.com Compare character,716,EKElite Knight,Ourobra,Cantabra,2026-07-23
Street Sharckks Check at Tibia.com Compare character,716,EDElder Druid,Xymera,Aethera,2026-07-29
Rymka Check at Tibia.com Compare character,715,MSMaster Sorcerer,Ourobra,Jadebra,2026-07-24
Helmbert Heilnix Check at Tibia.com Compare character,715,EDElder Druid,Calmera,Pacera,2026-07-26
Paje Zin Check at Tibia.com Compare character,715,EKElite Knight,Blumera,Issobra,2026-07-26
Knight Zepp Check at Tibia.com Compare character,715,EKElite Knight,Yonabra,Pacera,2026-07-28
Mordziulek Check at Tibia.com Compare character,714,RPRoyal Paladin,Karmeya,Issobra,2026-07-28
Kryohgen Check at Tibia.com Compare character,712,EDElder Druid,Menera,Menera,2026-07-30
Dennaii Dracobra Check at Tibia.com Compare character,711,MSMaster Sorcerer,Vunira,Ferobra,2026-07-26
Murillao Praguinha bomba Check at Tibia.com Compare character,710,EDElder Druid,Ferobra,Antica,2026-07-27
Osni Powerz Check at Tibia.com Compare character,710,RPRoyal Paladin,Ourobra,Quidera,2026-07-29
Waguinho Amassa Cranio Check at Tibia.com Compare character,709,EDElder Druid,Ferobra,Quelibra,2026-07-30
Emim Daga Check at Tibia.com Compare character,708,EKElite Knight,Xymera,Aethera,2026-07-27
Gdez Check at Tibia.com Compare character,708,DDruid,Tornabra,Ombra,2026-07-28
Rootbane Check at Tibia.com Compare character,707,EDElder Druid,Antica,Premia,2026-07-26
Bombinha Retro Manndda Check at Tibia.com Compare character,706,DDruid,Eclipta,Tempestera,2026-07-27
Xexedion Check at Tibia.com Compare character,706,MSMaster Sorcerer,Oceanis,Nefera,2026-07-30
Hereditarios Check at Tibia.com Compare character,705,EKElite Knight,Descubra,Yovera,2026-07-24
Babboka Check at Tibia.com Compare character,704,DDruid,Karmeya,Descubra,2026-07-26
Fu&apos;jin Check at Tibia.com Compare character,704,RPRoyal Paladin,Celesta,Monza,2026-07-30
Legendsa Check at Tibia.com Compare character,703,EDElder Druid,Antica,Lobera,2026-07-26
Vaso De Chokolatin Check at Tibia.com Compare character,702,EDElder Druid,Talera,Wintera,2026-07-24
Royal Thoreds Check at Tibia.com Compare character,701,RPRoyal Paladin,Ferobra,Antica,2026-07-23
Pauliinsz Check at Tibia.com Compare character,700,EDElder Druid,Inabra,Ferobra,2026-07-24
Akrilus Check at Tibia.com Compare character,700,RPRoyal Paladin,Refugia,Gentebra,2026-07-24
Elite Darkzz Check at Tibia.com Compare character,700,EKElite Knight,Serdebra,Quintera,2026-07-26
Bet On Yourself Check at Tibia.com Compare character,699,MSMaster Sorcerer,Nevia,Collabra,2026-07-24
Ancient Farru Defender Check at Tibia.com Compare character,699,MSMaster Sorcerer,Inabra,Solidera,2026-07-28
Krsaantan Check at Tibia.com Compare character,699,EKElite Knight,Lobera,Havera,2026-07-30
Castiel Nahrpadrim Check at Tibia.com Compare character,697,RPRoyal Paladin,Quelibra,Solidera,2026-07-24
