world,n_obs,first,last,px_first,px_last,px_med,px_min,px_max,vol,sold,bought,lots_sold,region,pvp_type,battleye_protected,battleye_date,transfer_type,created,is_merge_destination,launch_in_window,premium_only,record_online,guilds,people_in_guilds,ach_points,converged,activity_year,active_chars,premium_accounts,free_accounts,premium_share,mean_level,median_level,chars_level_100plus,pct_level_100plus,vip_total,vip_guilds,population,active_share,guilded_share,total_ret_pct
Aethera,318,2025-09-04,2026-07-25,22461.5,38771.5,27828.5,12577.0,38771.5,4.857590129795622,400.0,525.0,16.0,North America,Open PvP,True,release,regular,2024-10-16,False,True,False,376.0,9,382,69223,False,20.738292011019283,2738,1421,1317,0.5189919649379109,131.2436084733382,50.0,893,0.3261504747991234,6421,9,6421,0.4264133312568136,0.05949229092041738,72.61313803619527
Antica,1273,2023-01-11,2026-07-30,28486.0,39158.0,36832.0,28049.0,41006.5,1.0506558858500155,7575.0,11425.0,303.0,Europe,Open PvP,True,2017-08-29,regular,1997-01-09,False,False,False,1100.0,119,9641,1240835,True,495.6398891966759,12663,6870,5793,0.5425254678986022,255.8832030324568,157.0,8129,0.6419489852325673,306646,120,306646,0.04129517424000313,0.03144016227180527,37.46401741206207
Astera,789,2024-05-31,2026-07-30,39119.0,43406.5,41069.5,34518.0,45170.5,1.4906884261942306,4400.0,2975.0,176.0,North America,Optional PvP,True,2017-09-12,regular,2005-01-25,False,False,False,1051.0,82,4833,867292,True,276.59504132231405,7637,4246,3391,0.5559774780673039,301.7299986905853,197.0,5369,0.7030247479376719,99687,84,99687,0.07660978863843831,0.048481747870835715,10.960147243027695
Belobra,863,2024-02-09,2026-07-29,41698.5,42843.5,41249.5,35428.0,45866.0,1.4758802228399714,4250.0,2775.0,170.0,South America,Optional PvP,True,2017-06-22,regular,2016-12-13,False,False,False,1050.0,65,2995,727117,True,258.2947658402204,5776,3362,2414,0.5820637119113573,345.8431440443213,247.0,4173,0.722472299168975,108233,64,108233,0.05336634852586549,0.027671782173643897,2.745902130772082
Blumera,266,2025-11-07,2026-07-30,41327.0,38985.0,38223.5,34739.0,43915.5,1.2438527944579045,2450.0,2025.0,98.0,North America,Optional PvP,True,release,regular,2025-11-06,True,False,False,345.0,42,1247,171161,True,137.0568181818182,4200,2850,1350,0.6785714285714286,234.63833333333332,130.0,2393,0.5697619047619048,30034,42,30034,0.13984151295198774,0.0415196111074116,-5.666997362499093
Bona,568,2025-01-01,2026-07-28,40789.0,42475.5,40949.0,36561.5,45166.0,0.9114198522736316,2325.0,3412.5,93.0,Europe,Optional PvP,True,2018-04-19,regular,2005-05-24,True,False,False,952.0,56,2419,513284,True,261.43250688705234,5884,3451,2433,0.586505778382053,312.7805914343984,231.0,4244,0.7212780421481985,119205,56,119205,0.04936034562308628,0.020292772954154607,4.1346931770820605
Bravoria,331,2025-08-28,2026-07-24,24279.0,37971.0,37573.5,24279.0,41893.0,1.5695802971409447,475.0,550.0,19.0,Europe,Optional PvP,True,release,regular,2024-10-16,False,True,False,479.0,9,130,25564,False,34.8099173553719,3193,1653,1540,0.5176949577200125,108.98528030065768,47.0,896,0.2806138427810836,7809,9,7809,0.40888718145729286,0.016647458061211422,56.394414926479676
Calmera,843,2024-04-06,2026-07-27,40832.0,42013.5,40745.0,34524.5,46542.0,1.1196209275146785,2075.0,1625.0,83.0,North America,Optional PvP,True,2017-09-12,regular,2003-04-17,False,False,False,1051.0,64,5353,776725,True,160.90633608815426,8016,3674,4342,0.4583333333333333,234.82060878243513,145.0,5046,0.6294910179640718,80680,64,80680,0.09935547843331681,0.06634853743182945,2.893563871473348
Cantabra,328,2025-09-03,2026-07-29,29207.0,40534.5,32357.75,22028.5,40534.5,2.7716267870953817,875.0,1287.5,35.0,South America,Open PvP,True,release,regular,2024-10-16,False,True,False,795.0,9,766,189146,False,62.97796143250689,3386,1954,1432,0.577082102776137,193.26491435321913,63.0,1380,0.4075605434140579,13420,9,13420,0.25230998509687036,0.05707898658718331,38.783510802204944
Celebra,327,2025-09-04,2026-07-27,42151.0,43811.5,42122.0,38324.0,45904.0,1.5088159595838286,3325.0,1550.0,133.0,South America,Optional PvP,True,2018-10-29,regular,2018-10-29,False,False,False,863.0,35,1697,509150,True,165.33608815426996,4336,2479,1857,0.5717250922509225,359.5846402214022,275.0,3169,0.7308579335793358,48905,37,48905,0.08866169103363664,0.034699928432675595,3.9394083177148875
Celesta,576,2024-12-31,2026-07-29,41590.5,43167.5,41121.5,37690.0,45416.0,0.9059138290156101,2925.0,3525.0,117.0,Europe,Optional PvP,True,2017-09-05,regular,2004-11-24,False,False,False,1051.0,64,1898,506476,True,242.55922865013775,5046,3212,1834,0.6365437970669837,376.36424891002775,276.0,3792,0.751486325802616,82158,64,82158,0.06141824289783101,0.023101828184717253,3.791731284788602
Citra,259,2025-11-07,2026-07-23,41005.5,37526.0,36506.5,32757.0,42416.0,1.3482418953234037,950.0,1225.0,38.0,Europe,Open PvP,True,release,regular,2025-11-06,True,False,False,170.0,16,642,99261,True,59.64772727272727,3603,2213,1390,0.61421038023869,160.30446849847348,62.0,1440,0.3996669442131557,14849,16,14849,0.24264260219543404,0.04323523469593912,-8.485447074172981
Collabra,333,2025-08-28,2026-07-26,38784.0,40040.0,39278.0,36021.0,44599.0,0.9376046587623887,3200.0,1825.0,128.0,South America,Optional PvP,True,release,regular,2019-09-25,True,False,False,544.0,23,1902,391275,True,153.7520661157025,4672,2504,2168,0.535958904109589,285.3120719178082,165.0,2997,0.6414811643835616,60768,23,60768,0.07688256977356503,0.031299368088467616,3.2384488448844895
Descubra,574,2025-01-01,2026-07-30,40239.5,40221.5,38754.75,35715.5,44100.5,1.2272255872021665,2750.0,2200.0,110.0,South America,Optional PvP,True,release,regular,2017-12-12,False,False,False,900.0,32,2163,416981,True,184.44628099173553,5146,2778,2368,0.5398367664205208,265.59385930820054,161.0,3285,0.6383598911776137,90578,32,90578,0.05681291262779041,0.02387997085384972,-0.04473216615514808
Dia,998,2023-10-14,2026-07-28,20388.0,37868.5,36485.0,15274.5,43492.0,1.8420394272702483,1725.0,2400.0,69.0,Europe,Optional PvP,True,release,regular,2023-02-08,False,True,False,1055.0,34,822,154365,False,162.89256198347107,4011,2851,1160,0.7107953128895538,277.808526551982,178.0,2569,0.6404886561954625,34911,32,34911,0.11489215433530979,0.02354558735069176,85.73916029036688
Dracobra,176,2026-02-01,2026-07-26,11175.5,38570.0,19449.0,10682.5,38570.0,3.1685384247286015,2412.5,3675.0,96.5,South America,Open PvP,True,release,blocked,2025-10-29,False,True,False,791.0,8,1870,92150,False,156.67279411764707,4370,2650,1720,0.6064073226544623,104.2162471395881,50.0,1332,0.3048054919908466,13525,8,13525,0.3231053604436229,0.13826247689463955,245.12997181334168
Eclipta,259,2025-11-07,2026-07-23,35568.0,38202.5,36906.5,35117.5,40034.0,1.0965076087163605,350.0,725.0,14.0,Europe,Retro Open PvP,True,release,regular,2025-11-06,True,False,False,146.0,5,954,100935,True,28.742424242424242,4595,2280,2315,0.4961915125136017,152.39695321001088,87.0,2124,0.4622415669205658,45285,5,45285,0.10146847742077951,0.021066578337197748,7.406938821412501
Epoca,322,2025-09-05,2026-07-23,36227.5,39284.0,38239.5,32163.0,41095.5,1.8898633980842787,400.0,650.0,16.0,Europe,Retro Open PvP,True,2018-04-19,regular,2014-10-15,True,False,False,335.0,12,1524,245817,True,33.48209366391185,4630,2119,2511,0.4576673866090712,182.13952483801296,106.0,2431,0.5250539956803456,50348,12,50348,0.09195995868753476,0.030269325494557877,8.436960872265553
Escura,323,2025-09-03,2026-07-27,1427.0,25998.0,12879.0,1387.0,25998.0,7.554883484182929,175.0,400.0,7.0,Europe,Retro Open PvP,True,release,blocked,2025-08-27,False,True,False,388.0,1,409,9415,False,19.266467065868262,2094,1074,1020,0.5128939828080229,54.55014326647565,31.0,310,0.1480420248328557,2856,1,2856,0.7331932773109243,0.14320728291316526,1721.8640504555012
Etebra,335,2025-08-28,2026-07-28,38829.5,39591.5,39057.0,36487.0,44766.0,1.016611604947195,1625.0,1425.0,65.0,South America,Optional PvP,True,release,regular,2023-02-08,False,True,False,1054.0,10,549,138141,False,91.38567493112947,3768,2016,1752,0.535031847133758,196.5265392781316,98.0,1882,0.4994692144373673,30835,10,30835,0.12219880006486136,0.017804443003080914,1.962425475476115
Ferobra,333,2025-08-29,2026-07-28,36173.5,39365.5,37790.5,35002.0,41340.0,1.5848978776357825,4725.0,2875.0,189.0,South America,Open PvP,True,2017-07-04,regular,2016-11-22,False,False,False,1054.0,46,5417,935086,True,204.14325068870522,7828,4861,2967,0.6209759836484415,301.9155595298927,201.0,5406,0.6905978538579458,106511,46,106511,0.07349475641013604,0.050858596764653416,8.82413921793579
Firmera,324,2025-09-04,2026-07-24,36466.5,38347.5,38259.75,30955.0,43359.0,1.4899450522344162,700.0,750.0,28.0,North America,Retro Open PvP,True,2018-04-19,regular,2014-10-15,True,False,False,1051.0,17,1282,205283,True,33.6831955922865,4616,2119,2497,0.459055459272097,184.42742634315425,106.0,2413,0.5227469670710572,70458,17,70458,0.06551420704533197,0.018195236878707884,5.158158858130069
Floribra,65,2026-05-24,2026-07-29,1390.5,13232.0,10377.0,1390.5,13535.5,7.366821891339935,2750.0,7375.0,110.0,South America,Optional PvP,True,release,blocked,2026-05-20,False,True,False,200.0,8,1261,55999,False,181.32394366197184,3445,2893,552,0.8397677793904209,74.5465892597968,36.0,761,0.220899854862119,7404,8,7404,0.4652890329551594,0.17031334413830362,851.6001438331535
Gentebra,573,2025-01-01,2026-07-27,41625.5,42954.5,41393.5,38789.0,45195.0,1.0777581646433256,4200.0,2350.0,168.0,South America,Optional PvP,True,2017-12-12,regular,2017-12-12,False,False,False,1052.0,49,2778,752674,True,209.81542699724517,5308,3177,2131,0.5985305199698568,364.1145440844009,255.0,3958,0.7456669178598342,86329,49,86329,0.061485711638035886,0.03217922135087862,3.1927544413880904
Gladera,859,2024-02-09,2026-07-24,39879.5,42558.0,40569.5,32967.0,45190.0,1.6470724935739183,2350.0,1800.0,94.0,North America,Optional PvP,True,2018-04-19,regular,2009-11-24,True,False,False,961.0,33,4615,595209,True,127.78512396694215,8201,3243,4958,0.3954395805389586,216.19436654066575,148.0,5345,0.6517497866113888,110738,33,110738,0.07405768570860952,0.04167494446350846,6.716483406261364
Gladibra,325,2025-09-05,2026-07-26,35181.5,36948.5,36885.5,31938.5,42052.5,1.3174029565885366,775.0,1125.0,31.0,South America,Retro Open PvP,True,release,regular,2024-09-09,True,False,False,552.0,4,1187,92593,True,47.38567493112948,5849,2655,3194,0.4539237476491708,169.4841853308258,111.0,3144,0.5375277825269277,163058,3,163058,0.03587067178549964,0.007279618295330496,5.022526043517184
Harmonia,791,2024-05-31,2026-07-30,39263.0,43883.5,40697.0,33275.5,44480.5,1.0997726674971058,1800.0,1875.0,72.0,Europe,Optional PvP,True,2017-09-05,regular,2004-03-30,False,False,False,1051.0,57,2385,441967,True,184.80716253443526,5775,3119,2656,0.5400865800865801,278.6995670995671,190.0,3840,0.6649350649350649,81408,57,81408,0.07093897405660378,0.029296875,11.768076815322303
Havera,321,2025-09-04,2026-07-21,36301.0,39096.5,37728.0,35472.5,41479.0,1.0107240393816002,3825.0,3750.0,153.0,North America,Open PvP,True,2021-12-06,regular,2004-10-20,True,False,False,585.0,66,8670,900461,True,200.41046831955921,11659,5697,5962,0.4886353889698945,200.5898447551248,111.0,6278,0.5384681362037911,184245,66,184245,0.06327987190968547,0.047056907921517545,7.700889782650622
Honbra,575,2025-01-01,2026-07-29,39630.0,39958.0,37678.5,32506.5,41430.5,1.0501014059647285,3850.0,3675.0,154.0,South America,Open PvP,True,release,regular,2017-04-17,False,False,False,1051.0,29,1787,348696,True,216.58677685950414,4874,2814,2060,0.5773491998358637,283.088223225277,178.0,3259,0.6686499794829709,99565,29,99565,0.04895294531210767,0.017948074122432583,0.8276558163007763
Hostera,170,2026-02-01,2026-07-24,10897.0,24457.5,17874.0,10651.5,26905.5,3.767245592962408,937.5,2037.5,37.5,North America,Open PvP,True,release,blocked,2025-10-29,False,True,False,443.0,9,334,23126,False,72.7720588235294,2713,1551,1162,0.5716918540361223,87.25875414670107,46.0,732,0.2698120162182086,4771,9,4771,0.5686438901697757,0.07000628798993921,124.44250711204919
Idyllia,176,2026-02-01,2026-07-27,13430.5,31017.5,20660.25,12721.0,31017.5,2.912061503527146,600.0,937.5,24.0,Europe,Optional PvP,True,release,blocked,2025-10-29,False,True,False,482.0,5,153,10565,False,58.919117647058826,2730,1476,1254,0.5406593406593406,75.43956043956044,37.0,586,0.2146520146520146,4959,5,4959,0.5505142165759226,0.030852994555353903,130.94821488403264
Ignibra,80,2026-05-07,2026-07-26,12420.0,22502.0,14333.5,10443.0,22502.0,4.1454907204185085,537.5,737.5,21.5,South America,Retro Open PvP,True,release,blocked,2026-02-18,False,True,False,389.0,1,899,17022,False,43.07453416149068,2542,1433,1109,0.5637293469708891,49.590086546026754,28.0,270,0.1062155782848151,3595,1,3595,0.7070931849791376,0.25006954102920725,81.17552334943639
Ignitera,322,2025-09-04,2026-07-25,16154.0,37671.5,28856.5,14827.0,39186.5,2.9034647147546324,1212.5,1462.5,48.5,North America,Open PvP,True,release,regular,2025-02-19,False,True,False,553.0,4,269,37091,False,53.24517906336088,3044,1516,1528,0.4980289093298292,105.5607752956636,53.0,975,0.3203022339027595,6834,4,6834,0.4454199590283875,0.03936201346210126,133.20230283521107
Inabra,882,2024-02-09,2026-07-30,35542.0,39690.5,37219.25,27646.0,41188.0,1.9189225876242881,6150.0,3875.0,246.0,South America,Open PvP,True,2017-12-12,regular,2017-12-12,False,False,False,1056.0,69,5949,999920,True,290.7603305785124,8239,4729,3510,0.5739774244447141,303.7383177570093,222.0,5771,0.7004490836266537,79644,69,79644,0.10344784290090904,0.07469489227060419,11.672106240504188
Issobra,331,2025-08-28,2026-07-25,39486.0,39182.0,38923.5,36068.0,44269.0,1.3419226929584238,2175.0,1350.0,87.0,South America,Optional PvP,True,release,regular,2022-03-23,False,False,False,927.0,13,1275,243207,True,99.5426997245179,3966,2211,1755,0.5574886535552194,219.15380736258192,105.0,2063,0.5201714573877962,24527,13,24527,0.16169935173482286,0.051983528356505077,-0.769893126677812
Jadebra,328,2025-09-04,2026-07-28,36133.0,39545.5,37999.75,35482.5,41206.0,1.061440363695387,4275.0,3525.0,171.0,South America,Open PvP,True,release,regular,2023-08-28,True,False,False,655.0,16,1856,309977,True,193.41322314049586,4925,3022,1903,0.6136040609137056,264.3539086294416,155.0,3087,0.6268020304568528,89991,17,89991,0.05472769499172139,0.020624284650687292,9.444275316192963
Junera,62,2026-05-23,2026-07-26,1236.0,12720.5,9493.25,1236.0,12896.5,8.110484156193888,1662.5,3250.0,66.5,North America,Optional PvP,True,release,blocked,2026-05-20,False,True,False,200.0,14,443,17201,False,95.30985915492958,2555,2074,481,0.8117416829745597,58.29236790606654,32.0,407,0.1592954990215264,3601,14,3601,0.7095251319078034,0.12302138294918079,929.1666666666666
Kalanta,264,2025-11-07,2026-07-28,37629.0,37135.0,36984.75,34201.0,41842.0,1.3421924442162325,1250.0,1837.5,50.0,Europe,Optional PvP,True,release,regular,2025-11-06,True,False,False,347.0,24,1140,157666,True,104.06818181818181,4031,2789,1242,0.6918878690151328,203.668320516001,100.0,2019,0.500868270900521,21758,24,21758,0.18526518981524037,0.05239452155529001,-1.3128172420207807
Kalibra,329,2025-09-04,2026-07-29,40961.0,43513.0,41868.0,36886.0,45429.0,1.547863484412858,4050.0,2300.0,162.0,South America,Optional PvP,True,2017-12-12,regular,2017-12-12,False,False,False,1005.0,31,1358,474329,True,180.08815426997245,4365,2645,1720,0.6059564719358533,392.7860252004582,317.0,3400,0.7789232531500573,71635,31,71635,0.060933901026034756,0.018957213652544148,6.230316642660094
Kalimera,327,2025-08-29,2026-07-22,15125.5,37101.0,20331.0,12583.5,37580.0,3.7257192673919803,575.0,725.0,23.0,North America,Optional PvP,True,release,regular,2025-05-21,False,True,False,244.0,6,425,33447,False,35.38567493112948,2805,1557,1248,0.5550802139037433,90.47736185383243,40.0,632,0.2253119429590017,5717,6,5717,0.4906419450760889,0.07433968864789225,145.2877590823444
Kanda,83,2026-05-08,2026-07-30,13138.5,21589.0,14040.0,11789.0,22264.0,2.9548557153910586,2350.0,3500.0,94.0,Europe,Optional PvP,True,release,blocked,2026-02-18,False,True,False,923.0,18,449,39567,False,176.37888198757764,3594,2602,992,0.7239844184752365,99.49693934335002,50.0,1208,0.3361157484696717,11374,18,11374,0.31598382275364867,0.03947599788992439,64.31860562469079
Karmeya,571,2025-01-01,2026-07-25,41983.0,38353.0,38353.0,35134.5,42774.0,0.8486975385457677,2075.0,2750.0,83.0,Europe,Optional PvP,True,release,regular,2024-09-09,True,False,False,607.0,31,564,107194,True,166.45730027548208,4366,2791,1575,0.6392579019697664,286.24347228584514,196.0,2906,0.6655978011910215,86601,31,86601,0.050415122227226015,0.006512626874978349,-8.646356858728533
Lobera,901,2024-02-09,2026-07-28,35417.0,39114.5,36689.0,27623.0,40784.0,1.1456011621265885,4450.0,5475.0,178.0,North America,Open PvP,True,2018-04-19,regular,2002-11-14,True,False,False,1050.0,84,10748,1274292,True,272.5096418732782,13328,6162,7166,0.4623349339735894,215.38062725090035,126.0,7932,0.5951380552220888,226116,84,226116,0.058943197296962624,0.047533124590917936,10.439901742101254
Luminera,329,2025-09-05,2026-07-30,41362.0,43400.5,41931.5,37286.5,45679.0,1.56419930212029,2850.0,1800.0,114.0,North America,Optional PvP,True,2017-09-05,regular,2005-07-20,False,False,False,1051.0,46,3111,575436,True,154.78236914600552,5935,3109,2826,0.5238416175231676,269.4060657118787,170.0,3969,0.6687447346251053,73895,46,73895,0.08031666553894039,0.04210027742066445,4.9284367293651155
Lutabra,309,2025-09-05,2026-07-12,37098.5,38006.0,38235.0,32550.5,42725.0,2.0584314848807233,600.0,500.0,24.0,South America,Retro Open PvP,True,2017-12-12,regular,2017-12-12,False,False,False,1053.0,3,751,83209,True,32.32506887052342,4686,1687,2999,0.3600085360648741,181.0746905676483,132.0,2712,0.5787451984635084,85440,3,85440,0.054845505617977526,0.008789794007490637,2.4461905467876077
Luzibra,333,2025-08-28,2026-07-26,14469.0,39649.5,23114.0,14048.5,39649.5,3.623783244173926,1100.0,1475.0,44.0,South America,Optional PvP,True,release,regular,2025-05-21,False,True,False,544.0,4,376,66813,False,70.78512396694215,3368,1951,1417,0.5792755344418052,103.81086698337292,45.0,1006,0.2986935866983373,12032,4,12032,0.27992021276595747,0.03125,174.0306862948372
Maligna,67,2026-05-22,2026-07-30,1169.0,12029.5,9830.5,1169.0,12897.0,6.761159529719849,1900.0,4750.0,76.0,Europe,Open PvP,True,release,blocked,2026-05-20,False,True,False,200.0,11,301,11352,False,108.0,2681,2045,636,0.762775083923909,64.36404326743752,34.0,530,0.1976874300634091,4319,11,4319,0.6207455429497569,0.06969205834683954,929.0419161676647
Menera,328,2025-09-04,2026-07-28,40293.0,43492.0,41762.5,36805.5,45819.5,1.6607662867475936,2375.0,1400.0,95.0,North America,Optional PvP,True,2017-09-05,regular,2006-07-13,False,False,False,1051.0,48,2007,391367,True,129.900826446281,5188,2742,2446,0.5285273708558211,273.6274094063223,173.0,3502,0.6750192752505783,62718,48,62718,0.08271947447303804,0.03200038266526356,7.9393443029806665
Monstera,258,2025-11-07,2026-07-22,39072.0,36667.5,37683.5,35308.5,41589.5,1.0322426325252998,700.0,837.5,28.0,North America,Retro Hardcore PvP,True,release,regular,2025-11-06,True,False,False,130.0,7,1093,150207,True,37.678030303030305,4594,2082,2512,0.4531998258598171,176.97801480191555,96.0,2270,0.4941227688289072,52201,8,52201,0.08800597689699431,0.020938296201222197,-6.15402334152334
Monza,572,2025-01-01,2026-07-26,40634.0,42392.5,40895.75,37777.0,45096.5,0.8526372259538302,1825.0,2075.0,73.0,Europe,Optional PvP,True,2018-04-19,regular,2006-07-13,True,False,False,887.0,44,2433,545105,True,193.04407713498622,5725,3095,2630,0.5406113537117904,317.64244541484715,224.0,4218,0.736768558951965,102978,44,102978,0.05559439880362796,0.02362640564003962,4.32765664222079
Mystera,323,2025-09-05,2026-07-29,1319.5,19128.0,10941.0,1169.5,24995.0,6.8121434617052525,125.0,250.0,5.0,North America,Retro Open PvP,True,release,blocked,2025-08-27,False,True,False,206.0,2,53,2478,False,17.68562874251497,1826,837,989,0.4583789704271632,51.37075575027382,29.0,240,0.1314348302300109,2320,2,2320,0.7870689655172414,0.022844827586206897,1349.6400151572566
Nefera,933,2024-01-06,2026-07-30,39871.0,43395.0,41009.5,34625.5,45286.0,0.9375811602901568,3600.0,2575.0,144.0,North America,Optional PvP,True,2018-04-19,regular,2005-05-24,True,False,False,882.0,89,5195,1020874,True,255.62809917355372,7886,4203,3683,0.5329698199340603,293.5219376109561,198.0,5566,0.7058077605883845,122315,88,122315,0.06447287740669583,0.0424723051138454,8.838504175967499
Nevia,574,2025-01-01,2026-07-28,41184.0,39021.0,38186.25,35300.0,42490.5,0.94863905202335,2600.0,4575.0,104.0,Europe,Optional PvP,True,release,regular,2023-08-28,True,False,False,1051.0,63,2120,332441,True,329.6914600550964,5453,3589,1864,0.6581698147808546,302.4032642582065,196.0,3690,0.6766917293233082,123731,63,123731,0.04407141298461986,0.017133943797431526,-5.252039627039629
Noctalia,327,2025-09-04,2026-07-29,15698.0,36373.0,20250.5,14435.5,37666.5,3.47852761350438,775.0,1000.0,31.0,Europe,Open PvP,True,release,regular,2025-02-19,False,True,False,634.0,8,353,58453,False,34.59504132231405,3071,1709,1362,0.556496255291436,109.40507977857376,48.0,933,0.3038098339303158,6776,8,6776,0.4532172373081464,0.05209563164108619,131.70467575487322
Oceanis,836,2024-04-10,2026-07-26,38875.0,43448.0,40515.5,29050.0,45208.0,2.1923764690118004,175.0,275.0,7.0,Oceania,Optional PvP,True,2024-04-10,regular,2024-04-10,False,True,False,100.0,14,479,92479,False,32.24242424242424,2496,1403,1093,0.5620993589743589,203.77884615384616,90.0,1203,0.4819711538461538,6114,14,6114,0.408243375858685,0.07834478246647039,11.763344051446945
Ombra,327,2025-09-04,2026-07-27,36548.5,39259.0,38169.5,35820.5,41376.5,0.8714922088043985,3775.0,3275.0,151.0,South America,Open PvP,True,release,regular,2018-04-10,False,False,False,1050.0,28,1928,300940,True,187.1625344352617,4931,2849,2082,0.5777732711417563,245.21881971202595,154.0,3155,0.6398296491583857,69760,28,69760,0.07068520642201835,0.027637614678899084,7.416173030356932
Opulera,84,2026-05-07,2026-07-30,10537.0,18225.5,13252.0,10370.5,18777.0,2.958403091622761,1312.5,3375.0,52.5,North America,Open PvP,True,release,blocked,2026-02-18,False,True,False,506.0,16,668,37856,False,114.6024844720497,2962,2039,923,0.6883862255232951,92.81870357866306,50.0,922,0.3112761647535449,5895,16,5895,0.502459711620017,0.11331636980491942,72.96668881085697
Ourobra,559,2025-01-01,2026-07-29,39612.5,39606.5,37690.0,32114.5,41072.5,0.863764184169181,4825.0,4050.0,193.0,South America,Open PvP,True,release,regular,2024-09-09,True,False,False,622.0,39,2354,374087,True,251.43250688705234,5208,3213,1995,0.6169354838709677,264.99366359447004,152.0,3225,0.6192396313364056,61655,39,61655,0.08447003487146217,0.038180196253345226,-0.015146733985482719
Pacera,571,2025-01-01,2026-07-28,39969.0,43248.5,40610.0,37316.5,47237.0,1.263332850077586,2675.0,2300.0,107.0,North America,Optional PvP,True,2017-09-12,regular,2004-03-30,False,False,False,1052.0,89,4116,732653,True,196.12121212121212,6888,3975,2913,0.5770905923344948,280.70746225319397,187.0,4790,0.6954123112659698,80219,88,80219,0.08586494471384584,0.051309540133883495,8.205108959443574
Peloria,875,2024-03-01,2026-07-28,34425.5,38073.5,36820.5,27082.0,40892.0,1.2681056669100381,2875.0,4625.0,115.0,Europe,Open PvP,True,2017-10-19,regular,2001-12-19,True,False,False,1050.0,68,7522,1241208,True,234.25619834710744,10371,5729,4642,0.5524057467939446,260.8915244431588,168.0,7115,0.686047632822293,171995,67,171995,0.060298264484432686,0.04373382947178697,10.596795979724337
Penumbra,322,2025-09-04,2026-07-27,1178.0,22258.0,17732.0,1178.0,28303.5,6.173955171612762,562.5,1075.0,22.5,South America,Retro Open PvP,True,release,blocked,2025-08-27,False,True,False,725.0,2,100,5677,False,61.25449101796407,3052,1626,1426,0.5327653997378768,74.66841415465268,48.0,790,0.2588466579292267,7409,2,7409,0.41193143474153054,0.01349709812390336,1789.4736842105265
Premia,174,2025-09-03,2026-07-29,35297.0,38087.5,37287.75,34798.5,40241.5,1.051451310086046,2075.0,1637.5,83.0,Europe,Open PvP,True,2017-09-05,regular,2002-04-03,False,False,True,531.0,43,2917,439538,False,105.88154269972452,5568,3071,2497,0.5515445402298851,251.086566091954,135.0,3305,0.5935704022988506,31031,43,31031,0.1794334697560504,0.09400277142212626,7.9057710286993155
Quelibra,329,2025-09-04,2026-07-29,36014.0,40004.5,38146.0,35515.5,41011.5,0.8924845402265273,6325.0,3975.0,253.0,South America,Open PvP,True,2017-12-12,regular,2017-12-12,False,False,False,1055.0,51,3075,633577,True,252.14325068870522,5564,3897,1667,0.7003953989935299,336.6996764917326,243.0,4102,0.7372393961179008,74316,50,74316,0.07486947629043544,0.041377361537219444,11.080413172655067
Quidera,574,2025-01-01,2026-07-28,39296.5,38838.0,37056.0,31359.5,40875.0,1.2533039151319119,4325.0,4125.0,173.0,North America,Open PvP,True,release,regular,2024-09-09,True,False,False,488.0,49,3909,503549,True,181.25619834710744,6755,4340,2415,0.6424870466321243,249.69252405625463,158.0,4554,0.6741672834937084,105545,49,105545,0.06400113695580084,0.037036335212468616,-1.16677057753235
Quintera,330,2025-09-04,2026-07-30,36128.5,39699.0,38156.25,35830.0,41406.5,0.8236369328863041,4900.0,3000.0,196.0,North America,Open PvP,True,2017-10-19,regular,2005-07-06,True,False,False,729.0,35,5121,744146,True,160.70798898071627,7595,4258,3337,0.5606319947333772,236.04384463462804,131.0,4605,0.6063199473337723,88055,35,88055,0.08625291011299756,0.05815683379705865,9.882779523091179
Rasteibra,575,2025-01-01,2026-07-29,39587.5,40048.0,37651.5,31708.5,41685.0,1.3571682270454037,4775.0,3875.0,191.0,South America,Open PvP,True,release,regular,2023-08-28,True,False,False,609.0,28,2201,338986,True,245.20661157024793,5248,2922,2326,0.5567835365853658,262.407012195122,149.0,3149,0.6000381097560976,88533,28,88533,0.0592773316164594,0.024860786373442672,1.163245974107996
Refugia,576,2024-12-31,2026-07-29,41711.0,43080.0,40787.75,37741.5,44941.5,0.8985285567158637,2225.0,2475.0,89.0,Europe,Optional PvP,True,2017-09-12,regular,2005-07-20,False,False,False,1050.0,51,2282,601216,True,209.45179063360882,5250,3213,2037,0.612,347.5045714285714,245.0,3867,0.7365714285714285,72450,51,72450,0.07246376811594203,0.0314975845410628,3.28210783726115
Retalia,319,2025-09-04,2026-07-22,35456.0,36875.0,36747.0,31877.0,40173.0,2.1168613283163227,350.0,625.0,14.0,Europe,Retro Hardcore PvP,True,release,regular,2023-08-28,True,False,False,380.0,7,876,139024,True,23.96969696969697,4471,2044,2427,0.4571684186982778,163.703198389622,85.0,2096,0.4687989264146723,45023,7,45023,0.09930479976900695,0.019456722119805432,4.0021435018050555
Secura,910,2024-01-29,2026-07-29,40267.5,43343.0,41142.5,35015.0,45236.5,0.8146386564755722,5687.5,6850.0,227.5,Europe,Optional PvP,True,2017-09-05,regular,2002-11-04,False,False,False,1053.0,98,4204,820374,True,492.2416666666667,7554,4479,3075,0.5929308975377283,367.8418056658723,246.0,5491,0.7268996558114906,176645,97,176645,0.04276373517506864,0.02379914517818223,7.637673061401884
Serdebra,576,2024-12-31,2026-07-29,38338.5,39380.0,37713.5,32623.0,41448.5,0.9540176466072298,4450.0,2950.0,178.0,South America,Open PvP,True,2017-05-17,regular,2016-11-22,False,False,False,1052.0,45,2877,581105,True,214.31404958677686,5542,3702,1840,0.6679898953446409,331.2549621075424,238.0,3949,0.7125586430891375,79856,45,79856,0.06939991985574033,0.0360273492286115,2.716590372601946
Solidera,576,2025-01-01,2026-07-30,38142.5,40784.0,37301.0,31904.0,41473.0,1.00068583007082,3925.0,5350.0,157.0,North America,Open PvP,True,2018-04-19,regular,2002-10-07,True,False,False,893.0,85,8494,1093696,True,222.6473829201102,11350,6254,5096,0.5510132158590308,228.73444933920703,141.0,7172,0.6318942731277533,144288,85,144288,0.07866212020403637,0.05886837436238634,6.925345742937661
Sombra,259,2025-11-07,2026-07-23,41304.0,41976.5,38812.0,33025.0,44708.5,2.056461535102178,325.0,450.0,13.0,South America,Retro Open PvP,True,release,regular,2025-11-06,True,False,False,99.0,1,724,49798,True,19.21969696969697,4107,1803,2304,0.4390065741417093,97.45945945945944,55.0,1292,0.3145848551253957,19105,1,19105,0.21496990316671027,0.037895838785658206,1.6281716056556261
Sonira,334,2025-08-29,2026-07-28,14847.5,39697.0,24428.5,14011.0,39697.0,3.4283317818390704,787.5,1175.0,31.5,Europe,Optional PvP,True,release,regular,2025-05-21,False,True,False,748.0,9,176,25454,False,54.20661157024794,3189,1840,1349,0.576983380370022,107.56036375039196,47.0,954,0.2991533396048918,8243,9,8243,0.38687371102753854,0.02135144971490962,167.36487624179153
Stralis,329,2025-08-29,2026-07-28,14022.0,39881.5,18095.0,12883.5,41771.0,5.009696296560504,125.0,200.0,5.0,Oceania,Optional PvP,True,release,regular,2024-04-10,False,True,False,127.0,3,417,33825,False,17.198347107438018,2492,932,1560,0.3739967897271268,69.24317817014446,28.0,397,0.1593097913322632,5024,3,5024,0.49601910828025475,0.0830015923566879,184.42090999857368
Talera,574,2025-01-01,2026-07-28,38476.5,38791.5,37316.0,31326.0,41138.5,1.1078793731383012,4887.5,6100.0,195.5,North America,Open PvP,True,2018-04-19,regular,2004-03-30,True,False,False,1056.0,76,8550,1181511,True,262.1570247933884,11297,6448,4849,0.570771001150748,238.0678056121094,144.0,7085,0.6271576524741082,175960,76,175960,0.06420209138440555,0.04859058877017504,0.8186815328837138
Tempestera,260,2025-11-07,2026-07-24,35074.0,36871.5,35589.25,27563.0,40759.5,2.429262053682119,350.0,550.0,14.0,North America,Retro Open PvP,True,release,regular,2025-11-06,True,False,False,154.0,12,1120,105041,True,23.984848484848484,4464,1943,2521,0.4352598566308244,144.4811827956989,82.0,2010,0.450268817204301,36867,12,36867,0.1210838961673041,0.030379472156671278,5.124878827621604
Terribra,262,2025-11-07,2026-07-27,40064.5,37459.0,37823.5,33955.0,40887.5,2.314773173268126,1925.0,1350.0,77.0,South America,Retro Hardcore PvP,True,release,regular,2025-11-06,True,False,False,211.0,13,3073,266237,True,80.03030303030303,6194,2983,3211,0.4815950920245399,176.85372941556344,66.0,2756,0.4449467226348079,99103,13,99103,0.06250063065699323,0.031008143043096577,-6.5032634876261985
Thyria,573,2025-01-01,2026-07-27,37130.0,39195.5,37062.0,31926.0,40893.0,1.1321006988452804,2900.0,3175.0,116.0,Europe,Open PvP,True,2021-12-06,regular,2005-02-16,True,False,False,770.0,64,4410,661023,True,217.38567493112947,7480,4197,3283,0.561096256684492,259.85120320855617,158.0,4794,0.6409090909090909,167626,64,167626,0.04462314915347261,0.026308567883263932,5.562887153245355
Tornabra,329,2025-09-04,2026-07-29,36964.5,40357.0,38169.0,35528.0,41611.5,0.9701553837367834,2425.0,2575.0,97.0,South America,Open PvP,True,release,regular,2023-08-23,False,True,False,1331.0,13,1012,217245,False,116.04132231404958,3768,2343,1425,0.6218152866242038,232.41507430997876,104.0,1929,0.5119426751592356,24294,13,24294,0.15510002469745615,0.04165637605993249,9.17772457357735
Unebra,331,2025-09-03,2026-07-30,31665.0,40526.5,38578.5,31250.5,45447.0,1.602851989594292,1800.0,2475.0,72.0,South America,Open PvP,True,release,regular,2024-05-15,False,True,False,947.0,9,939,231332,False,86.37741046831955,3446,2226,1220,0.6459663377829368,232.35374347069063,83.0,1616,0.4689495066744051,14501,9,14501,0.2376387835321702,0.06475415488586994,27.98515711353229
Ustebra,555,2024-12-31,2026-07-24,40871.5,38822.0,39018.0,35577.0,44483.5,1.0192399038217885,3775.0,3925.0,151.0,South America,Optional PvP,True,release,regular,2023-08-28,True,False,False,852.0,48,2843,479821,True,344.7906336088154,5668,3237,2431,0.5711009174311926,253.06298517995765,146.0,3511,0.6194424841213833,149725,49,149725,0.03785606946067791,0.018988144932376022,-5.014496654147759
Venebra,333,2025-08-29,2026-07-27,37923.5,38730.0,38999.5,36398.0,43875.0,1.09669725173536,2725.0,1900.0,109.0,South America,Optional PvP,True,release,regular,2019-02-06,False,False,False,631.0,27,1218,267267,True,150.54820936639118,4319,2426,1893,0.5617040981708729,276.4908543644362,176.0,2780,0.6436675156286177,57545,27,57545,0.0750543053262664,0.021166043965592147,2.1266497026909414
Victoris,727,2024-04-16,2026-07-29,1023.0,36682.5,14598.5,1023.0,36767.5,3.7766865485858094,575.0,1050.0,23.0,Oceania,Open PvP,True,release,regular,2024-04-10,False,True,False,432.0,20,452,68271,False,39.26721763085399,3087,1560,1527,0.5053449951409135,137.10625202461938,63.0,1225,0.3968253968253968,8860,20,8860,0.34841986455981944,0.051015801354401806,3485.777126099707
Vunira,989,2023-11-01,2026-07-27,40149.5,38889.0,36804.0,27317.5,41021.0,1.107865959583624,2975.0,3450.0,119.0,Europe,Open PvP,True,2017-10-19,regular,2003-07-15,True,False,False,1050.0,65,5435,886549,True,239.06611570247935,8362,4817,3545,0.5760583592441999,272.1113370007175,184.0,5804,0.6940923224109065,177901,64,177901,0.04700367058082866,0.030550699546376917,-3.139516058730496
Wintera,561,2024-12-31,2026-07-30,39181.0,39171.0,37305.0,32273.5,40588.5,1.3319724828273158,4800.0,5425.0,192.0,North America,Open PvP,True,2018-04-19,regular,2003-11-05,True,False,False,1023.0,81,6185,904489,True,234.9146005509642,9071,5407,3664,0.5960754051372505,254.8554734869364,161.0,6005,0.6619997795171425,141201,80,141201,0.06424175466179417,0.043802805929136476,-0.02552257471734043
Xybra,327,2025-09-04,2026-07-29,18592.5,39617.0,32031.5,15519.0,40694.5,2.8983948229651424,1025.0,1250.0,41.0,South America,Open PvP,True,release,regular,2025-02-19,False,True,False,690.0,3,606,79610,False,55.570247933884296,3522,1861,1661,0.5283929585462805,116.94520159000568,49.0,1129,0.3205565019875071,11423,3,11423,0.3083253085879366,0.05305086229536899,113.08054322979694
Xyla,575,2025-01-01,2026-07-29,38470.0,39092.0,37117.5,30655.5,40641.0,1.1823456158078707,1900.0,2525.0,76.0,Europe,Open PvP,True,release,regular,2024-09-09,True,False,False,524.0,35,1917,282765,True,135.82644628099175,5261,3244,2017,0.6166128112526136,240.7114616992967,154.0,3290,0.6253563961224102,100804,38,100804,0.052190389270267055,0.019017102495932702,1.6168442942552597
Xymera,265,2025-11-07,2026-07-29,39741.5,40431.0,37771.5,35467.0,41274.0,1.191729630585716,2400.0,3200.0,96.0,North America,Open PvP,True,release,regular,2025-11-06,True,False,False,258.0,20,1195,163816,True,103.89772727272727,4050,2676,1374,0.6607407407407407,202.8069135802469,107.0,2119,0.5232098765432098,19465,21,19465,0.20806575905471358,0.06139224248651426,1.7349621931733727
Yonabra,329,2025-09-04,2026-07-29,42131.0,43225.5,41938.0,39269.5,45728.5,1.272229771629837,4075.0,1725.0,163.0,South America,Optional PvP,True,2020-05-27,regular,2020-05-27,False,False,False,604.0,40,1681,611934,True,158.19559228650138,3921,2398,1523,0.6115786789084418,412.49298648304006,309.0,2854,0.7278755419535833,33361,38,33361,0.11753244806810348,0.050388177812415696,2.5978495644537247
Yovera,334,2025-08-29,2026-07-28,37795.0,39311.5,38212.5,35431.0,43134.0,0.9028551371044204,3025.0,2800.0,121.0,North America,Optional PvP,True,release,regular,2023-08-28,True,False,False,518.0,57,2993,364486,True,199.24242424242425,6009,3422,2587,0.5694791146613413,247.78648693626224,158.0,3926,0.6533533033782659,74141,58,74141,0.081048272885448,0.040369026584480924,4.012435507342249
Yubra,334,2025-08-28,2026-07-27,38236.5,38455.0,38766.75,34610.0,44389.5,1.3409934952330966,1375.0,1325.0,55.0,South America,Optional PvP,True,release,regular,2024-02-14,False,True,False,1347.0,9,499,127769,False,82.61707988980716,3709,2088,1621,0.5629549743866271,163.81423564303046,77.0,1644,0.4432461579940684,25600,8,25600,0.1448828125,0.0194921875,0.5714435160121933
Zuna,79,2026-05-08,2026-07-25,53004.5,49873.0,49003.5,44202.0,56843.5,4.728013074650945,100.0,75.0,4.0,Europe,Hardcore PvP,True,2025-02-18,locked,2004-06-29,True,False,False,293.0,1,182,60357,False,8.024793388429751,4248,1423,2825,0.3349811676082863,155.5677966101695,87.0,2008,0.4726930320150659,54812,1,54812,0.07750127709260746,0.003320440779391374,-5.907988944334919
Zunera,80,2026-05-07,2026-07-25,47058.0,54001.0,51647.75,46656.0,56076.0,3.823379868586705,125.0,100.0,5.0,North America,Hardcore PvP,True,2025-02-18,locked,2004-06-29,True,False,False,176.0,2,247,68068,False,10.787878787878787,4175,1342,2833,0.3214371257485029,164.29221556886228,89.0,1992,0.477125748502994,61528,2,61528,0.06785528539851775,0.004014432453517098,14.754133197330944
