world,status,snapshot_online,region,pvp_type,premium_only,transfer_type,battleye_protected,battleye_date,game_world_type,tournament_world_type,snapshot_ts_utc,created,record_online,record_date,guilds,people_in_guilds,ach_points,is_merge_destination,merge_date,predecessor_worlds,n_predecessors,first_obs,last_obs,n_world_days,created_in_window,launch_in_window,age_at_first_obs_days,age_years_at_window_end
Aethera,online,38,North America,Open PvP,False,regular,True,release,regular,,04:45,2024-10-16,376.0,2024-10-26 03:01:00,9,382,69223,False,,,,2025-09-04,2026-08-02,333,True,True,323,1.7987679671457906
Antica,online,738,Europe,Open PvP,False,regular,True,2017-08-29,regular,,04:45,1997-01-09,1100.0,2026-03-15 20:36:00,119,9641,1240835,False,,,,2023-01-11,2026-08-04,1280,False,False,9498,29.56605065023956
Astera,online,305,North America,Optional PvP,False,regular,True,2017-09-12,regular,,04:45,2005-01-25,1051.0,2009-05-31 19:40:00,82,4833,867292,False,,,,2024-05-31,2026-08-03,795,False,False,7066,21.522245037645447
Belobra,online,330,South America,Optional PvP,False,regular,True,2017-06-22,regular,,04:45,2016-12-13,1050.0,2020-05-04 02:14:00,65,2995,727117,False,,,,2024-02-09,2026-08-02,867,False,False,2614,9.639972621492129
Blumera,online,161,North America,Optional PvP,False,regular,True,release,regular,,04:45,2025-11-06,345.0,2026-03-07 23:54:00,42,1247,171161,True,2025-11-06,Esmera; Ulera; Vitera,3.0,2025-11-07,2026-07-30,266,True,False,1,0.7419575633127995
Bona,online,436,Europe,Optional PvP,False,regular,True,2018-04-19,regular,,04:45,2005-05-24,952.0,2020-05-01 20:30:00,56,2419,513284,True,2018-04-19,Guardia; Nerana; Tavara,3.0,2025-01-01,2026-08-02,573,False,False,7162,21.196440793976727
Bravoria,online,83,Europe,Optional PvP,False,regular,True,release,regular,,04:45,2024-10-16,479.0,2024-10-16 14:49:00,9,130,25564,False,,,,2025-08-28,2026-08-01,339,True,True,316,1.7987679671457906
Calmera,online,206,North America,Optional PvP,False,regular,True,2017-09-12,regular,,04:45,2003-04-17,1051.0,2009-05-30 20:40:00,64,5353,776725,False,,,,2024-04-06,2026-08-01,848,False,False,7660,23.299110198494184
Cantabra,online,81,South America,Open PvP,False,regular,True,release,regular,,04:45,2024-10-16,795.0,2024-10-28 02:35:00,9,766,189146,False,,,,2025-09-03,2026-07-29,330,True,True,322,1.7987679671457906
Celebra,online,222,South America,Optional PvP,False,regular,True,2018-10-29,regular,,04:45,2018-10-29,863.0,2020-05-04 02:53:00,35,1697,509150,False,,,,2025-09-04,2026-07-31,331,False,False,2502,7.7645448323066395
Celesta,online,422,Europe,Optional PvP,False,regular,True,2017-09-05,regular,,04:45,2004-11-24,1051.0,2009-05-27 20:20:00,64,1898,506476,False,,,,2024-12-31,2026-08-02,580,False,False,7342,21.691991786447637
Citra,online,103,Europe,Open PvP,False,regular,True,release,regular,,04:45,2025-11-06,170.0,2026-03-07 22:18:00,16,642,99261,True,2025-11-06,Jaguna; Yara,2.0,2025-11-07,2026-07-30,266,True,False,1,0.7419575633127995
Collabra,online,194,South America,Optional PvP,False,regular,True,release,regular,,04:45,2019-09-25,544.0,2022-06-06 02:29:00,23,1902,391275,True,2021-12-06,Pacembra; Serenebra,2.0,2025-08-28,2026-07-26,333,False,False,2164,6.8583162217659135
Descubra,online,236,South America,Optional PvP,False,regular,True,release,regular,,04:45,2017-12-12,900.0,2020-07-04 03:34:00,32,2163,416981,False,,,,2025-01-01,2026-08-03,578,False,False,2577,8.643394934976044
Dia,online,324,Europe,Optional PvP,False,regular,True,release,regular,,04:45,2023-02-08,1055.0,2023-03-03 21:26:00,34,822,154365,False,,,,2023-10-14,2026-08-02,1004,True,True,248,3.485284052019165
Dracobra,online,118,South America,Open PvP,False,blocked,True,release,regular,,04:45,2025-10-29,791.0,2025-10-29 17:22:00,8,1870,92150,False,,,,2026-02-01,2026-08-01,182,True,True,95,0.7638603696098563
Eclipta,online,33,Europe,Retro Open PvP,False,regular,True,release,regular,,04:45,2025-11-06,146.0,2026-01-02 21:59:00,5,954,100935,True,2025-11-06,Divina; Malivora,2.0,2025-11-07,2026-07-31,267,True,False,1,0.7419575633127995
Epoca,online,55,Europe,Retro Open PvP,False,regular,True,2018-04-19,regular,,04:45,2014-10-15,335.0,2018-05-14 20:35:00,12,1524,245817,True,2018-04-19,Chrona; Morta,2.0,2025-09-05,2026-07-31,330,False,False,3978,11.80287474332649
Escura,online,7,Europe,Retro Open PvP,False,blocked,True,release,regular,,04:45,2025-08-27,388.0,2025-08-27 20:55:00,1,409,9415,False,,,,2025-09-03,2026-07-27,328,True,True,7,0.9363449691991786
Etebra,online,135,South America,Optional PvP,False,regular,True,release,regular,,04:45,2023-02-08,1054.0,2023-02-08 16:08:00,10,549,138141,False,,,,2025-08-28,2026-07-28,335,True,True,932,3.485284052019165
Ferobra,online,273,South America,Open PvP,False,regular,True,2017-07-04,regular,,04:45,2016-11-22,1054.0,2016-11-24 01:15:00,46,5417,935086,False,,,,2025-08-29,2026-08-01,338,False,False,3202,9.697467488021903
Firmera,online,25,North America,Retro Open PvP,False,regular,True,2018-04-19,regular,,04:45,2014-10-15,1051.0,2020-07-04 02:03:00,17,1282,205283,True,2018-04-19,Eldera; Mortera,2.0,2025-09-04,2026-08-01,332,False,False,3977,11.80287474332649
Floribra,online,144,South America,Optional PvP,False,blocked,True,release,regular,,04:45,2026-05-20,200.0,2026-05-20 12:00:00,8,1261,55999,False,,,,2026-05-22,2026-08-04,75,True,True,2,0.2080766598220397
Gentebra,online,250,South America,Optional PvP,False,regular,True,2017-12-12,regular,,04:45,2017-12-12,1052.0,2020-05-04 03:24:00,49,2778,752674,False,,,,2025-01-01,2026-07-31,577,False,False,2577,8.643394934976044
Gladera,online,133,North America,Optional PvP,False,regular,True,2018-04-19,regular,,04:45,2009-11-24,961.0,2020-05-02 03:27:00,33,4615,595209,True,2018-04-19,Fidera; Magera; Veludera,3.0,2024-02-09,2026-07-31,867,False,False,5190,16.692676249144423
Gladibra,online,31,South America,Retro Open PvP,False,regular,True,release,regular,,04:45,2024-09-09,552.0,2025-01-31 01:44:00,4,1187,92593,True,2024-09-09,Guerribra; Ousabra,2.0,2025-09-05,2026-08-03,333,True,False,361,1.9000684462696784
Harmonia,online,303,Europe,Optional PvP,False,regular,True,2017-09-05,regular,,04:45,2004-03-30,1051.0,2009-05-31 19:55:00,57,2385,441967,False,,,,2024-05-31,2026-07-30,791,False,False,7367,22.34633812457221
Havera,online,237,North America,Open PvP,False,regular,True,2021-12-06,regular,,04:45,2004-10-20,585.0,2022-03-05 03:00:00,66,8670,900461,True,2021-12-06,Garnera; Impera,2.0,2025-09-04,2026-08-02,333,False,False,7624,21.78781656399726
Honbra,online,227,South America,Open PvP,False,regular,True,release,regular,,04:45,2017-04-17,1051.0,2017-07-03 04:20:00,29,1787,348696,False,,,,2025-01-01,2026-07-29,575,False,False,2816,9.297741273100616
Hostera,online,26,North America,Open PvP,False,blocked,True,release,regular,,04:45,2025-10-29,443.0,2025-11-08 04:23:00,9,334,23126,False,,,,2026-02-01,2026-07-31,181,True,True,95,0.7638603696098563
Idyllia,online,29,Europe,Optional PvP,False,blocked,True,release,regular,,04:45,2025-10-29,482.0,2025-10-29 21:06:00,5,153,10565,False,,,,2026-02-01,2026-07-27,177,True,True,95,0.7638603696098563
Ignibra,online,13,South America,Retro Open PvP,False,blocked,True,release,regular,,04:45,2026-02-18,389.0,2026-02-18 20:50:00,1,899,17022,False,,,,2026-05-07,2026-08-02,88,True,True,78,0.45722108145106094
Ignitera,online,47,North America,Open PvP,False,regular,True,release,regular,,04:45,2025-02-19,553.0,2025-02-20 02:34:00,4,269,37091,False,,,,2025-09-04,2026-08-01,332,True,True,197,1.4537987679671458
Inabra,online,290,South America,Open PvP,False,regular,True,2017-12-12,regular,,04:45,2017-12-12,1056.0,2020-06-19 03:27:00,69,5949,999920,False,,,,2024-02-09,2026-08-02,887,False,False,2250,8.643394934976044
Issobra,online,134,South America,Optional PvP,False,regular,True,release,regular,,04:45,2022-03-23,927.0,2022-03-23 15:36:00,13,1275,243207,False,,,,2025-08-28,2026-08-01,339,False,False,1254,4.3668720054757015
Jadebra,online,174,South America,Open PvP,False,regular,True,release,regular,,04:45,2023-08-28,655.0,2023-09-11 03:12:00,16,1856,309977,True,2023-08-28,Alumbra; Dibra; Ocebra,3.0,2025-09-04,2026-08-01,332,True,False,738,2.9349760438056127
Junera,online,81,North America,Optional PvP,False,blocked,True,release,regular,,04:45,2026-05-20,200.0,2026-05-20 12:00:00,14,443,17201,False,,,,2026-05-21,2026-07-26,67,True,True,1,0.2080766598220397
Kalanta,online,185,Europe,Optional PvP,False,regular,True,release,regular,,04:45,2025-11-06,347.0,2026-03-06 21:15:00,24,1140,157666,True,2025-11-06,Wadira; Zephyra,2.0,2025-11-07,2026-07-28,264,True,False,1,0.7419575633127995
Kalibra,online,222,South America,Optional PvP,False,regular,True,2017-12-12,regular,,04:45,2017-12-12,1005.0,2020-07-04 02:50:00,31,1358,474329,False,,,,2025-09-04,2026-08-02,333,False,False,2823,8.643394934976044
Kalimera,online,33,North America,Optional PvP,False,regular,True,release,regular,,04:45,2025-05-21,244.0,2025-05-22 03:04:00,6,425,33447,False,,,,2025-08-29,2026-07-30,336,True,True,100,1.2046543463381245
Kanda,online,158,Europe,Optional PvP,False,blocked,True,release,regular,,04:45,2026-02-18,923.0,2026-02-22 21:34:00,18,449,39567,False,,,,2026-05-08,2026-08-03,88,True,True,79,0.45722108145106094
Karmeya,online,291,Europe,Optional PvP,False,regular,True,release,regular,,04:45,2024-09-09,607.0,2026-03-06 20:38:00,31,564,107194,True,2024-09-09,Damora; Nadora,2.0,2025-01-01,2026-07-31,577,True,False,114,1.9000684462696784
Lobera,online,286,North America,Open PvP,False,regular,True,2018-04-19,regular,,04:45,2002-11-14,1050.0,2020-05-04 03:28:00,84,10748,1274292,True,2018-04-19,Laudera; Thera; Umera,3.0,2024-02-09,2026-08-03,907,False,False,7757,23.720739219712527
Luminera,online,189,North America,Optional PvP,False,regular,True,2017-09-05,regular,,04:45,2005-07-20,1051.0,2009-05-29 00:20:00,46,3111,575436,False,,,,2025-09-05,2026-07-30,329,False,False,7352,21.0403832991102
Lutabra,online,13,South America,Retro Open PvP,False,regular,True,2017-12-12,regular,,04:45,2017-12-12,1053.0,2019-12-24 03:23:00,3,751,83209,False,,,,2025-09-05,2026-07-12,311,False,False,2824,8.643394934976044
Luzibra,online,50,South America,Optional PvP,False,regular,True,release,regular,,04:45,2025-05-21,544.0,2025-05-21 12:00:00,4,376,66813,False,,,,2025-08-28,2026-08-03,341,True,True,99,1.2046543463381245
Maligna,online,80,Europe,Open PvP,False,blocked,True,release,regular,,04:45,2026-05-20,200.0,2026-05-20 12:00:00,11,301,11352,False,,,,2026-05-21,2026-08-03,75,True,True,1,0.2080766598220397
Menera,online,135,North America,Optional PvP,False,regular,True,2017-09-05,regular,,04:45,2006-07-13,1051.0,2009-05-31 19:35:00,48,2007,391367,False,,,,2025-09-04,2026-08-03,334,False,False,6993,20.060232717316907
Monstera,online,42,North America,Retro Hardcore PvP,False,regular,True,release,regular,,04:45,2025-11-06,130.0,2025-11-09 05:03:00,7,1093,150207,True,2025-11-06,Gravitera; Wildera,2.0,2025-11-07,2026-07-30,266,True,False,1,0.7419575633127995
Monza,online,353,Europe,Optional PvP,False,regular,True,2018-04-19,regular,,04:45,2006-07-13,887.0,2020-05-01 20:58:00,44,2433,545105,True,2018-04-19,Beneva; Candia; Olympa,3.0,2025-01-01,2026-07-31,577,False,False,6747,20.060232717316907
Mystera,online,3,North America,Retro Open PvP,False,blocked,True,release,regular,,04:45,2025-08-27,206.0,2025-09-02 05:47:00,2,53,2478,False,,,,2025-09-05,2026-07-29,328,True,True,9,0.9363449691991786
Nefera,online,302,North America,Optional PvP,False,regular,True,2018-04-19,regular,,04:45,2005-05-24,882.0,2020-05-04 02:51:00,89,5195,1020874,True,2018-04-19,Honera; Unitera,2.0,2024-01-06,2026-08-02,936,False,False,6801,21.196440793976727
Nevia,online,566,Europe,Optional PvP,False,regular,True,release,regular,,04:45,2023-08-28,1051.0,2026-03-06 19:55:00,63,2120,332441,True,2023-08-28,Famosa; Karna; Olima,3.0,2025-01-01,2026-08-03,580,True,False,492,2.9349760438056127
Noctalia,online,79,Europe,Open PvP,False,regular,True,release,regular,,04:45,2025-02-19,634.0,2025-02-19 17:21:00,8,353,58453,False,,,,2025-09-04,2026-07-29,329,True,True,197,1.4537987679671458
Oceanis,online,30,Oceania,Optional PvP,False,regular,True,2024-04-10,regular,,04:45,2024-04-10,100.0,2024-04-10 12:00:00,14,479,92479,False,,,,2024-04-10,2026-08-03,846,True,True,0,2.316221765913758
Ombra,online,181,South America,Open PvP,False,regular,True,release,regular,,04:45,2018-04-10,1050.0,2018-05-07 03:05:00,28,1928,300940,False,,,,2025-09-04,2026-08-04,335,False,False,2704,8.317590691307323
Opulera,online,59,North America,Open PvP,False,blocked,True,release,regular,,04:45,2026-02-18,506.0,2026-02-19 02:55:00,16,668,37856,False,,,,2026-05-07,2026-08-03,89,True,True,78,0.45722108145106094
Ourobra,online,231,South America,Open PvP,False,regular,True,release,regular,,04:45,2024-09-09,622.0,2025-05-03 02:31:00,39,2354,374087,True,2024-09-09,Bombra; Utobra,2.0,2025-01-01,2026-08-04,565,True,False,114,1.9000684462696784
Pacera,online,214,North America,Optional PvP,False,regular,True,2017-09-12,regular,,04:45,2004-03-30,1052.0,2009-05-28 00:30:00,89,4116,732653,False,,,,2025-01-01,2026-08-01,578,False,False,7582,22.34633812457221
Peloria,online,349,Europe,Open PvP,False,regular,True,2017-10-19,regular,,04:45,2001-12-19,1050.0,2021-03-22 21:04:00,68,7522,1241208,True,2017-10-19,Efidia; Iona; Nika; Quilia,4.0,2024-03-01,2026-08-01,879,False,False,8108,24.62422997946612
Penumbra,online,6,South America,Retro Open PvP,False,blocked,True,release,regular,,04:45,2025-08-27,725.0,2025-09-08 03:02:00,2,100,5677,False,,,,2025-09-04,2026-07-27,327,True,True,8,0.9363449691991786
Premia,online,187,Europe,Open PvP,True,regular,True,2017-09-05,regular,,04:45,2002-04-03,531.0,2013-08-08 17:30:00,43,2917,439538,False,,,,2025-09-03,2026-08-02,178,False,False,8554,24.33675564681725
Quelibra,online,277,South America,Open PvP,False,regular,True,2017-12-12,regular,,04:45,2017-12-12,1055.0,2020-06-03 00:46:00,51,3075,633577,False,,,,2025-09-04,2026-08-03,334,False,False,2823,8.643394934976044
Quidera,online,183,North America,Open PvP,False,regular,True,release,regular,,04:45,2024-09-09,488.0,2025-03-10 02:05:00,49,3909,503549,True,2024-09-09,Axera; Pulsera,2.0,2025-01-01,2026-08-03,580,True,False,114,1.9000684462696784
Quintera,online,153,North America,Open PvP,False,regular,True,2017-10-19,regular,,04:45,2005-07-06,729.0,2020-07-04 04:44:00,35,5121,744146,True,2017-10-19,Danera; Hydera; Neptera,3.0,2025-09-04,2026-08-03,334,False,False,7365,21.078713210130047
Rasteibra,online,246,South America,Open PvP,False,regular,True,release,regular,,04:45,2023-08-28,609.0,2025-07-01 02:32:00,28,2201,338986,True,2023-08-28,Xandebra; Zenobra,2.0,2025-01-01,2026-08-04,581,True,False,492,2.9349760438056127
Refugia,online,382,Europe,Optional PvP,False,regular,True,2017-09-12,regular,,04:45,2005-07-20,1050.0,2009-05-28 20:35:00,51,2282,601216,False,,,,2024-12-31,2026-08-02,580,False,False,7104,21.0403832991102
Retalia,online,39,Europe,Retro Hardcore PvP,False,regular,True,release,regular,,04:45,2023-08-28,380.0,2024-01-14 21:28:00,7,876,139024,True,2023-08-28,Bastia; Versa,2.0,2025-09-04,2026-07-30,330,True,False,738,2.9349760438056127
Secura,online,829,Europe,Optional PvP,False,regular,True,2017-09-05,regular,,04:45,2002-11-04,1053.0,2026-03-06 19:12:00,98,4204,820374,False,,,,2024-01-29,2026-08-03,915,False,False,7756,23.748117727583846
Serdebra,online,249,South America,Open PvP,False,regular,True,2017-05-17,regular,,04:45,2016-11-22,1052.0,2016-11-29 01:15:00,45,2877,581105,False,,,,2024-12-31,2026-08-04,582,False,False,2961,9.697467488021903
Solidera,online,227,North America,Open PvP,False,regular,True,2018-04-19,regular,,04:45,2002-10-07,893.0,2020-05-04 05:00:00,85,8494,1093696,True,2018-04-19,Amera; Silvera; Zanera,3.0,2025-01-01,2026-08-03,580,False,False,8122,23.824777549623544
Sombra,online,21,South America,Retro Open PvP,False,regular,True,release,regular,,04:45,2025-11-06,99.0,2025-11-28 02:22:00,1,724,49798,True,2025-11-06,Ambra; Quebra,2.0,2025-11-07,2026-07-31,267,True,False,1,0.7419575633127995
Sonira,online,67,Europe,Optional PvP,False,regular,True,release,regular,,04:45,2025-05-21,748.0,2025-05-21 14:40:00,9,176,25454,False,,,,2025-08-29,2026-07-28,334,True,True,100,1.2046543463381245
Stralis,online,13,Oceania,Optional PvP,False,regular,True,release,regular,,04:45,2024-04-10,127.0,2024-04-10 12:00:00,3,417,33825,False,,,,2025-08-29,2026-07-28,334,True,True,506,2.316221765913758
Talera,online,337,North America,Open PvP,False,regular,True,2018-04-19,regular,,04:45,2004-03-30,1056.0,2020-05-04 06:15:00,76,8550,1181511,True,2018-04-19,Fortera; Justera; Shivera,3.0,2025-01-01,2026-08-03,580,False,False,7582,22.34633812457221
Tempestera,online,19,North America,Retro Open PvP,False,regular,True,release,regular,,04:45,2025-11-06,154.0,2026-02-08 20:24:00,12,1120,105041,True,2025-11-06,Fibera; Flamera; Temera,3.0,2025-11-07,2026-08-01,268,True,False,1,0.7419575633127995
Terribra,online,113,South America,Retro Hardcore PvP,False,regular,True,release,regular,,04:45,2025-11-06,211.0,2026-03-04 01:16:00,13,3073,266237,True,2025-11-06,Jacabra; Obscubra,2.0,2025-11-07,2026-08-03,270,True,False,1,0.7419575633127995
Thyria,online,392,Europe,Open PvP,False,regular,True,2021-12-06,regular,,04:45,2005-02-16,770.0,2026-03-08 20:50:00,64,4410,661023,True,2021-12-06,Estela; Kenora,2.0,2025-01-01,2026-07-31,577,False,False,7259,21.462012320328544
Tornabra,online,134,South America,Open PvP,False,regular,True,release,regular,,04:45,2023-08-23,1331.0,2023-08-23 15:59:00,13,1012,217245,False,,,,2025-09-04,2026-08-03,334,True,True,743,2.948665297741273
Unebra,online,130,South America,Open PvP,False,regular,True,release,regular,,04:45,2024-05-15,947.0,2024-05-15 16:48:00,9,939,231332,False,,,,2025-09-03,2026-07-30,331,True,True,476,2.220396988364134
Ustebra,online,441,South America,Optional PvP,False,regular,True,release,regular,,04:45,2023-08-28,852.0,2025-05-03 01:34:00,48,2843,479821,True,2023-08-28,Reinobra; Tembra,2.0,2024-12-31,2026-07-30,561,True,False,491,2.9349760438056127
Venebra,online,193,South America,Optional PvP,False,regular,True,release,regular,,04:45,2019-02-06,631.0,2021-05-11 02:53:00,27,1218,267267,False,,,,2025-08-29,2026-08-01,338,False,False,2396,7.490759753593429
Victoris,online,18,Oceania,Open PvP,False,regular,True,release,regular,,04:45,2024-04-10,432.0,2024-04-10 13:19:00,20,452,68271,False,,,,2024-04-16,2026-07-29,736,True,True,6,2.316221765913758
Vunira,online,372,Europe,Open PvP,False,regular,True,2017-10-19,regular,,04:45,2003-07-15,1050.0,2020-05-01 22:07:00,65,5435,886549,True,2017-10-19,Rowana; Yanara; Zeluna,3.0,2023-11-01,2026-07-31,993,False,False,7414,23.055441478439427
Wintera,online,248,North America,Open PvP,False,regular,True,2018-04-19,regular,,04:45,2003-11-05,1023.0,2020-05-04 03:25:00,81,6185,904489,True,2018-04-19,Julera; Solera; Xantera,3.0,2024-12-31,2026-08-02,564,False,False,7727,22.746064339493497
Xybra,online,52,South America,Open PvP,False,regular,True,release,regular,,04:45,2025-02-19,690.0,2025-02-19 15:11:00,3,606,79610,False,,,,2025-09-04,2026-07-29,329,True,True,197,1.4537987679671458
Xyla,online,219,Europe,Open PvP,False,regular,True,release,regular,,04:45,2024-09-09,524.0,2026-03-06 20:53:00,35,1917,282765,True,2024-09-09,Castela; Kendria,2.0,2025-01-01,2026-07-29,575,True,False,114,1.9000684462696784
Xymera,online,82,North America,Open PvP,False,regular,True,release,regular,,04:45,2025-11-06,258.0,2026-03-07 05:16:00,20,1195,163816,True,2025-11-06,Runera; Vandera,2.0,2025-11-07,2026-08-03,270,True,False,1,0.7419575633127995
Yonabra,online,209,South America,Optional PvP,False,regular,True,2020-05-27,regular,,04:45,2020-05-27,604.0,2021-05-08 03:48:00,40,1681,611934,False,,,,2025-09-04,2026-08-02,333,False,False,1926,6.187542778918549
Yovera,online,210,North America,Optional PvP,False,regular,True,release,regular,,04:45,2023-08-28,518.0,2026-03-08 03:52:00,57,2993,364486,True,2023-08-28,Marbera; Optera,2.0,2025-08-29,2026-08-01,338,True,False,732,2.9349760438056127
Yubra,online,94,South America,Optional PvP,False,regular,True,release,regular,,04:45,2024-02-14,1347.0,2024-02-14 10:00:00,9,499,127769,False,,,,2025-08-28,2026-08-03,341,True,True,561,2.4695414099931554
Zuna,online,8,Europe,Hardcore PvP,False,locked,True,2025-02-18,experimental,,04:45,2004-06-29,293.0,2024-03-02 18:06:00,1,182,60357,True,2017-10-26,Aurora; Calva; Inferna,3.0,2026-05-08,2026-08-02,87,False,False,7983,22.09719370294319
Zunera,online,9,North America,Hardcore PvP,False,locked,True,2025-02-18,experimental,,04:45,2004-06-29,176.0,2017-10-31 03:05:00,2,247,68068,True,2017-10-26,Aurera; Calvera; Dolera,3.0,2026-05-07,2026-08-02,88,False,False,7982,22.09719370294319
