world,cities_total,vocations_total,voc_knight,voc_paladin,voc_elite_knight,voc_monk,voc_royal_paladin,voc_elder_druid,voc_sorcerer,voc_druid,voc_master_sorcerer,voc_exalted_monk,voc_none,gender_total,female,male,account_total,free_accounts,premium_accounts,levels_total,mean_level,median_level,chars_level_100plus,chars_level_400plus,vocgrp_druid,vocgrp_paladin,vocgrp_sorcerer,vocgrp_knight,vocgrp_monk,population,premium_share,pct_level_100plus
Aethera,2738,2738,793,378,292,247,207,188,182,180,167,85,19,2738,483,2255,2738,1317,1421,2738,131.2436084733382,50.0,893,252,368,585,349,1085,332,2738,0.5189919649379109,0.32615047479912346
Antica,12663,12663,1937,1366,1710,374,1367,1234,1359,1435,1144,485,252,12663,2447,10216,12663,5793,6870,12663,255.88320303245678,157.0,8129,2847,2669,2733,2503,3647,859,12663,0.5425254678986022,0.6419489852325673
Astera,7637,7637,1365,783,1402,263,844,659,617,677,548,449,30,7637,1815,5822,7637,3391,4246,7637,301.7299986905853,197.0,5369,2219,1336,1627,1165,2767,712,7637,0.5559774780673039,0.7030247479376719
Belobra,5776,5776,1227,533,1120,260,697,468,348,367,356,350,50,5776,1356,4420,5776,2414,3362,5776,345.8431440443213,247.0,4173,1929,835,1230,704,2347,610,5776,0.5820637119113573,0.722472299168975
Blumera,4200,4200,899,354,868,275,480,310,229,211,252,314,8,4200,1037,3163,4200,1350,2850,4200,234.63833333333332,130.0,2393,884,521,834,481,1767,589,4200,0.6785714285714286,0.5697619047619048
Bona,5884,5884,1089,528,1157,208,783,447,443,502,341,359,27,5884,1191,4693,5884,2433,3451,5884,312.7805914343984,231.0,4244,1885,949,1311,784,2246,567,5884,0.586505778382053,0.7212780421481985
Bravoria,3193,3193,1040,393,343,362,270,122,188,154,166,135,20,3193,677,2516,3193,1540,1653,3193,108.98528030065769,47.0,896,183,276,663,354,1383,497,3193,0.5176949577200125,0.28061384278108364
Calmera,8016,8016,1815,958,1116,247,722,562,777,879,425,350,165,8016,1955,6061,8016,4342,3674,8016,234.82060878243513,145.0,5046,1516,1441,1680,1202,2931,597,8016,0.4583333333333333,0.6294910179640718
Cantabra,3386,3386,980,297,498,373,302,246,189,164,198,130,9,3386,633,2753,3386,1432,1954,3386,193.26491435321913,63.0,1380,477,410,599,387,1478,503,3386,0.577082102776137,0.4075605434140579
Celebra,4336,4336,1022,405,855,236,476,313,214,256,245,298,16,4335,997,3338,4336,1857,2479,4336,359.5846402214022,275.0,3169,1572,569,881,459,1877,534,4336,0.5717250922509225,0.7308579335793358
Celesta,5046,5046,886,344,1081,201,687,427,345,347,330,372,26,5046,984,4062,5046,1834,3212,5046,376.36424891002775,276.0,3792,1909,774,1031,675,1967,573,5046,0.6365437970669837,0.751486325802616
Citra,3603,3603,1039,378,505,336,325,261,190,178,210,167,14,3603,626,2977,3603,1390,2213,3603,160.30446849847348,62.0,1440,421,439,703,400,1544,503,3603,0.61421038023869,0.3996669442131557
Collabra,4672,4672,1196,505,819,284,453,315,273,313,229,273,12,4672,1011,3661,4672,2168,2504,4672,285.3120719178082,165.0,2997,1115,628,958,502,2015,557,4672,0.535958904109589,0.6414811643835616
Descubra,5146,5146,1243,548,902,248,502,346,362,373,308,300,14,5146,1166,3980,5146,2368,2778,5146,265.59385930820054,161.0,3285,1166,719,1050,670,2145,548,5146,0.5398367664205208,0.6383598911776137
Dia,4011,4011,848,289,855,221,576,296,146,145,262,362,11,4011,826,3185,4011,1160,2851,4011,277.808526551982,178.0,2569,1014,441,865,408,1703,583,4011,0.7107953128895538,0.6404886561954625
Dracobra,4370,4370,1126,490,494,398,313,278,396,336,318,195,26,4370,835,3535,4370,1720,2650,4370,104.2162471395881,50.0,1332,231,614,803,714,1620,593,4370,0.6064073226544623,0.30480549199084667
Eclipta,4595,4595,1267,523,507,231,361,369,423,379,420,101,14,4595,755,3840,4595,2315,2280,4595,152.39695321001088,87.0,2124,377,748,884,843,1774,332,4595,0.4961915125136017,0.46224156692056584
Epoca,4630,4630,1373,512,473,160,367,385,431,423,374,94,38,4630,782,3848,4630,2511,2119,4630,182.13952483801296,106.0,2431,580,808,879,805,1846,254,4630,0.45766738660907125,0.5250539956803456
Escura,2094,2094,533,384,78,212,98,142,215,165,187,61,19,2094,315,1779,2094,1020,1074,2094,54.550143266475644,31.0,310,10,307,482,402,611,273,2094,0.5128939828080229,0.14804202483285578
Etebra,3768,3768,1115,400,604,312,312,171,252,210,178,207,7,3768,794,2974,3768,1752,2016,3768,196.52653927813162,98.0,1882,533,381,712,430,1719,519,3768,0.535031847133758,0.4994692144373673
Ferobra,7828,7828,1069,411,929,234,686,1430,775,950,1009,309,26,7828,1488,6340,7828,2967,4861,7828,301.9155595298927,201.0,5406,2007,2380,1097,1784,1998,543,7828,0.6209759836484415,0.6905978538579458
Firmera,4616,4616,1435,508,478,157,410,454,326,426,316,89,17,4616,906,3710,4616,2497,2119,4616,184.42742634315425,106.0,2413,613,880,918,642,1913,246,4616,0.45905545927209707,0.5227469670710572
Floribra,3445,3445,991,347,507,326,300,239,134,111,262,222,6,3445,812,2633,3445,552,2893,3445,74.5465892597968,36.0,761,54,350,647,396,1498,548,3445,0.8397677793904209,0.22089985486211902
Gentebra,5308,5308,1097,490,1004,218,612,448,305,366,373,352,43,5308,1184,4124,5308,2131,3177,5308,364.1145440844009,255.0,3958,1836,814,1102,678,2101,570,5308,0.5985305199698568,0.7456669178598342
Gladera,8201,8201,1828,1172,1030,264,691,446,843,986,352,287,302,8201,2013,6188,8201,4958,3243,8201,216.19436654066578,148.0,5345,1359,1432,1863,1195,2858,551,8201,0.39543958053895867,0.6517497866113888
Gladibra,5849,5849,1398,663,575,375,437,534,557,675,502,119,14,5849,996,4853,5849,3194,2655,5849,169.4841853308258,111.0,3144,604,1209,1100,1059,1973,494,5849,0.4539237476491708,0.5375277825269277
Harmonia,5775,5775,1349,521,960,213,675,402,419,505,325,355,51,5775,1479,4296,5775,2656,3119,5775,278.6995670995671,190.0,3840,1538,907,1196,744,2309,568,5775,0.5400865800865801,0.6649350649350649
Havera,11659,11659,1575,949,1258,226,854,1330,1861,1898,1137,377,194,11659,2353,9306,11659,5962,5697,11659,200.5898447551248,111.0,6278,1790,3228,1803,2998,2833,603,11659,0.4886353889698945,0.5384681362037911
Honbra,4874,4874,1126,400,794,263,506,448,329,328,391,277,12,4874,874,4000,4874,2060,2814,4874,283.088223225277,178.0,3259,1201,776,906,720,1920,540,4874,0.5773491998358637,0.6686499794829709
Hostera,2713,2713,740,330,245,338,205,172,165,176,185,152,5,2713,505,2208,2713,1162,1551,2713,87.25875414670107,46.0,732,88,348,535,350,985,490,2713,0.5716918540361223,0.2698120162182086
Idyllia,2730,2730,831,397,221,362,190,97,204,151,122,147,8,2730,574,2156,2730,1254,1476,2730,75.43956043956044,37.0,586,75,248,587,326,1052,509,2730,0.5406593406593406,0.21465201465201464
Ignibra,2542,2542,616,415,105,226,83,162,380,261,227,53,14,2542,415,2127,2542,1109,1433,2542,49.590086546026754,28.0,270,25,423,498,607,721,279,2542,0.5637293469708891,0.10621557828481511
Ignitera,3044,3044,878,381,306,359,204,166,197,202,169,162,20,3044,598,2446,3044,1528,1516,3044,105.5607752956636,53.0,975,157,368,585,366,1184,521,3044,0.4980289093298292,0.3203022339027595
Inabra,8239,8239,1083,535,1082,250,737,1215,870,1241,837,352,37,8239,1559,6680,8239,3510,4729,8239,303.7383177570093,222.0,5771,2136,2456,1272,1707,2165,602,8239,0.5739774244447141,0.7004490836266537
Issobra,3966,3966,1111,367,668,267,366,216,277,254,179,254,7,3966,924,3042,3966,1755,2211,3966,219.15380736258194,105.0,2063,686,470,733,456,1779,521,3966,0.5574886535552194,0.5201714573877962
Jadebra,4925,4925,1114,403,822,254,488,529,265,334,395,299,22,4925,940,3985,4925,1903,3022,4925,264.3539086294416,155.0,3087,1155,863,891,660,1936,553,4925,0.6136040609137056,0.6268020304568528
Junera,2555,2555,692,292,292,316,231,162,115,105,184,164,2,2555,656,1899,2555,481,2074,2555,58.29236790606654,32.0,407,13,267,523,299,984,480,2555,0.8117416829745597,0.15929549902152643
Kalanta,4031,4031,933,401,758,271,469,277,210,159,262,286,5,4031,893,3138,4031,1242,2789,4031,203.668320516001,100.0,2019,680,436,870,472,1691,557,4031,0.6918878690151328,0.500868270900521
Kalibra,4365,4365,961,309,918,244,521,326,236,275,271,292,12,4365,900,3465,4365,1720,2645,4365,392.7860252004582,317.0,3400,1752,601,830,507,1879,536,4365,0.6059564719358533,0.7789232531500573
Kalimera,2805,2805,818,352,304,345,197,126,162,142,164,186,9,2805,681,2124,2805,1248,1557,2805,90.47736185383245,40.0,632,137,268,549,326,1122,531,2805,0.5550802139037433,0.22531194295900178
Kanda,3594,3594,1088,391,470,364,315,188,187,120,225,230,16,3594,670,2924,3594,992,2602,3594,99.49693934335002,50.0,1208,132,308,706,412,1558,594,3594,0.7239844184752365,0.3361157484696717
Karmeya,4366,4366,954,387,868,237,559,292,257,254,225,317,16,4366,902,3464,4366,1575,2791,4366,286.24347228584514,196.0,2906,1235,546,946,482,1822,554,4366,0.6392579019697664,0.6655978011910215
Lobera,13328,13328,2266,1483,1496,261,1096,1242,1531,1785,1043,434,691,13328,2559,10769,13328,7166,6162,13328,215.38062725090035,126.0,7932,2140,3027,2579,2574,3762,695,13328,0.46233493397358943,0.5951380552220888
Luminera,5935,5935,1227,647,1030,220,606,453,517,528,344,335,28,5935,1447,4488,5935,2826,3109,5935,269.4060657118787,170.0,3969,1376,981,1253,861,2257,555,5935,0.5238416175231676,0.6687447346251053
Lutabra,4686,4686,1439,601,355,280,286,310,460,554,308,76,17,4686,811,3875,4686,2999,1687,4686,181.0746905676483,132.0,2712,490,864,887,768,1794,356,4686,0.3600085360648741,0.5787451984635084
Luzibra,3368,3368,1088,384,419,363,227,168,180,163,161,199,16,3368,690,2678,3368,1417,1951,3368,103.81086698337292,45.0,1006,193,331,611,341,1507,562,3368,0.5792755344418052,0.2986935866983373
Maligna,2681,2681,748,322,288,344,210,183,117,89,225,151,4,2681,556,2125,2681,636,2045,2681,64.36404326743752,34.0,530,14,272,532,342,1036,495,2681,0.762775083923909,0.19768743006340916
Menera,5188,5188,1130,456,892,217,547,385,418,516,302,304,21,5188,1230,3958,5188,2446,2742,5188,273.6274094063223,173.0,3502,1269,901,1003,720,2022,521,5188,0.5285273708558211,0.6750192752505783
Monstera,4594,4594,1395,537,444,326,332,289,446,426,295,85,19,4594,786,3808,4594,2512,2082,4594,176.97801480191555,96.0,2270,588,715,869,741,1839,411,4594,0.45319982585981716,0.49412276882890727
Monza,5725,5725,1176,619,1023,235,697,412,408,492,324,311,28,5725,1240,4485,5725,2630,3095,5725,317.64244541484715,224.0,4218,1676,904,1316,732,2199,546,5725,0.5406113537117904,0.736768558951965
Mystera,1826,1826,514,310,79,199,72,98,214,174,92,60,14,1826,342,1484,1826,989,837,1826,51.37075575027382,29.0,240,14,272,382,306,593,259,1826,0.4583789704271632,0.13143483023001096
Nefera,7886,7886,1471,901,1376,207,879,606,635,767,492,460,92,7886,1754,6132,7886,3683,4203,7886,293.5219376109561,198.0,5566,2134,1373,1780,1127,2847,667,7886,0.5329698199340603,0.7058077605883845
Nevia,5453,5453,1049,522,1086,262,777,435,255,259,371,422,15,5453,1152,4301,5453,1864,3589,5453,302.4032642582065,196.0,3690,1617,694,1299,626,2135,684,5453,0.6581698147808546,0.6766917293233082
Noctalia,3071,3071,879,404,287,372,245,174,196,172,186,147,9,3071,537,2534,3071,1362,1709,3071,109.40507977857375,48.0,933,203,346,649,382,1166,519,3071,0.556496255291436,0.30380983393031585
Oceanis,2496,2496,610,306,385,251,237,165,137,142,135,112,16,2496,502,1994,2496,1093,1403,2496,203.77884615384616,90.0,1203,444,307,543,272,995,363,2496,0.5620993589743589,0.48197115384615385
Ombra,4931,4931,1176,422,714,262,419,547,297,345,457,281,11,4931,954,3977,4931,2082,2849,4931,245.21881971202595,154.0,3155,986,892,841,754,1890,543,4931,0.5777732711417563,0.6398296491583857
Opulera,2962,2962,758,331,341,314,231,216,141,166,252,204,8,2962,580,2382,2962,923,2039,2962,92.81870357866306,50.0,922,84,382,562,393,1099,518,2962,0.6883862255232951,0.3112761647535449
Ourobra,5208,5208,1092,424,893,289,514,534,357,368,428,298,11,5208,946,4262,5208,1995,3213,5208,264.99366359447004,152.0,3225,1191,902,938,785,1985,587,5208,0.6169354838709677,0.6192396313364056
Pacera,6888,6888,1247,655,1307,209,792,584,549,605,459,414,67,6888,1640,5248,6888,2913,3975,6888,280.70746225319397,187.0,4790,1813,1189,1447,1008,2554,623,6888,0.5770905923344948,0.6954123112659698
Peloria,10371,10371,1525,1087,1330,221,1119,1322,1078,1217,1010,373,89,10371,1999,8372,10371,4642,5729,10371,260.8915244431588,168.0,7115,2507,2539,2206,2088,2855,594,10371,0.5524057467939446,0.686047632822293
Penumbra,3052,3052,827,397,205,327,179,240,236,228,280,115,18,3052,495,2557,3052,1426,1626,3052,74.66841415465268,48.0,790,32,468,576,516,1032,442,3052,0.5327653997378768,0.25884665792922673
Premia,5568,5568,1091,433,818,223,548,486,532,633,433,328,43,5568,1196,4372,5568,2497,3071,5568,251.086566091954,135.0,3305,1183,1119,981,965,1909,551,5568,0.5515445402298851,0.5935704022988506
Quelibra,5564,5564,866,348,965,244,647,900,267,343,657,314,13,5564,1085,4479,5564,1667,3897,5564,336.6996764917326,243.0,4102,1805,1243,995,924,1831,558,5564,0.7003953989935299,0.7372393961179008
Quidera,6755,6755,1126,618,1068,245,702,950,438,514,710,373,11,6755,1517,5238,6755,2415,4340,6755,249.69252405625463,158.0,4554,1408,1464,1320,1148,2194,618,6755,0.6424870466321243,0.6741672834937084
Quintera,7595,7595,1205,546,924,228,620,988,891,1076,780,324,13,7595,1624,5971,7595,3337,4258,7595,236.04384463462804,131.0,4605,1461,2064,1166,1671,2129,552,7595,0.5606319947333772,0.6063199473337723
Rasteibra,5248,5248,1070,378,837,250,511,424,326,327,389,312,424,5248,912,4336,5248,2326,2922,5248,262.407012195122,149.0,3149,1252,751,889,715,1907,562,5248,0.5567835365853658,0.6000381097560976
Refugia,5250,5250,962,455,1055,216,684,431,356,381,341,347,22,5250,1218,4032,5250,2037,3213,5250,347.5045714285714,245.0,3867,1801,812,1139,697,2017,563,5250,0.612,0.7365714285714285
Retalia,4471,4471,1321,524,348,287,332,289,494,400,358,89,29,4471,732,3739,4471,2427,2044,4471,163.703198389622,85.0,2096,487,689,856,852,1669,376,4471,0.4571684186982778,0.46879892641467236
Secura,7554,7554,1231,730,1401,229,1041,675,597,639,500,432,79,7554,1718,5836,7554,3075,4479,7554,367.84180566587236,246.0,5491,2723,1314,1771,1097,2632,661,7554,0.5929308975377283,0.7268996558114906
Serdebra,5542,5542,946,317,950,228,615,767,353,407,616,324,19,5542,1053,4489,5542,1840,3702,5542,331.2549621075424,238.0,3949,1745,1174,932,969,1896,552,5542,0.6679898953446409,0.7125586430891375
Solidera,11350,11350,1459,865,1342,274,1005,1535,1403,1780,1237,386,64,11350,2239,9111,11350,5096,6254,11350,228.73444933920706,141.0,7172,2067,3315,1870,2640,2801,660,11350,0.5510132158590308,0.6318942731277533
Sombra,4107,4107,1294,498,323,280,228,270,409,409,308,59,29,4107,626,3481,4107,2304,1803,4107,97.45945945945945,55.0,1292,126,679,726,717,1617,339,4107,0.4390065741417093,0.3145848551253957
Sonira,3189,3189,957,393,304,414,226,137,186,140,168,248,16,3189,587,2602,3189,1349,1840,3189,107.56036375039197,47.0,954,186,277,619,354,1261,662,3189,0.576983380370022,0.2991533396048918
Stralis,2492,2492,863,434,168,280,112,70,206,198,80,61,20,2492,544,1948,2492,1560,932,2492,69.24317817014446,28.0,397,83,268,546,286,1031,341,2492,0.3739967897271268,0.15930979133226325
Talera,11297,11297,1516,950,1330,231,1039,1689,1302,1594,1137,372,137,11297,2258,9039,11297,4849,6448,11297,238.0678056121094,144.0,7085,2261,3283,1989,2439,2846,603,11297,0.570771001150748,0.6271576524741082
Tempestera,4464,4464,1262,541,424,189,331,384,417,523,305,64,24,4464,735,3729,4464,2521,1943,4464,144.4811827956989,82.0,2010,307,907,872,722,1686,253,4464,0.4352598566308244,0.45026881720430106
Terribra,6194,6194,1561,479,517,391,380,477,903,686,495,115,190,6194,959,5235,6194,3211,2983,6194,176.85372941556344,66.0,2756,797,1163,859,1398,2078,506,6194,0.4815950920245399,0.4449467226348079
Thyria,7480,7480,1226,693,1145,255,813,681,658,648,627,351,383,7480,1409,6071,7480,3283,4197,7480,259.85120320855617,158.0,4794,1682,1329,1506,1285,2371,606,7480,0.561096256684492,0.6409090909090909
Tornabra,3768,3768,967,321,644,315,354,292,192,220,257,192,14,3768,664,3104,3768,1425,2343,3768,232.41507430997876,104.0,1929,732,512,675,449,1611,507,3768,0.6218152866242038,0.5119426751592356
Unebra,3446,3446,929,289,570,327,331,281,149,137,252,174,7,3446,641,2805,3446,1220,2226,3446,232.35374347069066,83.0,1616,677,418,620,401,1499,501,3446,0.6459663377829368,0.4689495066744051
Ustebra,5668,5668,1373,542,991,326,631,388,365,348,357,331,16,5668,1172,4496,5668,2431,3237,5668,253.06298517995765,146.0,3511,1158,736,1173,722,2364,657,5668,0.5711009174311926,0.6194424841213833
Venebra,4319,4319,1167,370,756,236,436,257,272,285,215,316,9,4319,1016,3303,4319,1893,2426,4319,276.4908543644362,176.0,2780,1046,542,806,487,1923,552,4319,0.5617040981708729,0.6436675156286177
Victoris,3087,3087,895,349,361,348,260,185,189,161,182,142,15,3087,579,2508,3087,1527,1560,3087,137.10625202461938,63.0,1225,261,346,609,371,1256,490,3087,0.5053449951409135,0.3968253968253968
Vunira,8362,8362,1396,733,1285,250,956,838,748,769,794,407,186,8362,1649,6713,8362,3545,4817,8362,272.1113370007175,184.0,5804,1894,1607,1689,1542,2681,657,8362,0.5760583592441999,0.6940923224109065
Wintera,9071,9071,1297,682,1208,247,953,1288,935,1153,875,385,48,9071,1803,7268,9071,3664,5407,9071,254.8554734869364,161.0,6005,2079,2441,1635,1810,2505,632,9071,0.5960754051372505,0.6619997795171425
Xybra,3522,3522,1136,414,358,399,228,166,223,216,187,176,19,3522,628,2894,3522,1661,1861,3522,116.94520159000568,49.0,1129,232,382,642,410,1494,575,3522,0.5283929585462805,0.3205565019875071
Xyla,5261,5261,1094,537,829,249,613,460,361,413,394,295,16,5261,1016,4245,5261,2017,3244,5261,240.7114616992967,154.0,3290,1093,873,1150,755,1923,544,5261,0.6166128112526136,0.6253563961224102
Xymera,4050,4050,870,311,696,308,385,474,235,232,333,199,7,4050,840,3210,4050,1374,2676,4050,202.8069135802469,107.0,2119,678,706,696,568,1566,507,4050,0.6607407407407407,0.5232098765432098
Yonabra,3921,3921,910,311,803,237,433,338,155,211,226,290,7,3921,909,3012,3921,1523,2398,3921,412.49298648304006,309.0,2854,1627,549,744,381,1713,527,3921,0.6115786789084418,0.7278755419535833
Yovera,6009,6009,1307,626,1065,287,653,447,423,414,378,381,28,6009,1409,4600,6009,2587,3422,6009,247.78648693626226,158.0,3926,1312,861,1279,801,2372,668,6009,0.5694791146613413,0.6533533033782659
Yubra,3709,3709,1106,384,582,330,335,178,229,196,167,192,10,3709,827,2882,3709,1621,2088,3709,163.81423564303046,77.0,1644,395,374,719,396,1688,522,3709,0.5629549743866271,0.44324615799406847
Zuna,4248,4248,1517,741,375,63,299,159,455,432,140,19,48,4248,816,3432,4248,2825,1423,4248,155.5677966101695,87.0,2008,329,591,1040,595,1892,82,4248,0.3349811676082863,0.4726930320150659
Zunera,4175,4175,1546,683,413,57,271,162,408,463,113,13,46,4175,741,3434,4175,2833,1342,4175,164.29221556886228,89.0,1992,374,625,954,521,1959,70,4175,0.32143712574850297,0.477125748502994
